[20:34:47][INFO][系统] 自启动注册表写入状态: OK
[20:36:15][INFO][系统] 自启动注册表写入状态: OK
[20:36:38][INFO][配置] 已保存服务器连接: FTP服务器
[20:36:41][INFO][FTP浏览] 正在连接 10.50.1.205:7121 (ftp) ...
[20:36:41][INFO][FTP浏览] FTP 登录成功: 10.50.1.205
[20:37:46][INFO][同步项目开发记录] 正在连接 10.50.1.205:7121 (ftp) ...
[20:37:46][INFO][同步项目开发记录] 任务已启动
[20:37:46][INFO][同步项目开发记录] FTP 登录成功: 10.50.1.205
[20:37:46][INFO][同步项目开发记录] 服务器连接成功: 10.50.1.205
[20:37:47][INFO][同步项目开发记录] MKD lics_test 已存在
[20:37:47][INFO][同步项目开发记录] MKD lics_test/code 已存在
[20:37:47][INFO][同步项目开发记录] MKD lics_test/code/ftptest_root 已存在
[20:37:47][INFO][同步项目开发记录] MKD lics_test/code/ftptest_root/pagination 已存在
[20:37:47][INFO][同步项目开发记录] 上传成功: code/ftptest_root/pagination/file_27.txt
[20:37:47][INFO][同步项目开发记录] MKD lics_test/code/build-autoUploadFiles-CLI 已存在
[20:37:47][INFO][同步项目开发记录] MKD lics_test/code/build-autoUploadFiles-CLI/release 已存在
[20:37:47][INFO][同步项目开发记录] 上传成功: code/build-autoUploadFiles-CLI/release/moc_synctask.cpp
[20:37:47][INFO][同步项目开发记录] 上传成功: code/build-autoUploadFiles-CLI/Makefile
[20:37:48][INFO][同步项目开发记录] 上传成功: code/build-autoUploadFiles-CLI/release/Qt5Core.dll
[20:37:48][INFO][同步项目开发记录] MKD lics_test/code/test_taskdialog 已存在
[20:37:48][INFO][同步项目开发记录] MKD lics_test/code/test_taskdialog/release 已存在
[20:37:48][INFO][同步项目开发记录] 上传成功: code/test_taskdialog/release/moc_predefs.h
[20:37:48][INFO][同步项目开发记录] MKD lics_test/code/autoFtpSync 已存在
[20:37:48][INFO][同步项目开发记录] 上传成功: code/autoFtpSync/ftpclient.cpp
[20:37:48][INFO][同步项目开发记录] 上传成功: code/ftptest_root/pagination/file_45.txt
[20:37:48][INFO][同步项目开发记录] MKD lics_test/code/test_ftpclient 已存在
[20:37:48][INFO][同步项目开发记录] MKD lics_test/code/test_ftpclient/release 已存在
[20:37:48][INFO][同步项目开发记录] 上传成功: code/test_ftpclient/release/test_ftpclient.exe
[20:37:48][INFO][同步项目开发记录] MKD lics_test/code/test_synctask 已存在
[20:37:48][INFO][同步项目开发记录] 上传成功: code/test_synctask/main.cpp
[20:37:48][INFO][同步项目开发记录] 上传成功: code/test_taskdialog/release/taskdialog.o
[20:37:48][INFO][同步项目开发记录] MKD lics_test/code/build-autoUploadFiles-CLI/release/imageformats 已存在
[20:37:48][INFO][同步项目开发记录] 上传成功: code/build-autoUploadFiles-CLI/release/imageformats/qwebp.dll
[20:37:48][INFO][同步项目开发记录] 上传成功: code/build-autoUploadFiles-Desktop_Qt_5_14_2_MinGW_32_bit-Release/autoFtpSync_resource.rc
[20:37:48][INFO][同步项目开发记录] MKD lics_test/docs 已存在
[20:37:48][INFO][同步项目开发记录] 上传成功: docs/软件设计文档.md
[20:37:48][INFO][同步项目开发记录] MKD lics_test/code/build-autoUploadFiles-Desktop_Qt_5_14_2_MinGW_32_bit-Debug 已存在
[20:37:48][INFO][同步项目开发记录] MKD lics_test/code/build-autoUploadFiles-Desktop_Qt_5_14_2_MinGW_32_bit-Debug/debug 已存在
[20:37:49][INFO][同步项目开发记录] 上传成功: code/build-autoUploadFiles-Desktop_Qt_5_14_2_MinGW_32_bit-Debug/debug/moc_ftpclient.o
[20:37:49][INFO][同步项目开发记录] 上传成功: code/gen_icon.py
[20:37:49][INFO][同步项目开发记录] 上传成功: code/ftptest_root/pagination/file_38.txt
[20:37:49][INFO][同步项目开发记录] 上传成功: code/build-autoUploadFiles-Desktop_Qt_5_14_2_MinGW_32_bit-Debug/Makefile.Debug
[20:37:49][INFO][同步项目开发记录] MKD lics_test/code/test_browseops 已存在
[20:37:49][INFO][同步项目开发记录] MKD lics_test/code/test_browseops/release 已存在
[20:37:49][INFO][同步项目开发记录] 上传成功: code/test_browseops/release/ftpclient.o
[20:37:49][INFO][同步项目开发记录] 上传成功: output/imageformats/qjpeg.dll
[20:37:49][INFO][同步项目开发记录] 上传成功: code/autoFtpSync/synctask.h
[20:37:49][INFO][同步项目开发记录] 上传成功: code/build-autoUploadFiles-Desktop_Qt_5_14_2_MinGW_32_bit-Release/release/moc_predefs.h
[20:37:49][INFO][同步项目开发记录] 上传成功: code/build-autoUploadFiles-CLI/release/qrc_icons.cpp
[20:37:49][INFO][同步项目开发记录] 上传成功: code/build-autoUploadFiles-CLI/release/libwinpthread-1.dll
[20:37:49][INFO][同步项目开发记录] MKD lics_test/code/build-sym 已存在
[20:37:49][INFO][同步项目开发记录] MKD lics_test/code/build-sym/debug 已存在
[20:37:49][INFO][同步项目开发记录] 上传成功: code/build-sym/debug/mainwindow.o
[20:37:49][INFO][同步项目开发记录] 上传成功: code/build-sym/debug/moc_mainwindow.cpp
[20:37:49][INFO][同步项目开发记录] 上传成功: code/test_taskdialog/ui_taskdialog.h
[20:37:49][INFO][同步项目开发记录] 上传成功: code/build-autoUploadFiles-CLI/release/imageformats/qtga.dll
[20:37:49][INFO][同步项目开发记录] 上传成功: code/ftptest_root/pagination/file_3.txt
[20:37:49][INFO][同步项目开发记录] 上传成功: code/build-sym/gdb_out.txt
[20:37:49][INFO][同步项目开发记录] 上传成功: output/log/2026-08-10.log
[20:37:49][INFO][同步项目开发记录] 上传成功: code/build-autoUploadFiles-Desktop_Qt_5_14_2_MinGW_32_bit-Debug/gdb_cmds.txt
[20:37:49][INFO][同步项目开发记录] 上传成功: code/test_browseops/release/moc_predefs.h
[20:37:49][INFO][同步项目开发记录] 上传成功: code/build-autoUploadFiles-Desktop_Qt_5_14_2_MinGW_32_bit-Release/release/taskdialog.o
[20:37:49][INFO][同步项目开发记录] 上传成功: code/build-autoUploadFiles-CLI/Makefile.Release
[20:37:49][INFO][同步项目开发记录] 上传成功: code/ftptest_root/pagination/file_58.txt
[20:37:49][INFO][同步项目开发记录] 上传成功: code/build-autoUploadFiles-CLI/release/imageformats/qgif.dll
[20:37:49][INFO][同步项目开发记录] 上传成功: code/ftptest_root/pagination/file_49.txt
[20:37:49][INFO][同步项目开发记录] 上传成功: output/translations/qt_fr.qm
[20:37:49][INFO][同步项目开发记录] 上传成功: code/build-autoUploadFiles-Desktop_Qt_5_14_2_MinGW_32_bit-Debug/debug/moc_taskdialog.o
[20:37:49][INFO][同步项目开发记录] 上传成功: code/test_taskdialog/test_taskdialog.pro
[20:37:49][INFO][同步项目开发记录] 上传成功: code/ftptest_root/pagination/file_29.txt
[20:37:49][INFO][同步项目开发记录] 上传成功: code/build-autoUploadFiles-CLI/release/mainwindow.o
[20:37:49][INFO][同步项目开发记录] 上传成功: output/libgcc_s_dw2-1.dll
[20:37:49][INFO][同步项目开发记录] 上传成功: code/build-autoUploadFiles-Desktop_Qt_5_14_2_MinGW_32_bit-Debug/debug/moc_webserver.cpp
[20:37:49][INFO][同步项目开发记录] 上传成功: code/build-autoUploadFiles-Desktop_Qt_5_14_2_MinGW_32_bit-Debug/debug/synctask.o
[20:37:49][INFO][同步项目开发记录] 上传成功: code/build-autoUploadFiles-Desktop_Qt_5_14_2_MinGW_32_bit-Debug/Makefile
[20:37:49][INFO][同步项目开发记录] 上传成功: code/build-autoUploadFiles-Desktop_Qt_5_14_2_MinGW_32_bit-Release/release/autoFtpSync_resource_res.o
[20:37:49][INFO][同步项目开发记录] 上传成功: code/test_taskdialog/gdb_cmds.txt
[20:37:49][INFO][同步项目开发记录] 上传成功: code/test_taskdialog/release/main.o
[20:37:49][INFO][同步项目开发记录] 上传成功: code/build-sym/Makefile.Release
[20:37:49][INFO][同步项目开发记录] 上传成功: code/build-autoUploadFiles-Desktop_Qt_5_14_2_MinGW_32_bit-Release/release/qrc_icons.o
[20:37:49][INFO][同步项目开发记录] 上传成功: code/ftptest_root/pagination/file_31.txt
[20:37:49][INFO][同步项目开发记录] 上传成功: code/build-autoUploadFiles-Desktop_Qt_5_14_2_MinGW_32_bit-Debug/autoFtpSync_resource.rc
[20:37:49][INFO][同步项目开发记录] 上传成功: code/autoFtpSync/mainwindow.cpp
[20:37:49][INFO][同步项目开发记录] 上传成功: code/ftptest_root/pagination/file_18.txt
[20:37:49][INFO][同步项目开发记录] 上传成功: code/build-autoUploadFiles-Desktop_Qt_5_14_2_MinGW_32_bit-Debug/debug/moc_taskdialog.cpp
[20:37:49][INFO][同步项目开发记录] 上传成功: code/test_ftpclient/test_out.txt
[20:37:49][INFO][同步项目开发记录] MKD lics_test/code/autoFtpSync/icons 已存在
[20:37:49][INFO][同步项目开发记录] 上传成功: code/autoFtpSync/icons/app.ico
[20:37:50][INFO][同步项目开发记录] 上传成功: output/libGLESv2.dll
[20:37:50][INFO][同步项目开发记录] 上传成功: code/test_taskdialog/release/test_taskdialog.exe
[20:37:50][INFO][同步项目开发记录] 上传成功: output/libEGL.dll
[20:37:50][INFO][同步项目开发记录] 上传成功: output/Qt5Network.dll
[20:37:50][INFO][同步项目开发记录] 上传成功: code/ftptest_root/pagination/file_12.txt
[20:37:50][INFO][同步项目开发记录] 上传成功: code/build-autoUploadFiles-Desktop_Qt_5_14_2_MinGW_32_bit-Debug/debug/moc_synctask.cpp
[20:37:50][INFO][同步项目开发记录] MKD lics_test/code/build-sym/debug/log 已存在
[20:37:50][INFO][同步项目开发记录] 上传成功: code/build-sym/debug/log/2026-08-10.log
[20:37:50][INFO][同步项目开发记录] 上传成功: code/test_browseops/release/moc_ftpclient.cpp
[20:37:50][INFO][同步项目开发记录] MKD lics_test/code/build-sym/debug/config 已存在
[20:37:50][INFO][同步项目开发记录] 上传成功: code/build-sym/debug/config/config.json
[20:37:50][INFO][同步项目开发记录] 上传成功: code/build-autoUploadFiles-CLI/release/libgcc_s_dw2-1.dll
[20:37:51][INFO][同步项目开发记录] 上传成功: code/build-autoUploadFiles-CLI/release/libstdc++-6.dll
[20:37:51][INFO][Web] Web 远程管理已启动: http://本机IP:8899/?token={9bdc57e6a3ab4033a19dacb3ead5f193}
[20:37:51][INFO][同步项目开发记录] 上传成功: code/build-autoUploadFiles-Desktop_Qt_5_14_2_MinGW_32_bit-Debug/debug/mainwindow.o
[20:37:51][INFO][同步项目开发记录] 上传成功: code/build-autoUploadFiles-Desktop_Qt_5_14_2_MinGW_32_bit-Debug/debug/moc_ftpclient.cpp
[20:37:52][INFO][同步项目开发记录] 上传成功: output/Qt5Gui.dll
[20:37:52][INFO][同步项目开发记录] 上传成功: code/build-autoUploadFiles-Desktop_Qt_5_14_2_MinGW_32_bit-Release/release/moc_webserver.o
[20:37:52][INFO][同步项目开发记录] 上传成功: code/build-sym/debug/moc_taskdialog.o
[20:37:52][INFO][同步项目开发记录] 上传成功: code/build-autoUploadFiles-CLI/object_script.autoFtpSync.Debug
[20:37:52][INFO][同步项目开发记录] 上传成功: code/test_ftpclient/Makefile.Debug.Release
[20:37:52][INFO][同步项目开发记录] 上传成功: code/test_browseops/release/dl_hello.txt
[20:37:52][INFO][同步项目开发记录] 上传成功: code/build-autoUploadFiles-CLI/release/moc_ftpclient.o
[20:37:52][INFO][同步项目开发记录] MKD lics_test/code/test_synctask/release 已存在
[20:37:52][INFO][同步项目开发记录] 上传成功: code/test_synctask/release/moc_ftpclient.o
[20:37:52][INFO][同步项目开发记录] 上传成功: code/build-autoUploadFiles-Desktop_Qt_5_14_2_MinGW_32_bit-Release/release/moc_taskdialog.cpp
[20:37:52][INFO][同步项目开发记录] 上传成功: code/build-sym/Makefile.Debug
[20:37:52][INFO][同步项目开发记录] 上传成功: code/ftptest_root/pagination/file_4.txt
[20:37:52][INFO][同步项目开发记录] 上传成功: output/imageformats/qsvg.dll
[20:37:52][INFO][同步项目开发记录] MKD lics_test/code/build-autoUploadFiles-CLI/release/log 已存在
[20:37:52][INFO][同步项目开发记录] 上传成功: code/build-autoUploadFiles-CLI/release/log/2026-08-10.log
[20:37:52][INFO][同步项目开发记录] 上传成功: code/ftptest_root/pagination/file_30.txt
[20:37:52][INFO][同步项目开发记录] 上传成功: code/test_browseops/Makefile.Release
[20:37:52][INFO][同步项目开发记录] 上传成功: code/ftptest_root/pagination/file_47.txt
[20:37:52][INFO][同步项目开发记录] 上传成功: code/build-autoUploadFiles-Desktop_Qt_5_14_2_MinGW_32_bit-Debug/debug/moc_mainwindow.o
[20:37:52][INFO][同步项目开发记录] 上传成功: code/ftptest_root/pagination/file_8.txt
[20:37:52][INFO][同步项目开发记录] 上传成功: code/test_taskdialog/main.cpp
[20:37:52][INFO][同步项目开发记录] 上传成功: code/build-autoUploadFiles-Desktop_Qt_5_14_2_MinGW_32_bit-Debug/ui_mainwindow.h
[20:37:53][INFO][同步项目开发记录] 上传成功: code/build-autoUploadFiles-Desktop_Qt_5_14_2_MinGW_32_bit-Debug/debug/autoFtpSync.exe
[20:37:53][INFO][同步项目开发记录] 上传成功: code/build-autoUploadFiles-Desktop_Qt_5_14_2_MinGW_32_bit-Release/release/moc_ftpclient.cpp
[20:37:53][INFO][同步项目开发记录] 上传成功: code/test_taskdialog/release/moc_taskdialog.o
[20:37:53][INFO][同步项目开发记录] 上传成功: code/build-sym/debug/moc_mainwindow.o
[20:37:53][INFO][同步项目开发记录] 上传成功: output/imageformats/qicns.dll
[20:37:53][INFO][同步项目开发记录] 上传成功: code/test_browseops/release/moc_ftpclient.o
[20:37:53][INFO][同步项目开发记录] 上传成功: code/ftptest_root/pagination/file_59.txt
[20:37:53][INFO][同步项目开发记录] 上传成功: output/translations/qt_gd.qm
[20:37:53][INFO][同步项目开发记录] 上传成功: code/build-autoUploadFiles-CLI/release/moc_taskdialog.o
[20:37:53][INFO][同步项目开发记录] 上传成功: code/build-autoUploadFiles-CLI/release/moc_synctask.o
[20:37:53][INFO][同步项目开发记录] 上传成功: code/build-autoUploadFiles-CLI/release/synctask.o
[20:37:53][INFO][同步项目开发记录] 上传成功: code/build-autoUploadFiles-CLI/release/moc_webserver.o
[20:37:53][INFO][同步项目开发记录] 上传成功: code/build-autoUploadFiles-CLI/release/main.o
[20:37:53][INFO][同步项目开发记录] 上传成功: code/test_ftpclient/Makefile
[20:37:53][INFO][同步项目开发记录] 上传成功: code/test_synctask/Makefile.Release
[20:37:53][INFO][同步项目开发记录] 上传成功: code/autoFtpSync/mainwindow.ui
[20:37:53][INFO][同步项目开发记录] 上传成功: output/translations/qt_uk.qm
[20:37:53][INFO][同步项目开发记录] 上传成功: code/build-autoUploadFiles-Desktop_Qt_5_14_2_MinGW_32_bit-Debug/debug/config.ini
[20:37:53][INFO][同步项目开发记录] 上传成功: code/ftptest_root/pagination/file_56.txt
[20:37:53][INFO][同步项目开发记录] 上传成功: code/build-sym/debug/synctask.o
[20:37:53][INFO][同步项目开发记录] MKD lics_test/code/test_synctask/test_local 已存在
[20:37:53][INFO][同步项目开发记录] 上传成功: code/test_synctask/test_local/hello.txt
[20:37:53][INFO][同步项目开发记录] 上传成功: output/config/config.json
[20:37:53][INFO][同步项目开发记录] 上传成功: code/build-autoUploadFiles-Desktop_Qt_5_14_2_MinGW_32_bit-Release/release/mainwindow.o
[20:37:53][INFO][同步项目开发记录] 上传成功: code/test_ftpclient/test_ftpclient.pro
[20:37:54][INFO][系统] 自启动注册表写入状态: OK
[20:37:54][INFO][系统] 已启用开机自启动
[20:37:54][INFO][同步项目开发记录] 上传成功: code/build-autoUploadFiles-CLI/release/Qt5Widgets.dll
[20:37:54][INFO][同步项目开发记录] 上传成功: code/ftptest_root/pagination/file_44.txt
[20:37:54][INFO][同步项目开发记录] 上传成功: code/build-autoUploadFiles-Desktop_Qt_5_14_2_MinGW_32_bit-Debug/debug/taskdialog.o
[20:37:54][INFO][同步项目开发记录] 上传成功: code/build-sym/debug/moc_taskdialog.cpp
[20:37:54][INFO][同步项目开发记录] 上传成功: code/build-autoUploadFiles-CLI/release/moc_webserver.cpp
[20:37:54][INFO][同步项目开发记录] 上传成功: code/test_browseops/Makefile.Debug
[20:37:54][INFO][同步项目开发记录] 上传成功: code/test_ftpclient/release/moc_ftpclient.o
[20:37:54][INFO][同步项目开发记录] 上传成功: output/libstdc++-6.dll
[20:37:54][INFO][同步项目开发记录] 上传成功: code/ftptest_root/pagination/file_41.txt
[20:37:54][INFO][同步项目开发记录] 上传成功: output/Qt5Svg.dll
[20:37:54][INFO][同步项目开发记录] 上传成功: code/build-autoUploadFiles-Desktop_Qt_5_14_2_MinGW_32_bit-Release/release/moc_mainwindow.o
[20:37:55][INFO][同步项目开发记录] 上传成功: code/build-autoUploadFiles-Desktop_Qt_5_14_2_MinGW_32_bit-Debug/debug/moc_webserver.o
[20:37:55][INFO][同步项目开发记录] 上传成功: code/build-autoUploadFiles-Desktop_Qt_5_14_2_MinGW_32_bit-Debug/debug/autoUploadFiles.exe
[20:37:55][INFO][同步项目开发记录] 上传成功: code/test_ftpclient/Makefile.Debug
[20:37:55][INFO][同步项目开发记录] 上传成功: code/test_synctask/Makefile.Debug
[20:37:55][INFO][同步项目开发记录] 上传成功: output/translations/qt_ar.qm
[20:37:55][INFO][同步项目开发记录] 上传成功: code/ftpserver_test.py
[20:37:55][INFO][同步项目开发记录] 上传成功: code/ftptest_root/pagination/file_50.txt
[20:37:55][INFO][同步项目开发记录] 上传成功: code/build-autoUploadFiles-Desktop_Qt_5_14_2_MinGW_32_bit-Debug/debug/configmanager.o
[20:37:55][INFO][同步项目开发记录] 上传成功: code/ftptest_root/pagination/file_17.txt
[20:37:55][INFO][同步项目开发记录] 上传成功: code/build-sym/Makefile
[20:37:55][INFO][同步项目开发记录] 上传成功: code/ftptest_root/pagination/file_10.txt
[20:37:56][INFO][同步项目开发记录] 上传成功: code/build-autoUploadFiles-CLI/release/Qt5Gui.dll
[20:37:56][INFO][同步项目开发记录] 上传成功: code/test_browseops/main.cpp
[20:37:56][INFO][同步项目开发记录] 上传成功: code/build-autoUploadFiles-Desktop_Qt_5_14_2_MinGW_32_bit-Release/release/synctask.o
[20:37:56][INFO][同步项目开发记录] 上传成功: output/imageformats/qwbmp.dll
[20:37:56][INFO][同步项目开发记录] 上传成功: output/translations/qt_en.qm
[20:37:56][INFO][同步项目开发记录] 上传成功: code/build-autoUploadFiles-CLI/release/autoFtpSync.exe
[20:37:56][INFO][同步项目开发记录] 上传成功: output/translations/qt_ko.qm
[20:37:56][INFO][同步项目开发记录] 上传成功: code/build-sym/debug/moc_synctask.cpp
[20:37:56][INFO][同步项目开发记录] 上传成功: output/imageformats/qgif.dll
[20:37:56][INFO][同步项目开发记录] 上传成功: output/translations/qt_it.qm
[20:37:57][INFO][同步项目开发记录] 上传成功: code/build-autoUploadFiles-CLI/release/imageformats/qwbmp.dll
[20:37:57][INFO][同步项目开发记录] 上传成功: code/build-autoUploadFiles-CLI/ui_mainwindow.h
[20:37:57][INFO][同步项目开发记录] 上传成功: code/build-autoUploadFiles-Desktop_Qt_5_14_2_MinGW_32_bit-Debug/.qmake.stash
[20:37:57][INFO][同步项目开发记录] 上传成功: code/ftptest_root/pagination/file_39.txt
[20:37:57][INFO][同步项目开发记录] 上传成功: code/build-autoUploadFiles-CLI/release/Qt5Network.dll
[20:37:57][INFO][同步项目开发记录] 上传成功: code/build-autoUploadFiles-CLI/object_script.autoFtpSync.Release
[20:37:57][INFO][同步项目开发记录] 上传成功: code/test_ftpclient/release/test_main.o
[20:37:57][INFO][同步项目开发记录] 上传成功: output/iconengines/qsvgicon.dll
[20:37:57][INFO][同步项目开发记录] 上传成功: code/build-autoUploadFiles-Desktop_Qt_5_14_2_MinGW_32_bit-Debug/debug/main.o
[20:37:57][INFO][同步项目开发记录] 上传成功: code/build-autoUploadFiles-Desktop_Qt_5_14_2_MinGW_32_bit-Debug/debug/autoFtpSync_resource_res.o
[20:37:57][INFO][同步项目开发记录] MKD lics_test/code/build-autoUploadFiles-CLI/release/config 已存在
[20:37:57][INFO][同步项目开发记录] 上传成功: code/build-autoUploadFiles-CLI/release/config/config.json
[20:37:57][INFO][同步项目开发记录] 上传成功: code/build-autoUploadFiles-Desktop_Qt_5_14_2_MinGW_32_bit-Debug/gdb_out.txt
[20:37:57][INFO][同步项目开发记录] 上传成功: code/build-autoUploadFiles-Desktop_Qt_5_14_2_MinGW_32_bit-Release/release/autoFtpSync.exe
[20:37:57][INFO][同步项目开发记录] 上传成功: code/test_synctask/release/moc_synctask.cpp
[20:37:57][INFO][同步项目开发记录] 上传成功: code/autoFtpSync/webserver.h
[20:37:57][INFO][同步项目开发记录] 上传成功: code/autoFtpSync/icons.qrc
[20:37:57][INFO][同步项目开发记录] 上传成功: code/ftptest_root/pagination/file_54.txt
[20:37:57][INFO][同步项目开发记录] 上传成功: code/ftptest_root/pagination/file_15.txt
[20:37:57][INFO][同步项目开发记录] 上传成功: code/build-autoUploadFiles-Desktop_Qt_5_14_2_MinGW_32_bit-Debug/debug/ftpclient.o
[20:37:57][INFO][同步项目开发记录] 上传成功: code/ftptest_root/pagination/file_21.txt
[20:37:57][INFO][同步项目开发记录] 上传成功: output/imageformats/qtga.dll
[20:37:57][INFO][同步项目开发记录] 上传成功: output/translations/qt_cs.qm
[20:37:57][INFO][同步项目开发记录] 上传成功: code/autoFtpSync/taskdialog.ui
[20:37:57][INFO][同步项目开发记录] 上传成功: code/build-autoUploadFiles-Desktop_Qt_5_14_2_MinGW_32_bit-Release/object_script.autoFtpSync.Release
[20:37:57][INFO][同步项目开发记录] 上传成功: code/test_ftpclient/release/moc_predefs.h
[20:37:57][INFO][同步项目开发记录] 上传成功: code/build-autoUploadFiles-CLI/.qmake.stash
[20:37:57][INFO][同步项目开发记录] 上传成功: code/test_synctask/release/test_synctask.exe
[20:37:57][INFO][同步项目开发记录] 上传成功: code/ftptest_root/pagination/file_36.txt
[20:37:57][INFO][同步项目开发记录] 上传成功: code/autoFtpSync/mainwindow.h
[20:37:57][INFO][同步项目开发记录] 上传成功: code/ftptest_root/pagination/file_40.txt
[20:37:57][INFO][同步项目开发记录] 上传成功: code/test_browseops/test_browseops.pro
[20:37:57][INFO][同步项目开发记录] 上传成功: code/build-sym/gdb_cmds.txt
[20:37:57][INFO][同步项目开发记录] 上传成功: code/test_browseops/.qmake.stash
[20:37:57][INFO][同步项目开发记录] 上传成功: code/build-autoUploadFiles-CLI/ui_taskdialog.h
[20:37:57][INFO][同步项目开发记录] 上传成功: code/test_synctask/.qmake.stash
[20:37:57][INFO][同步项目开发记录] 上传成功: output/imageformats/qtiff.dll
[20:37:57][INFO][同步项目开发记录] 上传成功: code/build-autoUploadFiles-CLI/autoFtpSync_resource.rc
[20:37:57][INFO][同步项目开发记录] MKD lics_test/code/build-autoUploadFiles-Desktop_Qt_5_14_2_MinGW_32_bit-Debug/debug/log 已存在
[20:37:58][INFO][同步项目开发记录] 上传成功: code/build-autoUploadFiles-Desktop_Qt_5_14_2_MinGW_32_bit-Debug/debug/log/2026-08-10.log
[20:37:58][INFO][同步项目开发记录] 上传成功: code/build-sym/debug/moc_synctask.o
[20:37:58][INFO][同步项目开发记录] 上传成功: code/build-autoUploadFiles-Desktop_Qt_5_14_2_MinGW_32_bit-Release/Makefile
[20:37:58][INFO][同步项目开发记录] 上传成功: code/test_browseops/release/main.o
[20:37:58][INFO][同步项目开发记录] 上传成功: code/build-autoUploadFiles-CLI/release/imageformats/qjpeg.dll
[20:37:58][INFO][同步项目开发记录] 上传成功: code/test_synctask/test_out.txt
[20:37:58][INFO][同步项目开发记录] 上传成功: code/ftptest_root/pagination/file_23.txt
[20:37:58][INFO][同步项目开发记录] 上传成功: code/build-autoUploadFiles-Desktop_Qt_5_14_2_MinGW_32_bit-Release/release/log/2026-08-10.log
[20:37:58][INFO][同步项目开发记录] 上传成功: code/build-autoUploadFiles-Desktop_Qt_5_14_2_MinGW_32_bit-Release/release/moc_mainwindow.cpp
[20:37:58][INFO][同步项目开发记录] 上传成功: code/build-autoUploadFiles-CLI/release/ftpclient.o
[20:37:58][INFO][同步项目开发记录] 上传成功: code/test_taskdialog/Makefile.Debug
[20:37:58][INFO][同步项目开发记录] 上传成功: code/ftptest_root/pagination/file_11.txt
[20:37:58][INFO][同步项目开发记录] 上传成功: code/ftptest_root/pagination/file_19.txt
[20:37:58][INFO][同步项目开发记录] 上传成功: output/imageformats/qwebp.dll
[20:37:58][INFO][同步项目开发记录] 上传成功: code/build-autoUploadFiles-Desktop_Qt_5_14_2_MinGW_32_bit-Release/Makefile.Release
[20:37:58][INFO][同步项目开发记录] 上传成功: output/bearer/qgenericbearer.dll
[20:37:58][INFO][同步项目开发记录] MKD lics_test/code/build-autoUploadFiles-Desktop_Qt_5_14_2_MinGW_32_bit-Debug/debug/config 已存在
[20:37:58][INFO][同步项目开发记录] 上传成功: code/build-autoUploadFiles-Desktop_Qt_5_14_2_MinGW_32_bit-Debug/debug/config/config.json
[20:37:58][INFO][同步项目开发记录] 上传成功: code/build-autoUploadFiles-Desktop_Qt_5_14_2_MinGW_32_bit-Debug/debug/moc_mainwindow.cpp
[20:37:58][INFO][同步项目开发记录] 上传成功: code/ftptest_root/pagination/file_51.txt
[20:37:58][INFO][同步项目开发记录] 上传成功: code/build-autoUploadFiles-Desktop_Qt_5_14_2_MinGW_32_bit-Debug/debug/webserver.o
[20:37:58][INFO][同步项目开发记录] 上传成功: code/autoFtpSync/main.cpp
[20:37:58][INFO][同步项目开发记录] 上传成功: code/build-autoUploadFiles-Desktop_Qt_5_14_2_MinGW_32_bit-Release/Makefile.Debug
[20:37:58][INFO][同步项目开发记录] 上传成功: code/build-autoUploadFiles-CLI/release/qrc_icons.o
[20:37:58][INFO][同步项目开发记录] 上传成功: code/build-autoUploadFiles-Desktop_Qt_5_14_2_MinGW_32_bit-Release/release/qrc_icons.cpp
[20:37:58][INFO][同步项目开发记录] 上传成功: code/build-sym/debug/moc_predefs.h
[20:37:58][INFO][同步项目开发记录] 上传成功: code/build-autoUploadFiles-Desktop_Qt_5_14_2_MinGW_32_bit-Release/release/webserver.o
[20:37:58][INFO][同步项目开发记录] MKD lics_test/code/test_ftpclient/debug 已存在
[20:37:58][INFO][同步项目开发记录] 上传成功: code/test_ftpclient/debug/moc_ftpclient.cpp
[20:37:58][INFO][同步项目开发记录] 上传成功: code/test_taskdialog/release/moc_taskdialog.cpp
[20:37:58][INFO][同步项目开发记录] 上传成功: output/platforms/qwindows.dll
[20:37:58][INFO][同步项目开发记录] 上传成功: code/test_taskdialog/Makefile.Release
[20:37:58][INFO][同步项目开发记录] 上传成功: code/build-autoUploadFiles-Desktop_Qt_5_14_2_MinGW_32_bit-Debug/debug/qrc_icons.cpp
[20:37:58][INFO][同步项目开发记录] 上传成功: code/ftptest_root/pagination/file_25.txt
[20:37:58][INFO][同步项目开发记录] 上传成功: code/build-autoUploadFiles-Desktop_Qt_5_14_2_MinGW_32_bit-Release/release/moc_webserver.cpp
[20:37:58][INFO][同步项目开发记录] MKD lics_test/code/build-autoUploadFiles-CLI/release/styles 已存在
[20:37:58][INFO][同步项目开发记录] 上传成功: code/build-autoUploadFiles-CLI/release/styles/qwindowsvistastyle.dll
[20:37:58][INFO][同步项目开发记录] 上传成功: code/test_taskdialog/Makefile
[20:37:59][INFO][同步项目开发记录] 上传成功: code/test_ftpclient/debug/test_ftpclient.exe
[20:37:59][INFO][同步项目开发记录] 上传成功: code/build-autoUploadFiles-Desktop_Qt_5_14_2_MinGW_32_bit-Debug/object_script.autoUploadFiles.Debug
[20:37:59][INFO][同步项目开发记录] 上传成功: code/ftptest_root/pagination/file_55.txt
[20:37:59][INFO][同步项目开发记录] 上传成功: code/test_synctask/release/main.o
[20:37:59][INFO][同步项目开发记录] 上传成功: output/translations/qt_lv.qm
[20:37:59][INFO][同步项目开发记录] 上传成功: code/ftptest_root/pagination/file_48.txt
[20:37:59][INFO][同步项目开发记录] 上传成功: code/autoFtpSync/synctask.cpp
[20:37:59][INFO][同步项目开发记录] 上传成功: code/build-autoUploadFiles-Desktop_Qt_5_14_2_MinGW_32_bit-Release/release/main.o
[20:37:59][INFO][同步项目开发记录] 上传成功: code/build-autoUploadFiles-CLI/release/imageformats/qtiff.dll
[20:37:59][INFO][同步项目开发记录] 上传成功: code/test_synctask/release/moc_synctask.o
[20:37:59][INFO][同步项目开发记录] 上传成功: code/autoFtpSync/configmanager.h
[20:37:59][INFO][同步项目开发记录] 上传成功: code/test_ftpclient/gdb_cmds.txt
[20:37:59][INFO][同步项目开发记录] 上传成功: code/test_ftpclient/release/ftpclient.o
[20:37:59][INFO][同步项目开发记录] 上传成功: code/build-sym/debug/taskdialog.o
[20:37:59][INFO][同步项目开发记录] 上传成功: code/ftptest_root/pagination/file_2.txt
[20:37:59][INFO][同步项目开发记录] 上传成功: code/ftptest_root/pagination/file_20.txt
[20:37:59][INFO][同步项目开发记录] 上传成功: code/ftptest_root/pagination/file_28.txt
[20:37:59][INFO][同步项目开发记录] 上传成功: code/test_taskdialog/.qmake.stash
[20:37:59][INFO][同步项目开发记录] 上传成功: code/build-autoUploadFiles-Desktop_Qt_5_14_2_MinGW_32_bit-Debug/ui_taskdialog.h
[20:37:59][INFO][同步项目开发记录] 上传成功: code/ftptest_root/pagination/file_26.txt
[20:37:59][INFO][同步项目开发记录] MKD lics_test/code/build-autoUploadFiles-Desktop_Qt_5_14_2_MinGW_32_bit-Debug/debug/sync_meta 已存在
[20:37:59][INFO][同步项目开发记录] 上传成功: code/build-autoUploadFiles-Desktop_Qt_5_14_2_MinGW_32_bit-Debug/debug/sync_meta/sync_meta_b03e7536-2774-4c1b-b2a0-f0df1594270a.json
[20:38:00][INFO][同步项目开发记录] 上传成功: output/opengl32sw.dll
[20:38:00][INFO][同步项目开发记录] 上传成功: output/translations/qt_ca.qm
[20:38:00][INFO][同步项目开发记录] 上传成功: code/build-autoUploadFiles-CLI/release/moc_ftpclient.cpp
[20:38:00][INFO][同步项目开发记录] 上传成功: code/build-autoUploadFiles-CLI/release/webserver.o
[20:38:00][INFO][同步项目开发记录] 上传成功: code/build-autoUploadFiles-CLI/release/moc_mainwindow.cpp
[20:38:00][INFO][同步项目开发记录] 上传成功: code/build-autoUploadFiles-Desktop_Qt_5_14_2_MinGW_32_bit-Release/release/ftpclient.o
[20:38:00][INFO][同步项目开发记录] 上传成功: code/build-autoUploadFiles-Desktop_Qt_5_14_2_MinGW_32_bit-Debug/debug/qrc_icons.o
[20:38:00][INFO][同步项目开发记录] 上传成功: output/libwinpthread-1.dll
[20:38:00][INFO][同步项目开发记录] 上传成功: output/translations/qt_fi.qm
[20:38:00][INFO][同步项目开发记录] 上传成功: code/autoFtpSync/taskdialog.h
[20:38:01][INFO][同步项目开发记录] 上传成功: code/ftptest_root/pagination/file_24.txt
[20:38:01][INFO][同步项目开发记录] 上传成功: code/test_synctask/release/ftpclient.o
[20:38:01][INFO][同步项目开发记录] 上传成功: code/build-autoUploadFiles-Desktop_Qt_5_14_2_MinGW_32_bit-Debug/debug/moc_synctask.o
[20:38:01][INFO][同步项目开发记录] 上传成功: code/build-autoUploadFiles-Desktop_Qt_5_14_2_MinGW_32_bit-Release/release/moc_synctask.o
[20:38:01][INFO][同步项目开发记录] 上传成功: docs/功能清单.md
[20:38:01][INFO][同步项目开发记录] 上传成功: code/build-autoUploadFiles-CLI/object_script.autoUploadFiles.Debug
[20:38:01][INFO][同步项目开发记录] 上传成功: output/translations/qt_zh_TW.qm
[20:38:01][INFO][同步项目开发记录] MKD lics_test/code/build-autoUploadFiles-CLI/release/platforms 已存在
[20:38:01][INFO][同步项目开发记录] 上传成功: code/build-autoUploadFiles-CLI/release/platforms/qwindows.dll
[20:38:01][INFO][同步项目开发记录] 上传成功: code/build-sym/debug/main.o
[20:38:01][INFO][同步项目开发记录] 上传成功: code/test_synctask/Makefile
[20:38:01][INFO][同步项目开发记录] 上传成功: code/test_browseops/release/test_browseops.exe
[20:38:01][INFO][同步项目开发记录] 上传成功: code/build-autoUploadFiles-Desktop_Qt_5_14_2_MinGW_32_bit-Release/object_script.autoFtpSync.Debug
[20:38:01][INFO][同步项目开发记录] 上传成功: code/build-autoUploadFiles-CLI/object_script.autoUploadFiles.Release
[20:38:01][INFO][同步项目开发记录] 上传成功: code/build-autoUploadFiles-Desktop_Qt_5_14_2_MinGW_32_bit-Release/release/configmanager.o
[20:38:01][INFO][同步项目开发记录] 上传成功: code/test_ftpclient/debug/test_main.o
[20:38:01][INFO][同步项目开发记录] 上传成功: code/ftptest_root/pagination/file_42.txt
[20:38:01][INFO][同步项目开发记录] 上传成功: code/autoFtpSync/taskdialog.cpp
[20:38:01][INFO][同步项目开发记录] 上传成功: code/build-autoUploadFiles-Desktop_Qt_5_14_2_MinGW_32_bit-Debug/debug/sync_meta/sync_meta_bf5b9240-bf94-4f82-b5e8-6679b033b217.json
[20:38:01][INFO][同步项目开发记录] 上传成功: code/ftptest_root/pagination/file_14.txt
[20:38:01][INFO][同步项目开发记录] 上传成功: output/translations/qt_ru.qm
[20:38:01][INFO][同步项目开发记录] 上传成功: code/build-autoUploadFiles-Desktop_Qt_5_14_2_MinGW_32_bit-Release/ui_taskdialog.h
[20:38:01][INFO][同步项目开发记录] MKD lics_test/code/ftptest_root/web 已存在
[20:38:01][INFO][同步项目开发记录] MKD lics_test/code/ftptest_root/web/assets 已存在
[20:38:01][INFO][同步项目开发记录] MKD lics_test/code/ftptest_root/web/assets/deep 已存在
[20:38:01][INFO][同步项目开发记录] 上传成功: code/ftptest_root/web/assets/deep/hello.txt
[20:38:01][INFO][同步项目开发记录] 上传成功: code/build-autoUploadFiles-CLI/Makefile.Debug
[20:38:01][INFO][同步项目开发记录] 上传成功: code/autoFtpSync/autoFtpSync.pro
[20:38:01][INFO][同步项目开发记录] 上传成功: output/styles/qwindowsvistastyle.dll
[20:38:01][INFO][同步项目开发记录] 上传成功: code/ftptest_root/pagination/file_6.txt
[20:38:01][INFO][同步项目开发记录] 上传成功: code/build-autoUploadFiles-CLI/release/imageformats/qsvg.dll
[20:38:01][INFO][同步项目开发记录] 上传成功: code/ftptest_root/web/hello.txt
[20:38:01][INFO][同步项目开发记录] 上传成功: output/translations/qt_de.qm
[20:38:01][INFO][同步项目开发记录] 上传成功: code/ftptest_root/pagination/file_13.txt
[20:38:01][INFO][同步项目开发记录] MKD lics_test/code/test_synctask/release/sync_meta 已存在
[20:38:01][INFO][同步项目开发记录] 上传成功: code/test_synctask/release/sync_meta/sync_meta_test-task.json
[20:38:01][INFO][同步项目开发记录] 上传成功: code/build-autoUploadFiles-Desktop_Qt_5_14_2_MinGW_32_bit-Debug/object_script.autoFtpSync.Debug
[20:38:01][INFO][同步项目开发记录] 上传成功: code/autoFtpSync/autoFtpSync.pro.user
[20:38:01][INFO][同步项目开发记录] 上传成功: code/test_synctask/release/moc_ftpclient.cpp
[20:38:02][INFO][同步项目开发记录] 上传成功: code/build-autoUploadFiles-Desktop_Qt_5_14_2_MinGW_32_bit-Debug/Makefile.Release
[20:38:02][INFO][同步项目开发记录] 上传成功: output/translations/qt_es.qm
[20:38:02][INFO][同步项目开发记录] 上传成功: code/ftptest_root/pagination/file_60.txt
[20:38:02][INFO][同步项目开发记录] 上传成功: output/translations/qt_bg.qm
[20:38:02][INFO][同步项目开发记录] 上传成功: code/build-autoUploadFiles-CLI/release/imageformats/qicns.dll
[20:38:02][INFO][同步项目开发记录] 上传成功: code/build-autoUploadFiles-Desktop_Qt_5_14_2_MinGW_32_bit-Debug/object_script.autoUploadFiles.Release
[20:38:02][INFO][同步项目开发记录] 上传成功: output/translations/qt_pl.qm
[20:38:02][INFO][同步项目开发记录] 上传成功: code/build-autoUploadFiles-CLI/release/moc_predefs.h
[20:38:02][INFO][同步项目开发记录] 上传成功: code/test_ftpclient/debug/moc_predefs.h
[20:38:02][INFO][同步项目开发记录] 上传成功: code/build-sym/object_script.autoUploadFiles.Release
[20:38:02][INFO][同步项目开发记录] 上传成功: code/build-sym/debug/ftpclient.o
[20:38:02][INFO][同步项目开发记录] 上传成功: code/ftptest_root/pagination/file_1.txt
[20:38:02][INFO][同步项目开发记录] 上传成功: code/build-autoUploadFiles-CLI/release/autoUploadFiles.exe
[20:38:02][INFO][同步项目开发记录] 上传成功: code/ftptest_root/pagination/file_57.txt
[20:38:02][INFO][同步项目开发记录] 上传成功: code/test_ftpclient/Makefile.Release
[20:38:02][INFO][同步项目开发记录] 上传成功: output/autoFtpSync.exe
[20:38:02][INFO][同步项目开发记录] 上传成功: code/build-autoUploadFiles-CLI/release/moc_taskdialog.cpp
[20:38:02][INFO][同步项目开发记录] 上传成功: code/build-sym/debug/moc_ftpclient.o
[20:38:02][INFO][同步项目开发记录] 上传成功: code/build-sym/debug/configmanager.o
[20:38:02][INFO][同步项目开发记录] 上传成功: code/build-sym/.qmake.stash
[20:38:02][INFO][同步项目开发记录] 上传成功: code/ftptest_root/pagination/file_32.txt
[20:38:02][INFO][同步项目开发记录] MKD lics_test/code/build-autoUploadFiles-CLI/release/sync_meta 已存在
[20:38:02][INFO][同步项目开发记录] 上传成功: code/build-autoUploadFiles-CLI/release/sync_meta/sync_meta_t-log-test.json
[20:38:02][INFO][同步项目开发记录] 上传成功: code/ftptest_root/pagination/file_43.txt
[20:38:02][INFO][同步项目开发记录] 上传成功: code/build-sym/object_script.autoUploadFiles.Debug
[20:38:02][INFO][同步项目开发记录] 上传成功: code/test_synctask/release/moc_predefs.h
[20:38:02][INFO][同步项目开发记录] 上传成功: code/test_ftpclient/Makefile.Debug.Debug
[20:38:02][INFO][同步项目开发记录] 上传成功: code/test_ftpclient/debug/moc_ftpclient.o
[20:38:02][INFO][同步项目开发记录] 上传成功: code/test_synctask/release/synctask.o
[20:38:02][INFO][同步项目开发记录] 上传成功: code/build-autoUploadFiles-CLI/release/configmanager.o
[20:38:02][INFO][同步项目开发记录] 上传成功: code/build-autoUploadFiles-Desktop_Qt_5_14_2_MinGW_32_bit-Debug/debug/moc_predefs.h
[20:38:02][INFO][同步项目开发记录] 上传成功: code/build-sym/debug/moc_ftpclient.cpp
[20:38:02][INFO][同步项目开发记录] 上传成功: code/test_synctask/test_synctask.pro
[20:38:02][INFO][同步项目开发记录] 上传成功: docs/需求设计文档.md
[20:38:02][INFO][同步项目开发记录] 上传成功: code/autoFtpSync/webserver.cpp
[20:38:02][INFO][同步项目开发记录] 上传成功: code/autoFtpSync/ftpclient.h
[20:38:02][INFO][同步项目开发记录] 上传成功: code/test_ftpclient/release/upload_test.txt
[20:38:02][INFO][同步项目开发记录] 上传成功: code/build-autoUploadFiles-CLI/release/taskdialog.o
[20:38:02][INFO][同步项目开发记录] 上传成功: code/ftptest_root/pagination/file_52.txt
[20:38:02][INFO][同步项目开发记录] 上传成功: code/build-autoUploadFiles-Desktop_Qt_5_14_2_MinGW_32_bit-Debug/object_script.autoFtpSync.Release
[20:38:02][INFO][同步项目开发记录] 上传成功: code/test_ftpclient/debug/ftpclient.o
[20:38:02][INFO][同步项目开发记录] 上传成功: code/build-autoUploadFiles-Desktop_Qt_5_14_2_MinGW_32_bit-Release/ui_mainwindow.h
[20:38:02][INFO][同步项目开发记录] 上传成功: code/ftptest_root/pagination/file_34.txt
[20:38:03][INFO][同步项目开发记录] 上传成功: code/ftptest_root/pagination/file_5.txt
[20:38:03][INFO][同步项目开发记录] 上传成功: code/test_ftpclient/test_main.cpp
[20:38:03][INFO][同步项目开发记录] 上传成功: code/ftptest_root/pagination/file_35.txt
[20:38:03][INFO][同步项目开发记录] 上传成功: code/build-autoUploadFiles-CLI/release/autoFtpSync_resource_res.o
[20:38:03][INFO][同步项目开发记录] 上传成功: code/ftptest_root/pagination/file_7.txt
[20:38:03][INFO][同步项目开发记录] 上传成功: code/autoFtpSync/configmanager.cpp
[20:38:03][INFO][同步项目开发记录] 上传成功: code/ftptest_root/pagination/file_37.txt
[20:38:03][INFO][同步项目开发记录] 上传成功: code/test_ftpclient/.qmake.stash
[20:38:03][INFO][同步项目开发记录] 上传成功: code/build-sym/ui_mainwindow.h
[20:38:03][INFO][同步项目开发记录] MKD lics_test/code/ftptest_root/upload_src 已存在
[20:38:03][INFO][同步项目开发记录] 上传成功: code/ftptest_root/upload_src/hello.txt
[20:38:03][INFO][同步项目开发记录] 上传成功: output/Qt5Core.dll
[20:38:03][INFO][同步项目开发记录] 上传成功: code/test_browseops/Makefile
[20:38:03][INFO][同步项目开发记录] 上传成功: output/translations/qt_hu.qm
[20:38:03][INFO][同步项目开发记录] 上传成功: output/translations/qt_sk.qm
[20:38:03][INFO][同步项目开发记录] 上传成功: code/ftptest_root/pagination/file_16.txt
[20:38:03][INFO][同步项目开发记录] 上传成功: code/ftptest_root/pagination/file_46.txt
[20:38:03][INFO][同步项目开发记录] 上传成功: code/ftptest_root/pagination/file_9.txt
[20:38:03][INFO][同步项目开发记录] 上传成功: output/imageformats/qico.dll
[20:38:03][INFO][同步项目开发记录] 上传成功: code/build-sym/ui_taskdialog.h
[20:38:04][INFO][同步项目开发记录] 上传成功: output/D3Dcompiler_47.dll
[20:38:05][INFO][同步项目开发记录] 上传成功: output/Qt5Widgets.dll
[20:38:05][INFO][同步项目开发记录] 上传成功: code/build-autoUploadFiles-Desktop_Qt_5_14_2_MinGW_32_bit-Release/release/moc_synctask.cpp
[20:38:05][INFO][同步项目开发记录] 上传成功: code/ftptest_root/pagination/file_33.txt
[20:38:05][INFO][同步项目开发记录] 上传成功: code/ftptest_root/pagination/file_22.txt
[20:38:05][INFO][同步项目开发记录] 上传成功: code/test_synctask/release/configmanager.o
[20:38:05][INFO][同步项目开发记录] 上传成功: output/translations/qt_da.qm
[20:38:05][INFO][同步项目开发记录] 上传成功: code/build-sym/debug/autoUploadFiles.exe
[20:38:05][INFO][同步项目开发记录] 上传成功: code/ftptest_root/pagination/file_53.txt
[20:38:05][INFO][同步项目开发记录] 上传成功: code/build-autoUploadFiles-Desktop_Qt_5_14_2_MinGW_32_bit-Release/release/moc_ftpclient.o
[20:38:05][INFO][同步项目开发记录] 上传成功: code/build-autoUploadFiles-CLI/release/imageformats/qico.dll
[20:38:05][INFO][同步项目开发记录] 上传成功: code/build-autoUploadFiles-Desktop_Qt_5_14_2_MinGW_32_bit-Release/.qmake.stash
[20:38:05][INFO][同步项目开发记录] 上传成功: code/build-autoUploadFiles-CLI/release/moc_mainwindow.o
[20:38:05][INFO][同步项目开发记录] 上传成功: output/translations/qt_ja.qm
[20:38:05][INFO][同步项目开发记录] 上传成功: output/translations/qt_he.qm
[20:38:05][INFO][同步项目开发记录] 上传成功: code/build-autoUploadFiles-Desktop_Qt_5_14_2_MinGW_32_bit-Release/release/moc_taskdialog.o
[20:38:05][INFO][同步项目开发记录] 上传成功: code/test_ftpclient/release/moc_ftpclient.cpp
[20:38:05][INFO][同步项目开发记录] 上传成功: output/sync_meta/sync_meta_4ae831e3-0263-4912-b1f5-379b2263c7ad.json
[20:38:05][INFO][同步项目开发记录] 上传成功: output/log/2026-08-10.log
[20:38:07][INFO][同步项目开发记录] 上传成功: output/Qt5Gui.dll
[20:38:07][INFO][同步项目开发记录] 上传成功: code/build-autoUploadFiles-Desktop_Qt_5_14_2_MinGW_32_bit-Release/release/moc_webserver.o
[20:38:07][INFO][同步项目开发记录] 上传成功: code/build-sym/debug/moc_taskdialog.o
[20:38:07][INFO][同步项目开发记录] 上传成功: code/build-autoUploadFiles-CLI/object_script.autoFtpSync.Debug
[20:38:07][INFO][同步项目开发记录] 上传成功: code/test_ftpclient/Makefile.Debug.Release
[20:38:07][INFO][同步项目开发记录] 上传成功: code/test_browseops/release/dl_hello.txt
[20:38:07][INFO][同步项目开发记录] 上传成功: code/build-autoUploadFiles-CLI/release/moc_ftpclient.o
[20:38:07][INFO][同步项目开发记录] 上传成功: code/test_synctask/release/moc_ftpclient.o
[20:38:07][INFO][同步项目开发记录] 上传成功: code/build-autoUploadFiles-Desktop_Qt_5_14_2_MinGW_32_bit-Release/release/moc_taskdialog.cpp
[20:38:07][INFO][同步项目开发记录] 上传成功: code/build-sym/Makefile.Debug
[20:38:07][INFO][同步项目开发记录] 上传成功: code/ftptest_root/pagination/file_4.txt
[20:38:07][INFO][同步项目开发记录] 上传成功: output/imageformats/qsvg.dll
[20:38:07][INFO][同步项目开发记录] 上传成功: code/build-autoUploadFiles-CLI/release/log/2026-08-10.log
[20:38:07][INFO][同步项目开发记录] 上传成功: code/ftptest_root/pagination/file_30.txt
[20:38:07][INFO][同步项目开发记录] 上传成功: code/test_browseops/Makefile.Release
[20:38:07][INFO][同步项目开发记录] 上传成功: code/ftptest_root/pagination/file_47.txt
[20:38:07][INFO][同步项目开发记录] 上传成功: code/build-autoUploadFiles-Desktop_Qt_5_14_2_MinGW_32_bit-Debug/debug/moc_mainwindow.o
[20:38:07][INFO][同步项目开发记录] 上传成功: code/ftptest_root/pagination/file_8.txt
[20:38:07][INFO][同步项目开发记录] 上传成功: code/test_taskdialog/main.cpp
[20:38:07][INFO][同步项目开发记录] 上传成功: code/build-autoUploadFiles-Desktop_Qt_5_14_2_MinGW_32_bit-Debug/ui_mainwindow.h
[20:38:07][INFO][同步项目开发记录] 上传成功: code/ftptest_root/pagination/file_54.txt
[20:38:07][INFO][同步项目开发记录] 上传成功: code/test_synctask/release/moc_synctask.cpp
[20:38:07][INFO][同步项目开发记录] 上传成功: code/test_ftpclient/release/moc_predefs.h
[20:38:07][INFO][同步项目开发记录] 上传成功: output/config/config.json
[20:38:07][INFO][同步项目开发记录] 上传成功: output/imageformats/qtga.dll
[20:38:07][INFO][同步项目开发记录] 上传成功: code/autoFtpSync/taskdialog.ui
[20:38:07][INFO][同步项目开发记录] 上传成功: output/translations/qt_en.qm
[20:38:08][INFO][同步项目开发记录] 上传成功: code/build-autoUploadFiles-CLI/release/Qt5Gui.dll
[20:38:08][INFO][同步项目开发记录] 上传成功: output/translations/qt_it.qm
[20:38:08][INFO][同步项目开发记录] 上传成功: code/build-autoUploadFiles-CLI/object_script.autoFtpSync.Release
[20:38:08][INFO][同步项目开发记录] 上传成功: output/imageformats/qwbmp.dll
[20:38:08][INFO][同步项目开发记录] 上传成功: code/build-autoUploadFiles-CLI/release/config/config.json
[20:38:08][INFO][同步项目开发记录] 上传成功: code/test_synctask/release/test_synctask.exe
[20:38:08][INFO][同步项目开发记录] 上传成功: code/autoFtpSync/webserver.h
[20:38:08][INFO][同步项目开发记录] 上传成功: output/imageformats/qgif.dll
[20:38:08][INFO][同步项目开发记录] 上传成功: output/iconengines/qsvgicon.dll
[20:38:08][INFO][同步项目开发记录] 上传成功: code/build-sym/debug/moc_synctask.cpp
[20:38:08][INFO][同步项目开发记录] 上传成功: code/ftptest_root/pagination/file_36.txt
[20:38:08][INFO][同步项目开发记录] 上传成功: code/test_browseops/main.cpp
[20:38:08][INFO][同步项目开发记录] 上传成功: output/translations/qt_ko.qm
[20:38:08][INFO][同步项目开发记录] 上传成功: code/build-autoUploadFiles-CLI/.qmake.stash
[20:38:08][INFO][同步项目开发记录] 上传成功: code/build-autoUploadFiles-CLI/release/imageformats/qwbmp.dll
[20:38:08][INFO][同步项目开发记录] 上传成功: code/build-autoUploadFiles-Desktop_Qt_5_14_2_MinGW_32_bit-Debug/debug/ftpclient.o
[20:38:08][INFO][同步项目开发记录] 上传成功: code/build-autoUploadFiles-CLI/ui_mainwindow.h
[20:38:08][INFO][同步项目开发记录] 上传成功: output/translations/qt_cs.qm
[20:38:08][INFO][同步项目开发记录] 上传成功: code/build-autoUploadFiles-Desktop_Qt_5_14_2_MinGW_32_bit-Debug/debug/main.o
[20:38:08][INFO][同步项目开发记录] 上传成功: code/test_ftpclient/release/test_main.o
[20:38:08][INFO][同步项目开发记录] 上传成功: code/build-autoUploadFiles-Desktop_Qt_5_14_2_MinGW_32_bit-Debug/gdb_out.txt
[20:38:08][INFO][同步项目开发记录] 上传成功: code/build-autoUploadFiles-Desktop_Qt_5_14_2_MinGW_32_bit-Release/release/autoFtpSync.exe
[20:38:08][INFO][同步项目开发记录] 上传成功: code/ftptest_root/pagination/file_39.txt
[20:38:09][INFO][同步项目开发记录] 上传成功: code/build-autoUploadFiles-Desktop_Qt_5_14_2_MinGW_32_bit-Debug/.qmake.stash
[20:38:09][INFO][同步项目开发记录] 上传成功: code/autoFtpSync/icons.qrc
[20:38:09][INFO][同步项目开发记录] 上传成功: code/ftptest_root/pagination/file_15.txt
[20:38:09][INFO][同步项目开发记录] 上传成功: code/ftptest_root/pagination/file_21.txt
[20:38:09][INFO][同步项目开发记录] 上传成功: code/build-autoUploadFiles-CLI/release/autoFtpSync.exe
[20:38:09][INFO][同步项目开发记录] 上传成功: code/build-autoUploadFiles-CLI/release/Qt5Network.dll
[20:38:09][INFO][同步项目开发记录] 上传成功: code/autoFtpSync/mainwindow.h
[20:38:09][INFO][同步项目开发记录] 上传成功: code/build-autoUploadFiles-Desktop_Qt_5_14_2_MinGW_32_bit-Release/object_script.autoFtpSync.Release
[20:38:09][INFO][同步项目开发记录] 上传成功: code/build-autoUploadFiles-Desktop_Qt_5_14_2_MinGW_32_bit-Release/release/synctask.o
[20:38:09][INFO][同步项目开发记录] 上传成功: code/build-autoUploadFiles-Desktop_Qt_5_14_2_MinGW_32_bit-Debug/debug/autoFtpSync_resource_res.o
[20:38:09][INFO][同步项目开发记录] 上传成功: code/ftptest_root/pagination/file_57.txt
[20:38:09][INFO][同步项目开发记录] 上传成功: code/build-autoUploadFiles-CLI/Makefile.Debug
[20:38:09][INFO][同步项目开发记录] 上传成功: output/styles/qwindowsvistastyle.dll
[20:38:09][INFO][同步项目开发记录] 上传成功: output/translations/qt_pl.qm
[20:38:09][INFO][同步项目开发记录] 上传成功: docs/需求设计文档.md
[20:38:09][INFO][同步项目开发记录] 上传成功: code/ftptest_root/pagination/file_32.txt
[20:38:09][INFO][同步项目开发记录] 上传成功: output/translations/qt_ru.qm
[20:38:09][INFO][同步项目开发记录] 上传成功: code/build-sym/debug/moc_ftpclient.cpp
[20:38:09][INFO][同步项目开发记录] 上传成功: code/build-autoUploadFiles-Desktop_Qt_5_14_2_MinGW_32_bit-Release/object_script.autoFtpSync.Debug
[20:38:09][INFO][同步项目开发记录] 上传成功: code/ftptest_root/web/hello.txt
[20:38:09][INFO][同步项目开发记录] 上传成功: code/build-autoUploadFiles-Desktop_Qt_5_14_2_MinGW_32_bit-Release/release/configmanager.o
[20:38:09][INFO][同步项目开发记录] 上传成功: code/test_ftpclient/Makefile.Release
[20:38:09][INFO][同步项目开发记录] 上传成功: code/build-sym/object_script.autoUploadFiles.Release
[20:38:09][INFO][同步项目开发记录] 上传成功: output/translations/qt_bg.qm
[20:38:09][INFO][同步项目开发记录] 上传成功: code/test_ftpclient/debug/test_main.o
[20:38:09][INFO][同步项目开发记录] 上传成功: code/autoFtpSync/autoFtpSync.pro.user
[20:38:09][INFO][同步项目开发记录] 上传成功: code/ftptest_root/pagination/file_1.txt
[20:38:09][INFO][同步项目开发记录] 上传成功: output/translations/qt_de.qm
[20:38:09][INFO][同步项目开发记录] 上传成功: code/build-autoUploadFiles-Desktop_Qt_5_14_2_MinGW_32_bit-Debug/Makefile.Release
[20:38:09][INFO][同步项目开发记录] 上传成功: code/ftptest_root/pagination/file_6.txt
[20:38:09][INFO][同步项目开发记录] 上传成功: code/test_synctask/release/sync_meta/sync_meta_test-task.json
[20:38:09][INFO][同步项目开发记录] 上传成功: code/build-autoUploadFiles-CLI/release/taskdialog.o
[20:38:09][INFO][同步项目开发记录] 上传成功: code/build-autoUploadFiles-CLI/release/autoUploadFiles.exe
[20:38:09][INFO][同步项目开发记录] 上传成功: code/build-autoUploadFiles-Desktop_Qt_5_14_2_MinGW_32_bit-Debug/debug/sync_meta/sync_meta_bf5b9240-bf94-4f82-b5e8-6679b033b217.json
[20:38:09][INFO][同步项目开发记录] 上传成功: code/autoFtpSync/autoFtpSync.pro
[20:38:09][INFO][同步项目开发记录] 上传成功: code/build-autoUploadFiles-CLI/release/moc_predefs.h
[20:38:09][INFO][同步项目开发记录] 上传成功: code/build-sym/object_script.autoUploadFiles.Debug
[20:38:09][INFO][同步项目开发记录] 上传成功: code/ftptest_root/pagination/file_52.txt
[20:38:09][INFO][同步项目开发记录] 上传成功: code/test_synctask/release/synctask.o
[20:38:09][INFO][同步项目开发记录] 上传成功: code/build-autoUploadFiles-Desktop_Qt_5_14_2_MinGW_32_bit-Debug/object_script.autoFtpSync.Debug
[20:38:09][INFO][同步项目开发记录] 上传成功: code/test_ftpclient/debug/moc_ftpclient.o
[20:38:10][INFO][同步项目开发记录] 上传成功: code/test_browseops/release/test_browseops.exe
[20:38:10][INFO][同步项目开发记录] 上传成功: code/ftptest_root/pagination/file_43.txt
[20:38:10][INFO][同步项目开发记录] 上传成功: code/build-autoUploadFiles-CLI/release/imageformats/qsvg.dll
[20:38:10][INFO][同步项目开发记录] 上传成功: code/test_synctask/test_synctask.pro
[20:38:10][INFO][同步项目开发记录] 上传成功: code/build-autoUploadFiles-CLI/release/sync_meta/sync_meta_t-log-test.json
[20:38:10][INFO][同步项目开发记录] 上传成功: code/autoFtpSync/webserver.cpp
[20:38:10][INFO][同步项目开发记录] 上传成功: code/build-autoUploadFiles-CLI/release/configmanager.o
[20:38:10][INFO][同步项目开发记录] 上传成功: output/translations/qt_es.qm
[20:38:10][INFO][同步项目开发记录] 上传成功: code/ftptest_root/pagination/file_14.txt
[20:38:10][INFO][同步项目开发记录] 上传成功: code/build-autoUploadFiles-CLI/object_script.autoUploadFiles.Release
[20:38:10][INFO][同步项目开发记录] 上传成功: code/test_synctask/release/moc_predefs.h
[20:38:10][INFO][同步项目开发记录] 上传成功: code/test_ftpclient/Makefile.Debug.Debug
[20:38:10][INFO][同步项目开发记录] 上传成功: code/build-autoUploadFiles-CLI/release/imageformats/qicns.dll
[20:38:10][INFO][同步项目开发记录] 上传成功: output/autoFtpSync.exe
[20:38:10][INFO][同步项目开发记录] 上传成功: code/build-autoUploadFiles-Desktop_Qt_5_14_2_MinGW_32_bit-Release/ui_taskdialog.h
[20:38:10][INFO][同步项目开发记录] 上传成功: code/ftptest_root/web/assets/deep/hello.txt
[20:38:10][INFO][同步项目开发记录] 上传成功: code/test_synctask/release/moc_ftpclient.cpp
[20:38:10][INFO][同步项目开发记录] 上传成功: code/build-autoUploadFiles-CLI/release/platforms/qwindows.dll
[20:38:10][INFO][同步项目开发记录] 上传成功: code/test_synctask/Makefile
[20:38:10][INFO][同步项目开发记录] 上传成功: code/test_ftpclient/debug/moc_predefs.h
[20:38:10][INFO][同步项目开发记录] 上传成功: code/build-sym/.qmake.stash
[20:38:10][INFO][同步项目开发记录] 上传成功: code/build-sym/debug/main.o
[20:38:10][INFO][同步项目开发记录] 上传成功: code/build-autoUploadFiles-Desktop_Qt_5_14_2_MinGW_32_bit-Debug/object_script.autoUploadFiles.Release
[20:38:10][INFO][同步项目开发记录] 上传成功: code/test_ftpclient/release/upload_test.txt
[20:38:10][INFO][同步项目开发记录] 上传成功: code/build-autoUploadFiles-Desktop_Qt_5_14_2_MinGW_32_bit-Debug/debug/moc_predefs.h
[20:38:10][INFO][同步项目开发记录] 上传成功: code/build-autoUploadFiles-Desktop_Qt_5_14_2_MinGW_32_bit-Debug/object_script.autoFtpSync.Release
[20:38:10][INFO][同步项目开发记录] 上传成功: code/autoFtpSync/taskdialog.cpp
[20:38:10][INFO][同步项目开发记录] 上传成功: code/ftptest_root/pagination/file_60.txt
[20:38:10][INFO][同步项目开发记录] 上传成功: code/build-sym/debug/moc_ftpclient.o
[20:38:10][INFO][同步项目开发记录] 上传成功: code/ftptest_root/pagination/file_42.txt
[20:38:11][INFO][同步项目开发记录] 上传成功: code/ftptest_root/pagination/file_13.txt
[20:38:11][INFO][同步项目开发记录] 上传成功: code/build-autoUploadFiles-CLI/release/moc_taskdialog.cpp
[20:38:11][INFO][同步项目开发记录] 上传成功: code/build-sym/debug/ftpclient.o
[20:38:11][INFO][同步项目开发记录] 上传成功: code/autoFtpSync/ftpclient.h
[20:38:11][INFO][同步项目开发记录] 上传成功: code/build-sym/debug/configmanager.o
[20:38:11][INFO][同步项目开发记录] 上传成功: output/config/config.json
[20:38:11][INFO][同步项目开发记录] 上传成功: output/sync_meta/sync_meta_4ae831e3-0263-4912-b1f5-379b2263c7ad.json
[20:38:11][INFO][同步项目开发记录] 上传成功: output/log/2026-08-10.log
[20:38:12][INFO][同步项目开发记录] 上传成功: output/sync_meta/sync_meta_4ae831e3-0263-4912-b1f5-379b2263c7ad.json
[20:38:12][INFO][同步项目开发记录] 上传成功: output/log/2026-08-10.log
[20:38:17][INFO][同步项目开发记录] 上传成功: output/sync_meta/sync_meta_4ae831e3-0263-4912-b1f5-379b2263c7ad.json
[20:38:17][INFO][同步项目开发记录] 上传成功: output/log/2026-08-10.log
[20:38:22][INFO][同步项目开发记录] 上传成功: output/sync_meta/sync_meta_4ae831e3-0263-4912-b1f5-379b2263c7ad.json
[20:38:22][INFO][同步项目开发记录] 上传成功: output/log/2026-08-10.log
[20:38:27][INFO][同步项目开发记录] 上传成功: output/sync_meta/sync_meta_4ae831e3-0263-4912-b1f5-379b2263c7ad.json
[20:38:27][INFO][同步项目开发记录] 上传成功: output/log/2026-08-10.log
[20:38:32][INFO][同步项目开发记录] 上传成功: output/sync_meta/sync_meta_4ae831e3-0263-4912-b1f5-379b2263c7ad.json
[20:38:32][INFO][同步项目开发记录] 上传成功: output/log/2026-08-10.log
[20:38:36][INFO][FTP浏览] 删除成功
[20:38:37][INFO][同步项目开发记录] 上传成功: output/sync_meta/sync_meta_4ae831e3-0263-4912-b1f5-379b2263c7ad.json
[20:38:37][INFO][同步项目开发记录] 上传成功: output/log/2026-08-10.log
[20:38:38][INFO][FTP浏览] 删除成功
[20:38:42][INFO][同步项目开发记录] 上传成功: output/sync_meta/sync_meta_4ae831e3-0263-4912-b1f5-379b2263c7ad.json
[20:38:42][INFO][同步项目开发记录] 上传成功: output/log/2026-08-10.log
[20:38:47][INFO][同步项目开发记录] 上传成功: output/sync_meta/sync_meta_4ae831e3-0263-4912-b1f5-379b2263c7ad.json
[20:38:47][INFO][同步项目开发记录] 上传成功: output/log/2026-08-10.log
[20:38:52][INFO][同步项目开发记录] 上传成功: output/sync_meta/sync_meta_4ae831e3-0263-4912-b1f5-379b2263c7ad.json
[20:38:52][INFO][同步项目开发记录] 上传成功: output/log/2026-08-10.log
[20:38:57][INFO][同步项目开发记录] 上传成功: output/sync_meta/sync_meta_4ae831e3-0263-4912-b1f5-379b2263c7ad.json
[20:38:57][INFO][同步项目开发记录] 上传成功: output/log/2026-08-10.log
[20:39:02][INFO][同步项目开发记录] 上传成功: output/sync_meta/sync_meta_4ae831e3-0263-4912-b1f5-379b2263c7ad.json
[20:39:02][INFO][同步项目开发记录] 上传成功: output/log/2026-08-10.log
[20:39:07][INFO][同步项目开发记录] 上传成功: output/sync_meta/sync_meta_4ae831e3-0263-4912-b1f5-379b2263c7ad.json
[20:39:07][INFO][同步项目开发记录] 上传成功: output/log/2026-08-10.log
[20:39:12][INFO][同步项目开发记录] 上传成功: output/sync_meta/sync_meta_4ae831e3-0263-4912-b1f5-379b2263c7ad.json
[20:39:12][INFO][同步项目开发记录] 上传成功: output/log/2026-08-10.log
[20:39:17][INFO][同步项目开发记录] 上传成功: output/sync_meta/sync_meta_4ae831e3-0263-4912-b1f5-379b2263c7ad.json
[20:39:17][INFO][同步项目开发记录] 上传成功: output/log/2026-08-10.log
[20:39:22][INFO][同步项目开发记录] 上传成功: output/sync_meta/sync_meta_4ae831e3-0263-4912-b1f5-379b2263c7ad.json
[20:39:22][INFO][同步项目开发记录] 上传成功: output/log/2026-08-10.log
[20:39:27][INFO][同步项目开发记录] 上传成功: output/sync_meta/sync_meta_4ae831e3-0263-4912-b1f5-379b2263c7ad.json
[20:39:27][INFO][同步项目开发记录] 上传成功: output/log/2026-08-10.log
[20:39:32][INFO][同步项目开发记录] 上传成功: output/sync_meta/sync_meta_4ae831e3-0263-4912-b1f5-379b2263c7ad.json
[20:39:32][INFO][同步项目开发记录] 上传成功: output/log/2026-08-10.log
[20:39:37][INFO][同步项目开发记录] 上传成功: output/sync_meta/sync_meta_4ae831e3-0263-4912-b1f5-379b2263c7ad.json
[20:39:37][INFO][同步项目开发记录] 上传成功: output/log/2026-08-10.log
[20:39:42][INFO][同步项目开发记录] 上传成功: output/sync_meta/sync_meta_4ae831e3-0263-4912-b1f5-379b2263c7ad.json
[20:39:42][INFO][同步项目开发记录] 上传成功: output/log/2026-08-10.log
[20:39:47][INFO][同步项目开发记录] 上传成功: output/sync_meta/sync_meta_4ae831e3-0263-4912-b1f5-379b2263c7ad.json
[20:39:47][INFO][同步项目开发记录] 上传成功: output/log/2026-08-10.log
[20:39:52][INFO][同步项目开发记录] 上传成功: output/sync_meta/sync_meta_4ae831e3-0263-4912-b1f5-379b2263c7ad.json
[20:39:52][INFO][同步项目开发记录] 上传成功: output/log/2026-08-10.log
[20:39:57][INFO][同步项目开发记录] 上传成功: output/sync_meta/sync_meta_4ae831e3-0263-4912-b1f5-379b2263c7ad.json
[20:39:57][INFO][同步项目开发记录] 上传成功: output/log/2026-08-10.log
[20:40:02][INFO][同步项目开发记录] 上传成功: output/sync_meta/sync_meta_4ae831e3-0263-4912-b1f5-379b2263c7ad.json
[20:40:02][INFO][同步项目开发记录] 上传成功: output/log/2026-08-10.log
[20:40:07][INFO][同步项目开发记录] 上传成功: output/sync_meta/sync_meta_4ae831e3-0263-4912-b1f5-379b2263c7ad.json
[20:40:07][INFO][同步项目开发记录] 上传成功: output/log/2026-08-10.log
[20:40:08][INFO][Web] Web 管理地址已复制到剪贴板
[20:40:12][INFO][同步项目开发记录] 上传成功: output/sync_meta/sync_meta_4ae831e3-0263-4912-b1f5-379b2263c7ad.json
[20:40:12][INFO][同步项目开发记录] 上传成功: output/log/2026-08-10.log
[20:40:17][INFO][同步项目开发记录] 上传成功: output/sync_meta/sync_meta_4ae831e3-0263-4912-b1f5-379b2263c7ad.json
[20:40:17][INFO][同步项目开发记录] 上传成功: output/log/2026-08-10.log
[20:40:22][INFO][同步项目开发记录] 上传成功: output/sync_meta/sync_meta_4ae831e3-0263-4912-b1f5-379b2263c7ad.json
[20:40:22][INFO][同步项目开发记录] 上传成功: output/log/2026-08-10.log
[20:40:27][INFO][同步项目开发记录] 上传成功: output/sync_meta/sync_meta_4ae831e3-0263-4912-b1f5-379b2263c7ad.json
[20:40:27][INFO][同步项目开发记录] 上传成功: output/log/2026-08-10.log
[20:40:32][INFO][同步项目开发记录] 上传成功: output/sync_meta/sync_meta_4ae831e3-0263-4912-b1f5-379b2263c7ad.json
[20:40:32][INFO][同步项目开发记录] 上传成功: output/log/2026-08-10.log
[20:40:37][INFO][同步项目开发记录] 上传成功: output/sync_meta/sync_meta_4ae831e3-0263-4912-b1f5-379b2263c7ad.json
[20:40:37][INFO][同步项目开发记录] 上传成功: output/log/2026-08-10.log
[20:40:42][INFO][同步项目开发记录] 上传成功: output/sync_meta/sync_meta_4ae831e3-0263-4912-b1f5-379b2263c7ad.json
[20:40:42][INFO][同步项目开发记录] 上传成功: output/log/2026-08-10.log
[20:40:47][INFO][同步项目开发记录] 上传成功: output/sync_meta/sync_meta_4ae831e3-0263-4912-b1f5-379b2263c7ad.json
[20:40:47][INFO][同步项目开发记录] 上传成功: output/log/2026-08-10.log
[20:40:52][INFO][同步项目开发记录] 上传成功: output/sync_meta/sync_meta_4ae831e3-0263-4912-b1f5-379b2263c7ad.json
[20:40:52][INFO][同步项目开发记录] 上传成功: output/log/2026-08-10.log
[20:40:57][INFO][同步项目开发记录] 上传成功: output/sync_meta/sync_meta_4ae831e3-0263-4912-b1f5-379b2263c7ad.json
[20:40:57][INFO][同步项目开发记录] 上传成功: output/log/2026-08-10.log
[20:41:02][INFO][同步项目开发记录] 上传成功: output/sync_meta/sync_meta_4ae831e3-0263-4912-b1f5-379b2263c7ad.json
[20:41:02][INFO][同步项目开发记录] 上传成功: output/log/2026-08-10.log
[20:41:07][INFO][同步项目开发记录] 上传成功: output/sync_meta/sync_meta_4ae831e3-0263-4912-b1f5-379b2263c7ad.json
[20:41:07][INFO][同步项目开发记录] 上传成功: output/log/2026-08-10.log
[20:41:13][INFO][同步项目开发记录] 上传成功: output/sync_meta/sync_meta_4ae831e3-0263-4912-b1f5-379b2263c7ad.json
[20:41:13][INFO][同步项目开发记录] 上传成功: code/autoFtpSync/autoFtpSync.pro.user
[20:41:13][INFO][同步项目开发记录] 上传成功: output/log/2026-08-10.log
[20:41:17][INFO][同步项目开发记录] 上传成功: output/sync_meta/sync_meta_4ae831e3-0263-4912-b1f5-379b2263c7ad.json
[20:41:17][INFO][同步项目开发记录] 上传成功: output/log/2026-08-10.log
[20:41:22][INFO][同步项目开发记录] 上传成功: output/sync_meta/sync_meta_4ae831e3-0263-4912-b1f5-379b2263c7ad.json
[20:41:22][INFO][同步项目开发记录] 上传成功: output/log/2026-08-10.log
[20:41:23][INFO][同步项目开发记录] 任务已停止
[20:43:07][INFO][Web] Web 远程管理已启动: http://本机IP:8899/?token={9bdc57e6a3ab4033a19dacb3ead5f193}
[20:43:07][INFO][系统] 自启动注册表写入状态: OK
[20:43:07][INFO][同步项目开发记录] 正在连接 10.50.1.205:7121 (ftp) ...
[20:43:07][INFO][同步项目开发记录] 任务已启动
[20:43:07][INFO][同步项目开发记录] FTP 登录成功: 10.50.1.205
[20:43:07][INFO][同步项目开发记录] 服务器连接成功: 10.50.1.205
[20:43:08][INFO][同步项目开发记录] MKD lics_test 已存在
[20:43:08][INFO][同步项目开发记录] MKD lics_test/output 已存在
[20:43:08][INFO][同步项目开发记录] MKD lics_test/output/sync_meta 已存在
[20:43:08][INFO][同步项目开发记录] 上传成功: output/sync_meta/sync_meta_4ae831e3-0263-4912-b1f5-379b2263c7ad.json
[20:43:08][INFO][同步项目开发记录] MKD lics_test/output/config 已存在
[20:43:08][INFO][同步项目开发记录] 上传成功: output/config/config.json
[20:43:08][INFO][同步项目开发记录] MKD lics_test/output/log 已存在
[20:43:08][INFO][同步项目开发记录] 上传成功: output/log/2026-08-10.log
[20:43:13][INFO][同步项目开发记录] 上传成功: output/sync_meta/sync_meta_4ae831e3-0263-4912-b1f5-379b2263c7ad.json
[20:43:13][INFO][同步项目开发记录] 上传成功: output/log/2026-08-10.log
[20:43:18][INFO][同步项目开发记录] 上传成功: output/sync_meta/sync_meta_4ae831e3-0263-4912-b1f5-379b2263c7ad.json
[20:43:18][INFO][同步项目开发记录] 上传成功: output/log/2026-08-10.log
[20:43:23][INFO][同步项目开发记录] 上传成功: output/sync_meta/sync_meta_4ae831e3-0263-4912-b1f5-379b2263c7ad.json
[20:43:23][INFO][同步项目开发记录] 上传成功: output/log/2026-08-10.log
[20:43:28][INFO][同步项目开发记录] 上传成功: output/sync_meta/sync_meta_4ae831e3-0263-4912-b1f5-379b2263c7ad.json
[20:43:28][INFO][同步项目开发记录] 上传成功: output/log/2026-08-10.log
[20:43:33][INFO][同步项目开发记录] 上传成功: output/sync_meta/sync_meta_4ae831e3-0263-4912-b1f5-379b2263c7ad.json
[20:43:33][INFO][同步项目开发记录] 上传成功: output/log/2026-08-10.log
[20:43:38][INFO][同步项目开发记录] 上传成功: output/sync_meta/sync_meta_4ae831e3-0263-4912-b1f5-379b2263c7ad.json
[20:43:38][INFO][同步项目开发记录] 上传成功: output/log/2026-08-10.log
[20:43:43][INFO][同步项目开发记录] 上传成功: output/sync_meta/sync_meta_4ae831e3-0263-4912-b1f5-379b2263c7ad.json
[20:43:43][INFO][同步项目开发记录] 上传成功: output/log/2026-08-10.log
[20:43:48][INFO][同步项目开发记录] 上传成功: output/sync_meta/sync_meta_4ae831e3-0263-4912-b1f5-379b2263c7ad.json
[20:43:48][INFO][同步项目开发记录] 上传成功: output/log/2026-08-10.log
[20:43:53][INFO][同步项目开发记录] 上传成功: output/sync_meta/sync_meta_4ae831e3-0263-4912-b1f5-379b2263c7ad.json
[20:43:53][INFO][同步项目开发记录] 上传成功: output/log/2026-08-10.log
[20:43:58][INFO][同步项目开发记录] 上传成功: output/sync_meta/sync_meta_4ae831e3-0263-4912-b1f5-379b2263c7ad.json
[20:43:58][INFO][同步项目开发记录] 上传成功: output/log/2026-08-10.log
[20:44:03][INFO][同步项目开发记录] 上传成功: output/sync_meta/sync_meta_4ae831e3-0263-4912-b1f5-379b2263c7ad.json
[20:44:03][INFO][同步项目开发记录] 上传成功: output/log/2026-08-10.log
[20:44:08][INFO][同步项目开发记录] 上传成功: output/sync_meta/sync_meta_4ae831e3-0263-4912-b1f5-379b2263c7ad.json
[20:44:08][INFO][同步项目开发记录] 上传成功: output/log/2026-08-10.log
[20:44:13][INFO][同步项目开发记录] 上传成功: output/sync_meta/sync_meta_4ae831e3-0263-4912-b1f5-379b2263c7ad.json
[20:44:13][INFO][同步项目开发记录] 上传成功: output/log/2026-08-10.log
[20:44:18][INFO][同步项目开发记录] 上传成功: output/sync_meta/sync_meta_4ae831e3-0263-4912-b1f5-379b2263c7ad.json
[20:44:18][INFO][同步项目开发记录] 上传成功: output/log/2026-08-10.log
[20:44:23][INFO][同步项目开发记录] 上传成功: output/sync_meta/sync_meta_4ae831e3-0263-4912-b1f5-379b2263c7ad.json
[20:44:23][INFO][同步项目开发记录] 上传成功: output/log/2026-08-10.log
[20:44:28][INFO][同步项目开发记录] 上传成功: output/sync_meta/sync_meta_4ae831e3-0263-4912-b1f5-379b2263c7ad.json
[20:44:28][INFO][同步项目开发记录] 上传成功: output/log/2026-08-10.log
[20:44:33][INFO][同步项目开发记录] 上传成功: output/sync_meta/sync_meta_4ae831e3-0263-4912-b1f5-379b2263c7ad.json
[20:44:33][INFO][同步项目开发记录] 上传成功: output/log/2026-08-10.log
[20:44:38][INFO][同步项目开发记录] 上传成功: output/sync_meta/sync_meta_4ae831e3-0263-4912-b1f5-379b2263c7ad.json
[20:44:38][INFO][同步项目开发记录] 上传成功: output/log/2026-08-10.log
[20:44:43][INFO][同步项目开发记录] 上传成功: output/sync_meta/sync_meta_4ae831e3-0263-4912-b1f5-379b2263c7ad.json
[20:44:43][INFO][同步项目开发记录] 上传成功: output/log/2026-08-10.log
[20:44:48][INFO][同步项目开发记录] 上传成功: output/sync_meta/sync_meta_4ae831e3-0263-4912-b1f5-379b2263c7ad.json
[20:44:48][INFO][同步项目开发记录] 上传成功: output/log/2026-08-10.log
[20:44:53][INFO][同步项目开发记录] 上传成功: output/sync_meta/sync_meta_4ae831e3-0263-4912-b1f5-379b2263c7ad.json
[20:44:53][INFO][同步项目开发记录] 上传成功: output/log/2026-08-10.log
[20:44:58][INFO][同步项目开发记录] 上传成功: output/sync_meta/sync_meta_4ae831e3-0263-4912-b1f5-379b2263c7ad.json
[20:44:58][INFO][同步项目开发记录] 上传成功: output/log/2026-08-10.log
[20:45:03][INFO][同步项目开发记录] 上传成功: output/sync_meta/sync_meta_4ae831e3-0263-4912-b1f5-379b2263c7ad.json
[20:45:03][INFO][同步项目开发记录] 上传成功: output/log/2026-08-10.log
[20:45:08][INFO][同步项目开发记录] 上传成功: output/sync_meta/sync_meta_4ae831e3-0263-4912-b1f5-379b2263c7ad.json
[20:45:08][INFO][同步项目开发记录] 上传成功: output/log/2026-08-10.log
[20:45:13][INFO][同步项目开发记录] 上传成功: output/sync_meta/sync_meta_4ae831e3-0263-4912-b1f5-379b2263c7ad.json
[20:45:13][INFO][同步项目开发记录] 上传成功: output/log/2026-08-10.log
[20:45:18][INFO][同步项目开发记录] MKD lics_test/code 已存在
[20:45:18][INFO][同步项目开发记录] MKD lics_test/code/autoFtpSync 已存在
[20:45:18][INFO][同步项目开发记录] 上传成功: code/autoFtpSync/mainwindow.cpp
[20:45:18][INFO][同步项目开发记录] 上传成功: output/sync_meta/sync_meta_4ae831e3-0263-4912-b1f5-379b2263c7ad.json
[20:45:18][INFO][同步项目开发记录] 上传成功: output/log/2026-08-10.log
[20:45:23][INFO][同步项目开发记录] 上传成功: output/sync_meta/sync_meta_4ae831e3-0263-4912-b1f5-379b2263c7ad.json
[20:45:23][INFO][同步项目开发记录] 上传成功: output/log/2026-08-10.log
[20:45:23][INFO][同步项目开发记录] 上传成功: code/autoFtpSync/main.cpp
[20:45:28][INFO][同步项目开发记录] 上传成功: output/sync_meta/sync_meta_4ae831e3-0263-4912-b1f5-379b2263c7ad.json
[20:45:28][INFO][同步项目开发记录] 上传成功: output/log/2026-08-10.log
[20:45:28][INFO][同步项目开发记录] MKD lics_test/code/build-autoUploadFiles-CLI 已存在
[20:45:28][INFO][同步项目开发记录] 上传成功: code/build-autoUploadFiles-CLI/ui_mainwindow.h
[20:45:33][INFO][同步项目开发记录] 上传成功: output/sync_meta/sync_meta_4ae831e3-0263-4912-b1f5-379b2263c7ad.json
[20:45:33][INFO][同步项目开发记录] MKD lics_test/code/build-autoUploadFiles-CLI/release 已存在
[20:45:33][INFO][同步项目开发记录] 上传成功: code/build-autoUploadFiles-CLI/release/main.o
[20:45:33][INFO][同步项目开发记录] 上传成功: output/log/2026-08-10.log
[20:45:38][INFO][同步项目开发记录] MKD lics_test/code/build-autoUploadFiles-CLI/release/config 已存在
[20:45:38][INFO][同步项目开发记录] 上传成功: code/build-autoUploadFiles-CLI/release/config/config.json
[20:45:38][INFO][同步项目开发记录] 上传成功: code/build-autoUploadFiles-CLI/release/mainwindow.o
[20:45:38][INFO][同步项目开发记录] 上传成功: output/sync_meta/sync_meta_4ae831e3-0263-4912-b1f5-379b2263c7ad.json
[20:45:38][INFO][同步项目开发记录] 上传成功: output/log/2026-08-10.log
[20:45:38][INFO][同步项目开发记录] 上传成功: code/build-autoUploadFiles-CLI/release/autoFtpSync.exe
[20:45:43][INFO][同步项目开发记录] 上传成功: output/sync_meta/sync_meta_4ae831e3-0263-4912-b1f5-379b2263c7ad.json
[20:45:43][INFO][同步项目开发记录] 上传成功: output/log/2026-08-10.log
[20:45:43][INFO][同步项目开发记录] MKD lics_test/code/build-autoUploadFiles-CLI/release/log 已存在
[20:45:43][INFO][同步项目开发记录] 上传成功: code/build-autoUploadFiles-CLI/release/log/2026-08-10.log
[20:45:48][INFO][同步项目开发记录] 上传成功: output/sync_meta/sync_meta_4ae831e3-0263-4912-b1f5-379b2263c7ad.json
[20:45:48][INFO][同步项目开发记录] 上传成功: output/log/2026-08-10.log
[20:45:53][INFO][同步项目开发记录] 上传成功: output/sync_meta/sync_meta_4ae831e3-0263-4912-b1f5-379b2263c7ad.json
[20:45:53][INFO][同步项目开发记录] 上传成功: output/log/2026-08-10.log
[20:45:58][INFO][同步项目开发记录] 上传成功: output/sync_meta/sync_meta_4ae831e3-0263-4912-b1f5-379b2263c7ad.json
[20:45:58][INFO][同步项目开发记录] 上传成功: output/log/2026-08-10.log
[20:46:03][INFO][同步项目开发记录] 上传成功: output/sync_meta/sync_meta_4ae831e3-0263-4912-b1f5-379b2263c7ad.json
[20:46:03][INFO][同步项目开发记录] 上传成功: output/log/2026-08-10.log
[20:46:08][INFO][同步项目开发记录] 上传成功: output/sync_meta/sync_meta_4ae831e3-0263-4912-b1f5-379b2263c7ad.json
[20:46:08][INFO][同步项目开发记录] 上传成功: output/log/2026-08-10.log
[20:46:13][INFO][同步项目开发记录] 上传成功: output/sync_meta/sync_meta_4ae831e3-0263-4912-b1f5-379b2263c7ad.json
[20:46:13][INFO][同步项目开发记录] 上传成功: output/log/2026-08-10.log
[20:46:18][INFO][同步项目开发记录] 上传成功: output/sync_meta/sync_meta_4ae831e3-0263-4912-b1f5-379b2263c7ad.json
[20:46:18][INFO][同步项目开发记录] 上传成功: output/log/2026-08-10.log
[20:46:23][INFO][同步项目开发记录] 上传成功: output/sync_meta/sync_meta_4ae831e3-0263-4912-b1f5-379b2263c7ad.json
[20:46:23][INFO][同步项目开发记录] 上传成功: output/log/2026-08-10.log
[20:46:28][INFO][同步项目开发记录] 上传成功: output/sync_meta/sync_meta_4ae831e3-0263-4912-b1f5-379b2263c7ad.json
[20:46:28][INFO][同步项目开发记录] 上传成功: output/log/2026-08-10.log
[20:46:33][INFO][同步项目开发记录] 上传成功: output/sync_meta/sync_meta_4ae831e3-0263-4912-b1f5-379b2263c7ad.json
[20:46:33][INFO][同步项目开发记录] 上传成功: output/log/2026-08-10.log
[20:46:38][INFO][同步项目开发记录] 上传成功: output/sync_meta/sync_meta_4ae831e3-0263-4912-b1f5-379b2263c7ad.json
[20:46:38][INFO][同步项目开发记录] 上传成功: output/log/2026-08-10.log
[20:46:43][INFO][同步项目开发记录] 上传成功: output/sync_meta/sync_meta_4ae831e3-0263-4912-b1f5-379b2263c7ad.json
[20:46:43][INFO][同步项目开发记录] 上传成功: output/log/2026-08-10.log
[20:46:48][INFO][同步项目开发记录] 上传成功: output/sync_meta/sync_meta_4ae831e3-0263-4912-b1f5-379b2263c7ad.json
[20:46:48][INFO][同步项目开发记录] 上传成功: output/log/2026-08-10.log
[20:46:53][INFO][同步项目开发记录] 上传成功: output/sync_meta/sync_meta_4ae831e3-0263-4912-b1f5-379b2263c7ad.json
[20:46:53][INFO][同步项目开发记录] 上传成功: output/log/2026-08-10.log
[20:46:58][INFO][同步项目开发记录] 上传成功: output/sync_meta/sync_meta_4ae831e3-0263-4912-b1f5-379b2263c7ad.json
[20:46:58][INFO][同步项目开发记录] 上传成功: output/log/2026-08-10.log
[20:47:03][INFO][同步项目开发记录] 上传成功: output/sync_meta/sync_meta_4ae831e3-0263-4912-b1f5-379b2263c7ad.json
[20:47:03][INFO][同步项目开发记录] 上传成功: output/log/2026-08-10.log
[20:47:08][INFO][同步项目开发记录] 上传成功: output/sync_meta/sync_meta_4ae831e3-0263-4912-b1f5-379b2263c7ad.json
[20:47:08][INFO][同步项目开发记录] 上传成功: output/log/2026-08-10.log
[20:47:13][INFO][同步项目开发记录] 上传成功: output/sync_meta/sync_meta_4ae831e3-0263-4912-b1f5-379b2263c7ad.json
[20:47:13][INFO][同步项目开发记录] 上传成功: output/log/2026-08-10.log
[20:47:13][INFO][同步项目开发记录] 上传成功: code/build-autoUploadFiles-CLI/release/log/2026-08-10.log
[20:47:18][INFO][同步项目开发记录] 上传成功: output/sync_meta/sync_meta_4ae831e3-0263-4912-b1f5-379b2263c7ad.json
[20:47:18][INFO][同步项目开发记录] 上传成功: output/log/2026-08-10.log
[20:47:18][INFO][同步项目开发记录] 上传成功: code/build-autoUploadFiles-CLI/release/log/2026-08-10.log
[20:47:23][INFO][同步项目开发记录] 上传成功: output/sync_meta/sync_meta_4ae831e3-0263-4912-b1f5-379b2263c7ad.json
[20:47:23][INFO][同步项目开发记录] 上传成功: output/log/2026-08-10.log
[20:51:25][INFO][Web] Web 远程管理已启动: http://本机IP:8899/?token={9bdc57e6a3ab4033a19dacb3ead5f193}
[20:51:25][INFO][系统] 自启动注册表写入状态: OK
[20:51:25][INFO][同步项目开发记录] 正在连接 10.50.1.205:7121 (ftp) ...
[20:51:25][INFO][同步项目开发记录] 任务已启动
[20:51:25][INFO][同步项目开发记录] FTP 登录成功: 10.50.1.205
[20:51:25][INFO][同步项目开发记录] 服务器连接成功: 10.50.1.205
[20:51:26][INFO][同步项目开发记录] MKD lics_test 已存在
[20:51:26][INFO][同步项目开发记录] MKD lics_test/code 已存在
[20:51:26][INFO][同步项目开发记录] MKD lics_test/code/build-autoUploadFiles-Desktop_Qt_5_14_2_MinGW_32_bit-Release 已存在
[20:51:26][INFO][同步项目开发记录] MKD lics_test/code/build-autoUploadFiles-Desktop_Qt_5_14_2_MinGW_32_bit-Release/release 已存在
[20:51:26][INFO][同步项目开发记录] MKD lics_test/code/build-autoUploadFiles-Desktop_Qt_5_14_2_MinGW_32_bit-Release/release/log 已存在
[20:51:26][INFO][同步项目开发记录] 上传成功: code/build-autoUploadFiles-Desktop_Qt_5_14_2_MinGW_32_bit-Release/release/log/2026-08-10.log
[20:51:27][INFO][同步项目开发记录] 上传成功: code/build-autoUploadFiles-Desktop_Qt_5_14_2_MinGW_32_bit-Release/release/autoFtpSync.exe
[20:51:27][INFO][同步项目开发记录] 上传成功: code/build-autoUploadFiles-Desktop_Qt_5_14_2_MinGW_32_bit-Release/release/mainwindow.o
[20:51:27][INFO][同步项目开发记录] MKD lics_test/output 已存在
[20:51:27][INFO][同步项目开发记录] 上传成功: output/autoFtpSync.exe
[20:51:27][INFO][同步项目开发记录] 上传成功: code/build-autoUploadFiles-Desktop_Qt_5_14_2_MinGW_32_bit-Release/release/main.o
[20:51:27][INFO][同步项目开发记录] MKD lics_test/output/config 已存在
[20:51:27][INFO][同步项目开发记录] 上传成功: output/config/config.json
[20:51:27][INFO][同步项目开发记录] MKD lics_test/code/build-autoUploadFiles-CLI 已存在
[20:51:27][INFO][同步项目开发记录] MKD lics_test/code/build-autoUploadFiles-CLI/release 已存在
[20:51:27][INFO][同步项目开发记录] MKD lics_test/code/build-autoUploadFiles-CLI/release/log 已存在
[20:51:27][INFO][同步项目开发记录] 上传成功: code/build-autoUploadFiles-CLI/release/log/2026-08-10.log
[20:51:27][INFO][同步项目开发记录] MKD lics_test/output/log 已存在
[20:51:27][INFO][同步项目开发记录] 上传成功: output/log/2026-08-10.log
[20:51:27][INFO][同步项目开发记录] MKD lics_test/code/build-autoUploadFiles-CLI/release/config 已存在
[20:51:27][INFO][同步项目开发记录] 上传成功: code/build-autoUploadFiles-CLI/release/config/config.json
[20:51:27][INFO][同步项目开发记录] MKD lics_test/output/sync_meta 已存在
[20:51:27][INFO][同步项目开发记录] 上传成功: output/sync_meta/sync_meta_4ae831e3-0263-4912-b1f5-379b2263c7ad.json
[20:51:31][INFO][同步项目开发记录] 上传成功: output/log/2026-08-10.log
[20:51:31][INFO][同步项目开发记录] 上传成功: output/sync_meta/sync_meta_4ae831e3-0263-4912-b1f5-379b2263c7ad.json
[20:51:35][INFO][FTP浏览] 正在连接 10.50.1.205:7121 (ftp) ...
[20:51:35][INFO][FTP浏览] FTP 登录成功: 10.50.1.205
[20:51:36][INFO][同步项目开发记录] 上传成功: output/log/2026-08-10.log
[20:51:36][INFO][同步项目开发记录] 上传成功: output/sync_meta/sync_meta_4ae831e3-0263-4912-b1f5-379b2263c7ad.json
[20:51:41][INFO][同步项目开发记录] 上传成功: output/log/2026-08-10.log
[20:51:41][INFO][同步项目开发记录] 上传成功: output/sync_meta/sync_meta_4ae831e3-0263-4912-b1f5-379b2263c7ad.json
[20:51:44][INFO][Web] Web 管理地址已复制到剪贴板
[20:51:46][INFO][同步项目开发记录] 上传成功: output/log/2026-08-10.log
[20:51:47][INFO][同步项目开发记录] 上传成功: output/sync_meta/sync_meta_4ae831e3-0263-4912-b1f5-379b2263c7ad.json
[20:51:51][INFO][同步项目开发记录] 上传成功: output/log/2026-08-10.log
[20:51:51][INFO][同步项目开发记录] 上传成功: output/sync_meta/sync_meta_4ae831e3-0263-4912-b1f5-379b2263c7ad.json
[20:51:56][INFO][同步项目开发记录] 上传成功: output/log/2026-08-10.log
[20:51:56][INFO][同步项目开发记录] 上传成功: output/sync_meta/sync_meta_4ae831e3-0263-4912-b1f5-379b2263c7ad.json
[20:52:01][INFO][同步项目开发记录] 上传成功: output/log/2026-08-10.log
[20:52:01][INFO][同步项目开发记录] 上传成功: output/sync_meta/sync_meta_4ae831e3-0263-4912-b1f5-379b2263c7ad.json
[20:52:06][INFO][同步项目开发记录] 上传成功: output/log/2026-08-10.log
[20:52:06][INFO][同步项目开发记录] 上传成功: output/sync_meta/sync_meta_4ae831e3-0263-4912-b1f5-379b2263c7ad.json
[20:52:11][INFO][同步项目开发记录] 上传成功: output/log/2026-08-10.log
[20:52:11][INFO][同步项目开发记录] 上传成功: output/sync_meta/sync_meta_4ae831e3-0263-4912-b1f5-379b2263c7ad.json
[20:52:16][INFO][同步项目开发记录] MKD lics_test/code/autoFtpSync 已存在
[20:52:16][INFO][同步项目开发记录] 上传成功: code/autoFtpSync/autoFtpSync.pro.user
[20:52:16][INFO][同步项目开发记录] 上传成功: output/log/2026-08-10.log
[20:52:16][INFO][同步项目开发记录] 上传成功: output/sync_meta/sync_meta_4ae831e3-0263-4912-b1f5-379b2263c7ad.json
[20:52:20][INFO][同步项目开发记录] 任务已停止
[20:54:02][INFO][Web] Web 远程管理已启动: http://本机IP:8899/?token={9bdc57e6a3ab4033a19dacb3ead5f193}
[20:54:02][INFO][系统] 自启动注册表写入状态: OK
[20:54:02][INFO][同步项目开发记录] 正在连接 10.50.1.205:7121 (ftp) ...
[20:54:02][INFO][同步项目开发记录] 任务已启动
[20:54:02][INFO][同步项目开发记录] FTP 登录成功: 10.50.1.205
[20:54:02][INFO][同步项目开发记录] 服务器连接成功: 10.50.1.205
[20:54:03][INFO][同步项目开发记录] MKD lics_test 已存在
[20:54:03][INFO][同步项目开发记录] MKD lics_test/output 已存在
[20:54:03][INFO][同步项目开发记录] MKD lics_test/output/log 已存在
[20:54:03][INFO][同步项目开发记录] 上传成功: output/log/2026-08-10.log
[20:54:03][INFO][同步项目开发记录] MKD lics_test/output/sync_meta 已存在
[20:54:03][INFO][同步项目开发记录] 上传成功: output/sync_meta/sync_meta_4ae831e3-0263-4912-b1f5-379b2263c7ad.json
[20:54:03][INFO][同步项目开发记录] MKD lics_test/output/config 已存在
[20:54:03][INFO][同步项目开发记录] 上传成功: output/config/config.json
[20:54:08][INFO][同步项目开发记录] 上传成功: output/log/2026-08-10.log
[20:54:08][INFO][同步项目开发记录] 上传成功: output/sync_meta/sync_meta_4ae831e3-0263-4912-b1f5-379b2263c7ad.json
[20:54:13][INFO][同步项目开发记录] 上传成功: output/log/2026-08-10.log
[20:54:13][INFO][同步项目开发记录] 上传成功: output/sync_meta/sync_meta_4ae831e3-0263-4912-b1f5-379b2263c7ad.json
[20:54:18][INFO][同步项目开发记录] 上传成功: output/log/2026-08-10.log
[20:54:18][INFO][同步项目开发记录] 上传成功: output/sync_meta/sync_meta_4ae831e3-0263-4912-b1f5-379b2263c7ad.json
[20:54:19][INFO][FTP浏览] 正在连接 10.50.1.205:7121 (ftp) ...
[20:54:19][INFO][FTP浏览] FTP 登录成功: 10.50.1.205
[20:54:23][INFO][同步项目开发记录] 上传成功: output/log/2026-08-10.log
[20:54:23][INFO][同步项目开发记录] 上传成功: output/sync_meta/sync_meta_4ae831e3-0263-4912-b1f5-379b2263c7ad.json
[20:54:28][INFO][同步项目开发记录] 上传成功: output/log/2026-08-10.log
[20:54:28][INFO][同步项目开发记录] 上传成功: output/sync_meta/sync_meta_4ae831e3-0263-4912-b1f5-379b2263c7ad.json
[20:54:33][INFO][同步项目开发记录] 上传成功: output/log/2026-08-10.log
[20:54:33][INFO][同步项目开发记录] 上传成功: output/sync_meta/sync_meta_4ae831e3-0263-4912-b1f5-379b2263c7ad.json
[20:54:38][INFO][同步项目开发记录] 上传成功: output/log/2026-08-10.log
[20:54:38][INFO][同步项目开发记录] 上传成功: output/sync_meta/sync_meta_4ae831e3-0263-4912-b1f5-379b2263c7ad.json
[20:54:43][INFO][同步项目开发记录] 上传成功: output/log/2026-08-10.log
[20:54:43][INFO][同步项目开发记录] 上传成功: output/sync_meta/sync_meta_4ae831e3-0263-4912-b1f5-379b2263c7ad.json
[20:54:48][INFO][同步项目开发记录] 上传成功: output/log/2026-08-10.log
[20:54:48][INFO][同步项目开发记录] 上传成功: output/sync_meta/sync_meta_4ae831e3-0263-4912-b1f5-379b2263c7ad.json
[20:54:53][INFO][同步项目开发记录] 上传成功: output/log/2026-08-10.log
[20:54:53][INFO][同步项目开发记录] 上传成功: output/sync_meta/sync_meta_4ae831e3-0263-4912-b1f5-379b2263c7ad.json
[20:54:58][INFO][同步项目开发记录] 上传成功: output/log/2026-08-10.log
[20:54:58][INFO][同步项目开发记录] 上传成功: output/sync_meta/sync_meta_4ae831e3-0263-4912-b1f5-379b2263c7ad.json
[20:55:03][INFO][同步项目开发记录] 上传成功: output/log/2026-08-10.log
[20:55:03][INFO][同步项目开发记录] 上传成功: output/sync_meta/sync_meta_4ae831e3-0263-4912-b1f5-379b2263c7ad.json
[20:55:08][INFO][同步项目开发记录] 上传成功: output/log/2026-08-10.log
[20:55:08][INFO][同步项目开发记录] 上传成功: output/sync_meta/sync_meta_4ae831e3-0263-4912-b1f5-379b2263c7ad.json
[20:55:13][INFO][同步项目开发记录] 上传成功: output/log/2026-08-10.log
[20:55:13][INFO][同步项目开发记录] 上传成功: output/sync_meta/sync_meta_4ae831e3-0263-4912-b1f5-379b2263c7ad.json
[20:55:18][INFO][同步项目开发记录] 上传成功: output/log/2026-08-10.log
[20:55:18][INFO][同步项目开发记录] 上传成功: output/sync_meta/sync_meta_4ae831e3-0263-4912-b1f5-379b2263c7ad.json
[20:55:20][INFO][Web] Web 管理地址已复制到剪贴板
[20:55:23][INFO][同步项目开发记录] 上传成功: output/log/2026-08-10.log
[20:55:23][INFO][同步项目开发记录] 上传成功: output/sync_meta/sync_meta_4ae831e3-0263-4912-b1f5-379b2263c7ad.json
[20:55:28][INFO][同步项目开发记录] 上传成功: output/log/2026-08-10.log
[20:55:28][INFO][同步项目开发记录] 上传成功: output/sync_meta/sync_meta_4ae831e3-0263-4912-b1f5-379b2263c7ad.json
[20:55:33][INFO][同步项目开发记录] 上传成功: output/log/2026-08-10.log
[20:55:33][INFO][同步项目开发记录] 上传成功: output/sync_meta/sync_meta_4ae831e3-0263-4912-b1f5-379b2263c7ad.json
[20:55:38][INFO][同步项目开发记录] 上传成功: output/log/2026-08-10.log
[20:55:38][INFO][同步项目开发记录] 上传成功: output/sync_meta/sync_meta_4ae831e3-0263-4912-b1f5-379b2263c7ad.json
[20:55:43][INFO][同步项目开发记录] 上传成功: output/log/2026-08-10.log
[20:55:43][INFO][同步项目开发记录] 上传成功: output/sync_meta/sync_meta_4ae831e3-0263-4912-b1f5-379b2263c7ad.json
[20:55:48][INFO][同步项目开发记录] 上传成功: output/log/2026-08-10.log
[20:55:48][INFO][同步项目开发记录] 上传成功: output/sync_meta/sync_meta_4ae831e3-0263-4912-b1f5-379b2263c7ad.json
[20:55:53][INFO][同步项目开发记录] 上传成功: output/log/2026-08-10.log
[20:55:53][INFO][同步项目开发记录] 上传成功: output/sync_meta/sync_meta_4ae831e3-0263-4912-b1f5-379b2263c7ad.json
[20:55:58][INFO][同步项目开发记录] 上传成功: output/log/2026-08-10.log
[20:55:58][INFO][同步项目开发记录] 上传成功: output/sync_meta/sync_meta_4ae831e3-0263-4912-b1f5-379b2263c7ad.json
[20:56:03][INFO][同步项目开发记录] 上传成功: output/log/2026-08-10.log
[20:56:03][INFO][同步项目开发记录] 上传成功: output/sync_meta/sync_meta_4ae831e3-0263-4912-b1f5-379b2263c7ad.json
[20:56:08][INFO][同步项目开发记录] 上传成功: output/log/2026-08-10.log
[20:56:08][INFO][同步项目开发记录] 上传成功: output/sync_meta/sync_meta_4ae831e3-0263-4912-b1f5-379b2263c7ad.json
[20:56:13][INFO][同步项目开发记录] 上传成功: output/log/2026-08-10.log
[20:56:13][INFO][同步项目开发记录] 上传成功: output/sync_meta/sync_meta_4ae831e3-0263-4912-b1f5-379b2263c7ad.json
[20:56:18][INFO][同步项目开发记录] 上传成功: output/log/2026-08-10.log
[20:56:18][INFO][同步项目开发记录] 上传成功: output/sync_meta/sync_meta_4ae831e3-0263-4912-b1f5-379b2263c7ad.json
[20:56:23][INFO][同步项目开发记录] 上传成功: output/log/2026-08-10.log
[20:56:23][INFO][同步项目开发记录] 上传成功: output/sync_meta/sync_meta_4ae831e3-0263-4912-b1f5-379b2263c7ad.json
[20:56:28][INFO][同步项目开发记录] 上传成功: output/log/2026-08-10.log
[20:56:28][INFO][同步项目开发记录] 上传成功: output/sync_meta/sync_meta_4ae831e3-0263-4912-b1f5-379b2263c7ad.json
[20:56:33][INFO][同步项目开发记录] 上传成功: output/log/2026-08-10.log
[20:56:33][INFO][同步项目开发记录] 上传成功: output/sync_meta/sync_meta_4ae831e3-0263-4912-b1f5-379b2263c7ad.json
[20:56:38][INFO][同步项目开发记录] 上传成功: output/log/2026-08-10.log
[20:56:38][INFO][同步项目开发记录] 上传成功: output/sync_meta/sync_meta_4ae831e3-0263-4912-b1f5-379b2263c7ad.json
[20:56:43][INFO][同步项目开发记录] 上传成功: output/log/2026-08-10.log
[20:56:43][INFO][同步项目开发记录] 上传成功: output/sync_meta/sync_meta_4ae831e3-0263-4912-b1f5-379b2263c7ad.json
[20:56:48][INFO][同步项目开发记录] 上传成功: output/log/2026-08-10.log
[20:56:48][INFO][同步项目开发记录] 上传成功: output/sync_meta/sync_meta_4ae831e3-0263-4912-b1f5-379b2263c7ad.json
[20:56:53][INFO][同步项目开发记录] 上传成功: output/log/2026-08-10.log
[20:56:53][INFO][同步项目开发记录] 上传成功: output/sync_meta/sync_meta_4ae831e3-0263-4912-b1f5-379b2263c7ad.json
[20:56:58][INFO][同步项目开发记录] 上传成功: output/log/2026-08-10.log
[20:56:58][INFO][同步项目开发记录] 上传成功: output/sync_meta/sync_meta_4ae831e3-0263-4912-b1f5-379b2263c7ad.json
[20:57:03][INFO][同步项目开发记录] 上传成功: output/log/2026-08-10.log
[20:57:03][INFO][同步项目开发记录] 上传成功: output/sync_meta/sync_meta_4ae831e3-0263-4912-b1f5-379b2263c7ad.json
[20:57:06][WARN][同步项目开发记录] 上传失败，5 秒后第 1 次重试: output.rar - 无法打开本地文件: C:/Users/lics/Desktop/autoUploadFiles/output.rar
[20:57:38][INFO][同步项目开发记录] 操作超时(30s)
[20:57:38][WARN][同步项目开发记录] 上传失败，5 秒后第 1 次重试: output/log/2026-08-10.log - 操作超时(30s)
[20:57:44][INFO][同步项目开发记录] 上传成功: output.rar
[20:57:44][INFO][同步项目开发记录] 上传成功: output/log/2026-08-10.log
[20:57:44][INFO][同步项目开发记录] 上传成功: output/sync_meta/sync_meta_4ae831e3-0263-4912-b1f5-379b2263c7ad.json
[20:57:48][INFO][同步项目开发记录] 上传成功: output/log/2026-08-10.log
[20:57:48][INFO][同步项目开发记录] 上传成功: output/sync_meta/sync_meta_4ae831e3-0263-4912-b1f5-379b2263c7ad.json
[20:57:53][INFO][同步项目开发记录] 上传成功: output/log/2026-08-10.log
[20:57:53][INFO][同步项目开发记录] 上传成功: output/sync_meta/sync_meta_4ae831e3-0263-4912-b1f5-379b2263c7ad.json
[20:57:58][INFO][同步项目开发记录] 上传成功: output/log/2026-08-10.log
[20:57:58][INFO][同步项目开发记录] 上传成功: output/sync_meta/sync_meta_4ae831e3-0263-4912-b1f5-379b2263c7ad.json
[20:58:03][INFO][同步项目开发记录] 上传成功: output/log/2026-08-10.log
[20:58:03][INFO][同步项目开发记录] 上传成功: output/sync_meta/sync_meta_4ae831e3-0263-4912-b1f5-379b2263c7ad.json
[20:58:08][INFO][同步项目开发记录] 上传成功: output/log/2026-08-10.log
[20:58:08][INFO][同步项目开发记录] 上传成功: output/sync_meta/sync_meta_4ae831e3-0263-4912-b1f5-379b2263c7ad.json
[20:58:10][INFO][FTP浏览] 删除成功
[20:58:13][INFO][同步项目开发记录] 上传成功: output/log/2026-08-10.log
[20:58:13][INFO][同步项目开发记录] 上传成功: output/sync_meta/sync_meta_4ae831e3-0263-4912-b1f5-379b2263c7ad.json
[20:58:18][INFO][同步项目开发记录] 上传成功: output/log/2026-08-10.log
[20:58:18][INFO][同步项目开发记录] 上传成功: output/sync_meta/sync_meta_4ae831e3-0263-4912-b1f5-379b2263c7ad.json
[20:58:23][INFO][同步项目开发记录] 上传成功: output/log/2026-08-10.log
[20:58:23][INFO][同步项目开发记录] 上传成功: output/sync_meta/sync_meta_4ae831e3-0263-4912-b1f5-379b2263c7ad.json
[20:58:28][INFO][同步项目开发记录] 上传成功: output/log/2026-08-10.log
[20:58:28][INFO][同步项目开发记录] 上传成功: output/sync_meta/sync_meta_4ae831e3-0263-4912-b1f5-379b2263c7ad.json
[20:58:33][INFO][同步项目开发记录] 上传成功: output/log/2026-08-10.log
[20:58:33][INFO][同步项目开发记录] 上传成功: output/sync_meta/sync_meta_4ae831e3-0263-4912-b1f5-379b2263c7ad.json
[20:58:38][INFO][同步项目开发记录] 上传成功: output/log/2026-08-10.log
[20:58:38][INFO][同步项目开发记录] 上传成功: output/sync_meta/sync_meta_4ae831e3-0263-4912-b1f5-379b2263c7ad.json
[20:58:43][INFO][同步项目开发记录] 上传成功: output/log/2026-08-10.log
[20:58:43][INFO][同步项目开发记录] 上传成功: output/sync_meta/sync_meta_4ae831e3-0263-4912-b1f5-379b2263c7ad.json
[20:58:48][INFO][同步项目开发记录] 上传成功: output/log/2026-08-10.log
[20:58:48][INFO][同步项目开发记录] 上传成功: output/sync_meta/sync_meta_4ae831e3-0263-4912-b1f5-379b2263c7ad.json
[20:58:53][INFO][同步项目开发记录] 上传成功: output/log/2026-08-10.log
[20:58:53][INFO][同步项目开发记录] 上传成功: output/sync_meta/sync_meta_4ae831e3-0263-4912-b1f5-379b2263c7ad.json
[20:58:58][INFO][同步项目开发记录] 上传成功: output/log/2026-08-10.log
[20:58:58][INFO][同步项目开发记录] 上传成功: output/sync_meta/sync_meta_4ae831e3-0263-4912-b1f5-379b2263c7ad.json
[20:59:03][INFO][同步项目开发记录] 上传成功: output/log/2026-08-10.log
[20:59:03][INFO][同步项目开发记录] 上传成功: output/sync_meta/sync_meta_4ae831e3-0263-4912-b1f5-379b2263c7ad.json
[20:59:08][INFO][同步项目开发记录] 上传成功: output/log/2026-08-10.log
[20:59:08][INFO][同步项目开发记录] 上传成功: output/sync_meta/sync_meta_4ae831e3-0263-4912-b1f5-379b2263c7ad.json
[20:59:13][INFO][同步项目开发记录] 上传成功: output/log/2026-08-10.log
[20:59:13][INFO][同步项目开发记录] 上传成功: output/sync_meta/sync_meta_4ae831e3-0263-4912-b1f5-379b2263c7ad.json
[20:59:18][INFO][同步项目开发记录] 上传成功: output/log/2026-08-10.log
[20:59:18][INFO][同步项目开发记录] 上传成功: output/sync_meta/sync_meta_4ae831e3-0263-4912-b1f5-379b2263c7ad.json
[20:59:23][INFO][同步项目开发记录] 上传成功: output/log/2026-08-10.log
[20:59:23][INFO][同步项目开发记录] 上传成功: output/sync_meta/sync_meta_4ae831e3-0263-4912-b1f5-379b2263c7ad.json
[20:59:28][INFO][同步项目开发记录] 上传成功: output/log/2026-08-10.log
[20:59:28][INFO][同步项目开发记录] 上传成功: output/sync_meta/sync_meta_4ae831e3-0263-4912-b1f5-379b2263c7ad.json
[20:59:33][INFO][同步项目开发记录] 上传成功: output/log/2026-08-10.log
[20:59:33][INFO][同步项目开发记录] 上传成功: output/sync_meta/sync_meta_4ae831e3-0263-4912-b1f5-379b2263c7ad.json
[20:59:38][INFO][同步项目开发记录] 上传成功: output/log/2026-08-10.log
[20:59:38][INFO][同步项目开发记录] 上传成功: output/sync_meta/sync_meta_4ae831e3-0263-4912-b1f5-379b2263c7ad.json
[20:59:43][INFO][同步项目开发记录] 上传成功: output/log/2026-08-10.log
[20:59:43][INFO][同步项目开发记录] 上传成功: output/sync_meta/sync_meta_4ae831e3-0263-4912-b1f5-379b2263c7ad.json
[20:59:48][INFO][同步项目开发记录] 上传成功: output/log/2026-08-10.log
[20:59:48][INFO][同步项目开发记录] 上传成功: output/sync_meta/sync_meta_4ae831e3-0263-4912-b1f5-379b2263c7ad.json
[20:59:53][INFO][同步项目开发记录] 上传成功: output/log/2026-08-10.log
[20:59:53][INFO][同步项目开发记录] 上传成功: output/sync_meta/sync_meta_4ae831e3-0263-4912-b1f5-379b2263c7ad.json
[20:59:58][INFO][同步项目开发记录] 上传成功: output/log/2026-08-10.log
[20:59:58][INFO][同步项目开发记录] 上传成功: output/sync_meta/sync_meta_4ae831e3-0263-4912-b1f5-379b2263c7ad.json
[21:00:03][INFO][同步项目开发记录] 上传成功: output/log/2026-08-10.log
[21:00:03][INFO][同步项目开发记录] 上传成功: output/sync_meta/sync_meta_4ae831e3-0263-4912-b1f5-379b2263c7ad.json
[21:00:08][INFO][同步项目开发记录] 上传成功: output/log/2026-08-10.log
[21:00:08][INFO][同步项目开发记录] 上传成功: output/sync_meta/sync_meta_4ae831e3-0263-4912-b1f5-379b2263c7ad.json
[21:00:13][INFO][同步项目开发记录] 上传成功: output/log/2026-08-10.log
[21:00:13][INFO][同步项目开发记录] 上传成功: output/sync_meta/sync_meta_4ae831e3-0263-4912-b1f5-379b2263c7ad.json
[21:00:18][INFO][同步项目开发记录] 上传成功: output/log/2026-08-10.log
[21:00:18][INFO][同步项目开发记录] 上传成功: output/sync_meta/sync_meta_4ae831e3-0263-4912-b1f5-379b2263c7ad.json
[21:00:23][INFO][同步项目开发记录] 上传成功: output/log/2026-08-10.log
[21:00:23][INFO][同步项目开发记录] 上传成功: output/sync_meta/sync_meta_4ae831e3-0263-4912-b1f5-379b2263c7ad.json
[21:00:28][INFO][同步项目开发记录] 上传成功: output/log/2026-08-10.log
[21:00:28][INFO][同步项目开发记录] 上传成功: output/sync_meta/sync_meta_4ae831e3-0263-4912-b1f5-379b2263c7ad.json
[21:00:33][INFO][同步项目开发记录] 上传成功: output/log/2026-08-10.log
[21:00:33][INFO][同步项目开发记录] 上传成功: output/sync_meta/sync_meta_4ae831e3-0263-4912-b1f5-379b2263c7ad.json
[21:00:38][INFO][同步项目开发记录] 上传成功: output/log/2026-08-10.log
[21:00:38][INFO][同步项目开发记录] 上传成功: output/sync_meta/sync_meta_4ae831e3-0263-4912-b1f5-379b2263c7ad.json
[21:00:43][INFO][同步项目开发记录] 上传成功: output/log/2026-08-10.log
[21:00:43][INFO][同步项目开发记录] 上传成功: output/sync_meta/sync_meta_4ae831e3-0263-4912-b1f5-379b2263c7ad.json
[21:00:48][INFO][同步项目开发记录] 上传成功: output/log/2026-08-10.log
[21:00:48][INFO][同步项目开发记录] 上传成功: output/sync_meta/sync_meta_4ae831e3-0263-4912-b1f5-379b2263c7ad.json
[21:00:53][INFO][同步项目开发记录] 上传成功: output/log/2026-08-10.log
[21:00:53][INFO][同步项目开发记录] 上传成功: output/sync_meta/sync_meta_4ae831e3-0263-4912-b1f5-379b2263c7ad.json
[21:00:58][INFO][同步项目开发记录] 上传成功: output/log/2026-08-10.log
[21:00:58][INFO][同步项目开发记录] 上传成功: output/sync_meta/sync_meta_4ae831e3-0263-4912-b1f5-379b2263c7ad.json
[21:01:03][INFO][同步项目开发记录] 上传成功: output/log/2026-08-10.log
[21:01:03][INFO][同步项目开发记录] 上传成功: output/sync_meta/sync_meta_4ae831e3-0263-4912-b1f5-379b2263c7ad.json
[21:01:08][INFO][同步项目开发记录] 上传成功: output/log/2026-08-10.log
[21:01:08][INFO][同步项目开发记录] 上传成功: output/sync_meta/sync_meta_4ae831e3-0263-4912-b1f5-379b2263c7ad.json
[21:01:13][INFO][同步项目开发记录] 上传成功: output/log/2026-08-10.log
[21:01:13][INFO][同步项目开发记录] 上传成功: output/sync_meta/sync_meta_4ae831e3-0263-4912-b1f5-379b2263c7ad.json
[21:01:18][INFO][同步项目开发记录] 上传成功: output/log/2026-08-10.log
[21:01:18][INFO][同步项目开发记录] 上传成功: output/sync_meta/sync_meta_4ae831e3-0263-4912-b1f5-379b2263c7ad.json
[21:01:23][INFO][同步项目开发记录] 上传成功: output/log/2026-08-10.log
[21:01:23][INFO][同步项目开发记录] 上传成功: output/sync_meta/sync_meta_4ae831e3-0263-4912-b1f5-379b2263c7ad.json
[21:01:28][INFO][同步项目开发记录] 上传成功: output/log/2026-08-10.log
[21:01:28][INFO][同步项目开发记录] 上传成功: output/sync_meta/sync_meta_4ae831e3-0263-4912-b1f5-379b2263c7ad.json
[21:01:33][INFO][同步项目开发记录] 上传成功: output/log/2026-08-10.log
[21:01:33][INFO][同步项目开发记录] 上传成功: output/sync_meta/sync_meta_4ae831e3-0263-4912-b1f5-379b2263c7ad.json
[21:01:38][INFO][同步项目开发记录] 上传成功: output/log/2026-08-10.log
[21:01:38][INFO][同步项目开发记录] 上传成功: output/sync_meta/sync_meta_4ae831e3-0263-4912-b1f5-379b2263c7ad.json
[21:01:43][INFO][同步项目开发记录] 上传成功: output/log/2026-08-10.log
[21:01:43][INFO][同步项目开发记录] 上传成功: output/sync_meta/sync_meta_4ae831e3-0263-4912-b1f5-379b2263c7ad.json
[21:01:48][INFO][同步项目开发记录] 上传成功: output/log/2026-08-10.log
[21:01:48][INFO][同步项目开发记录] 上传成功: output/sync_meta/sync_meta_4ae831e3-0263-4912-b1f5-379b2263c7ad.json
[21:01:53][INFO][同步项目开发记录] 上传成功: output/log/2026-08-10.log
[21:01:53][INFO][同步项目开发记录] 上传成功: output/sync_meta/sync_meta_4ae831e3-0263-4912-b1f5-379b2263c7ad.json
[21:01:58][INFO][同步项目开发记录] 上传成功: output/log/2026-08-10.log
[21:01:58][INFO][同步项目开发记录] 上传成功: output/sync_meta/sync_meta_4ae831e3-0263-4912-b1f5-379b2263c7ad.json
[21:02:03][INFO][同步项目开发记录] 上传成功: output/log/2026-08-10.log
[21:02:03][INFO][同步项目开发记录] 上传成功: output/sync_meta/sync_meta_4ae831e3-0263-4912-b1f5-379b2263c7ad.json
[21:02:08][INFO][同步项目开发记录] 上传成功: output/log/2026-08-10.log
[21:02:08][INFO][同步项目开发记录] 上传成功: output/sync_meta/sync_meta_4ae831e3-0263-4912-b1f5-379b2263c7ad.json
[21:02:13][INFO][同步项目开发记录] 上传成功: output/log/2026-08-10.log
[21:02:13][INFO][同步项目开发记录] 上传成功: output/sync_meta/sync_meta_4ae831e3-0263-4912-b1f5-379b2263c7ad.json
[21:02:18][INFO][同步项目开发记录] 上传成功: output/log/2026-08-10.log
[21:02:18][INFO][同步项目开发记录] 上传成功: output/sync_meta/sync_meta_4ae831e3-0263-4912-b1f5-379b2263c7ad.json
[21:02:23][INFO][同步项目开发记录] 上传成功: output/log/2026-08-10.log
[21:02:23][INFO][同步项目开发记录] 上传成功: output/sync_meta/sync_meta_4ae831e3-0263-4912-b1f5-379b2263c7ad.json
[21:02:28][INFO][同步项目开发记录] 上传成功: output/log/2026-08-10.log
[21:02:28][INFO][同步项目开发记录] 上传成功: output/sync_meta/sync_meta_4ae831e3-0263-4912-b1f5-379b2263c7ad.json
[21:02:33][INFO][同步项目开发记录] 上传成功: output/log/2026-08-10.log
[21:02:33][INFO][同步项目开发记录] 上传成功: output/sync_meta/sync_meta_4ae831e3-0263-4912-b1f5-379b2263c7ad.json
[21:02:38][INFO][同步项目开发记录] 上传成功: output/log/2026-08-10.log
[21:02:38][INFO][同步项目开发记录] 上传成功: output/sync_meta/sync_meta_4ae831e3-0263-4912-b1f5-379b2263c7ad.json
[21:02:43][INFO][同步项目开发记录] 上传成功: output/log/2026-08-10.log
[21:02:43][INFO][同步项目开发记录] 上传成功: output/sync_meta/sync_meta_4ae831e3-0263-4912-b1f5-379b2263c7ad.json
[21:02:48][INFO][同步项目开发记录] 上传成功: output/log/2026-08-10.log
[21:02:48][INFO][同步项目开发记录] 上传成功: output/sync_meta/sync_meta_4ae831e3-0263-4912-b1f5-379b2263c7ad.json
[21:02:53][INFO][同步项目开发记录] 上传成功: output/log/2026-08-10.log
[21:02:53][INFO][同步项目开发记录] 上传成功: output/sync_meta/sync_meta_4ae831e3-0263-4912-b1f5-379b2263c7ad.json
[21:02:58][INFO][同步项目开发记录] 上传成功: output/log/2026-08-10.log
[21:02:58][INFO][同步项目开发记录] 上传成功: output/sync_meta/sync_meta_4ae831e3-0263-4912-b1f5-379b2263c7ad.json
[21:03:03][INFO][同步项目开发记录] 上传成功: output/log/2026-08-10.log
[21:03:03][INFO][同步项目开发记录] 上传成功: output/sync_meta/sync_meta_4ae831e3-0263-4912-b1f5-379b2263c7ad.json
[21:03:08][INFO][同步项目开发记录] 上传成功: output/log/2026-08-10.log
[21:03:08][INFO][同步项目开发记录] 上传成功: output/sync_meta/sync_meta_4ae831e3-0263-4912-b1f5-379b2263c7ad.json
[21:03:10][WARN][FTP浏览] 控制连接断开: The remote host closed the connection
[21:03:13][INFO][同步项目开发记录] 上传成功: output/log/2026-08-10.log
[21:03:13][INFO][同步项目开发记录] 上传成功: output/sync_meta/sync_meta_4ae831e3-0263-4912-b1f5-379b2263c7ad.json
[21:03:18][INFO][同步项目开发记录] 上传成功: output/log/2026-08-10.log
[21:03:18][INFO][同步项目开发记录] 上传成功: output/sync_meta/sync_meta_4ae831e3-0263-4912-b1f5-379b2263c7ad.json
[21:03:23][INFO][同步项目开发记录] 上传成功: output/log/2026-08-10.log
[21:03:23][INFO][同步项目开发记录] 上传成功: output/sync_meta/sync_meta_4ae831e3-0263-4912-b1f5-379b2263c7ad.json
[21:03:28][INFO][同步项目开发记录] 上传成功: output/log/2026-08-10.log
[21:03:28][INFO][同步项目开发记录] 上传成功: output/sync_meta/sync_meta_4ae831e3-0263-4912-b1f5-379b2263c7ad.json
[21:03:33][INFO][同步项目开发记录] 上传成功: output/log/2026-08-10.log
[21:03:33][INFO][同步项目开发记录] 上传成功: output/sync_meta/sync_meta_4ae831e3-0263-4912-b1f5-379b2263c7ad.json
[21:03:38][INFO][同步项目开发记录] 上传成功: output/log/2026-08-10.log
[21:03:38][INFO][同步项目开发记录] 上传成功: output/sync_meta/sync_meta_4ae831e3-0263-4912-b1f5-379b2263c7ad.json
[21:03:43][INFO][同步项目开发记录] 上传成功: output/log/2026-08-10.log
[21:03:43][INFO][同步项目开发记录] 上传成功: output/sync_meta/sync_meta_4ae831e3-0263-4912-b1f5-379b2263c7ad.json
[21:03:48][INFO][同步项目开发记录] 上传成功: output/log/2026-08-10.log
[21:03:48][INFO][同步项目开发记录] 上传成功: output/sync_meta/sync_meta_4ae831e3-0263-4912-b1f5-379b2263c7ad.json
[21:03:53][INFO][同步项目开发记录] 上传成功: output/log/2026-08-10.log
[21:03:53][INFO][同步项目开发记录] 上传成功: output/sync_meta/sync_meta_4ae831e3-0263-4912-b1f5-379b2263c7ad.json
[21:03:58][INFO][同步项目开发记录] 上传成功: output/log/2026-08-10.log
[21:03:58][INFO][同步项目开发记录] 上传成功: output/sync_meta/sync_meta_4ae831e3-0263-4912-b1f5-379b2263c7ad.json
[21:04:03][INFO][同步项目开发记录] 上传成功: output/log/2026-08-10.log
[21:04:03][INFO][同步项目开发记录] 上传成功: output/sync_meta/sync_meta_4ae831e3-0263-4912-b1f5-379b2263c7ad.json
[21:04:08][INFO][同步项目开发记录] 上传成功: output/log/2026-08-10.log
[21:04:08][INFO][同步项目开发记录] 上传成功: output/sync_meta/sync_meta_4ae831e3-0263-4912-b1f5-379b2263c7ad.json
[21:04:13][INFO][同步项目开发记录] 上传成功: output/log/2026-08-10.log
[21:04:13][INFO][同步项目开发记录] 上传成功: output/sync_meta/sync_meta_4ae831e3-0263-4912-b1f5-379b2263c7ad.json
[21:04:18][INFO][同步项目开发记录] 上传成功: output/log/2026-08-10.log
[21:04:18][INFO][同步项目开发记录] 上传成功: output/sync_meta/sync_meta_4ae831e3-0263-4912-b1f5-379b2263c7ad.json
[21:04:23][INFO][同步项目开发记录] 上传成功: output/log/2026-08-10.log
[21:04:23][INFO][同步项目开发记录] 上传成功: output/sync_meta/sync_meta_4ae831e3-0263-4912-b1f5-379b2263c7ad.json
[21:04:28][INFO][同步项目开发记录] 上传成功: output/log/2026-08-10.log
[21:04:28][INFO][同步项目开发记录] 上传成功: output/sync_meta/sync_meta_4ae831e3-0263-4912-b1f5-379b2263c7ad.json
[21:04:33][INFO][同步项目开发记录] 上传成功: output/log/2026-08-10.log
[21:04:33][INFO][同步项目开发记录] 上传成功: output/sync_meta/sync_meta_4ae831e3-0263-4912-b1f5-379b2263c7ad.json
[21:04:38][INFO][同步项目开发记录] 上传成功: output/log/2026-08-10.log
[21:04:38][INFO][同步项目开发记录] 上传成功: output/sync_meta/sync_meta_4ae831e3-0263-4912-b1f5-379b2263c7ad.json
[21:04:43][INFO][同步项目开发记录] 上传成功: output/log/2026-08-10.log
[21:04:43][INFO][同步项目开发记录] 上传成功: output/sync_meta/sync_meta_4ae831e3-0263-4912-b1f5-379b2263c7ad.json
[21:04:48][INFO][同步项目开发记录] 上传成功: output/log/2026-08-10.log
[21:04:48][INFO][同步项目开发记录] 上传成功: output/sync_meta/sync_meta_4ae831e3-0263-4912-b1f5-379b2263c7ad.json
[21:04:53][INFO][同步项目开发记录] 上传成功: output/log/2026-08-10.log
[21:04:53][INFO][同步项目开发记录] 上传成功: output/sync_meta/sync_meta_4ae831e3-0263-4912-b1f5-379b2263c7ad.json
[21:04:58][INFO][同步项目开发记录] 上传成功: output/log/2026-08-10.log
[21:04:58][INFO][同步项目开发记录] 上传成功: output/sync_meta/sync_meta_4ae831e3-0263-4912-b1f5-379b2263c7ad.json
[21:05:03][INFO][同步项目开发记录] 上传成功: output/log/2026-08-10.log
[21:05:03][INFO][同步项目开发记录] 上传成功: output/sync_meta/sync_meta_4ae831e3-0263-4912-b1f5-379b2263c7ad.json
[21:05:08][INFO][同步项目开发记录] 上传成功: output/log/2026-08-10.log
[21:05:08][INFO][同步项目开发记录] 上传成功: output/sync_meta/sync_meta_4ae831e3-0263-4912-b1f5-379b2263c7ad.json
[21:05:13][INFO][同步项目开发记录] 上传成功: output/log/2026-08-10.log
[21:05:13][INFO][同步项目开发记录] 上传成功: output/sync_meta/sync_meta_4ae831e3-0263-4912-b1f5-379b2263c7ad.json
[21:05:18][INFO][同步项目开发记录] 上传成功: output/log/2026-08-10.log
[21:05:18][INFO][同步项目开发记录] 上传成功: output/sync_meta/sync_meta_4ae831e3-0263-4912-b1f5-379b2263c7ad.json
[21:05:23][INFO][同步项目开发记录] 上传成功: output/log/2026-08-10.log
[21:05:23][INFO][同步项目开发记录] 上传成功: output/sync_meta/sync_meta_4ae831e3-0263-4912-b1f5-379b2263c7ad.json
[21:05:28][INFO][同步项目开发记录] 上传成功: output/log/2026-08-10.log
[21:05:28][INFO][同步项目开发记录] 上传成功: output/sync_meta/sync_meta_4ae831e3-0263-4912-b1f5-379b2263c7ad.json
[21:05:33][INFO][同步项目开发记录] 上传成功: output/log/2026-08-10.log
[21:05:33][INFO][同步项目开发记录] 上传成功: output/sync_meta/sync_meta_4ae831e3-0263-4912-b1f5-379b2263c7ad.json
[21:05:38][INFO][同步项目开发记录] 上传成功: output/log/2026-08-10.log
[21:05:38][INFO][同步项目开发记录] 上传成功: output/sync_meta/sync_meta_4ae831e3-0263-4912-b1f5-379b2263c7ad.json
[21:05:43][INFO][同步项目开发记录] 上传成功: output/log/2026-08-10.log
[21:05:43][INFO][同步项目开发记录] 上传成功: output/sync_meta/sync_meta_4ae831e3-0263-4912-b1f5-379b2263c7ad.json
[21:05:48][INFO][同步项目开发记录] 上传成功: output/log/2026-08-10.log
[21:05:48][INFO][同步项目开发记录] 上传成功: output/sync_meta/sync_meta_4ae831e3-0263-4912-b1f5-379b2263c7ad.json
[21:05:53][INFO][同步项目开发记录] 上传成功: output/log/2026-08-10.log
[21:05:53][INFO][同步项目开发记录] 上传成功: output/sync_meta/sync_meta_4ae831e3-0263-4912-b1f5-379b2263c7ad.json
[21:05:58][INFO][同步项目开发记录] 上传成功: output/log/2026-08-10.log
[21:05:58][INFO][同步项目开发记录] 上传成功: output/sync_meta/sync_meta_4ae831e3-0263-4912-b1f5-379b2263c7ad.json
[21:06:03][INFO][同步项目开发记录] 上传成功: output/log/2026-08-10.log
[21:06:03][INFO][同步项目开发记录] 上传成功: output/sync_meta/sync_meta_4ae831e3-0263-4912-b1f5-379b2263c7ad.json
[21:06:08][INFO][同步项目开发记录] 上传成功: output/log/2026-08-10.log
[21:06:08][INFO][同步项目开发记录] 上传成功: output/sync_meta/sync_meta_4ae831e3-0263-4912-b1f5-379b2263c7ad.json
[21:06:13][INFO][同步项目开发记录] 上传成功: output/log/2026-08-10.log
[21:06:13][INFO][同步项目开发记录] 上传成功: output/sync_meta/sync_meta_4ae831e3-0263-4912-b1f5-379b2263c7ad.json
[21:06:18][INFO][同步项目开发记录] 上传成功: output/log/2026-08-10.log
[21:06:18][INFO][同步项目开发记录] 上传成功: output/sync_meta/sync_meta_4ae831e3-0263-4912-b1f5-379b2263c7ad.json
[21:06:23][INFO][同步项目开发记录] 上传成功: output/log/2026-08-10.log
[21:06:23][INFO][同步项目开发记录] 上传成功: output/sync_meta/sync_meta_4ae831e3-0263-4912-b1f5-379b2263c7ad.json
[21:06:28][INFO][同步项目开发记录] 上传成功: output/log/2026-08-10.log
[21:06:28][INFO][同步项目开发记录] 上传成功: output/sync_meta/sync_meta_4ae831e3-0263-4912-b1f5-379b2263c7ad.json
[21:06:33][INFO][同步项目开发记录] 上传成功: output/log/2026-08-10.log
[21:06:33][INFO][同步项目开发记录] 上传成功: output/sync_meta/sync_meta_4ae831e3-0263-4912-b1f5-379b2263c7ad.json
[21:06:38][INFO][同步项目开发记录] 上传成功: output/log/2026-08-10.log
[21:06:38][INFO][同步项目开发记录] 上传成功: output/sync_meta/sync_meta_4ae831e3-0263-4912-b1f5-379b2263c7ad.json
[21:06:43][INFO][同步项目开发记录] 上传成功: output/log/2026-08-10.log
[21:06:43][INFO][同步项目开发记录] 上传成功: output/sync_meta/sync_meta_4ae831e3-0263-4912-b1f5-379b2263c7ad.json
[21:06:48][INFO][同步项目开发记录] 上传成功: output/log/2026-08-10.log
[21:06:48][INFO][同步项目开发记录] 上传成功: output/sync_meta/sync_meta_4ae831e3-0263-4912-b1f5-379b2263c7ad.json
[21:06:53][INFO][同步项目开发记录] 上传成功: output/log/2026-08-10.log
[21:06:53][INFO][同步项目开发记录] 上传成功: output/sync_meta/sync_meta_4ae831e3-0263-4912-b1f5-379b2263c7ad.json
[21:06:58][INFO][同步项目开发记录] 上传成功: output/log/2026-08-10.log
[21:06:58][INFO][同步项目开发记录] 上传成功: output/sync_meta/sync_meta_4ae831e3-0263-4912-b1f5-379b2263c7ad.json
[21:07:03][INFO][同步项目开发记录] 上传成功: output/log/2026-08-10.log
[21:07:03][INFO][同步项目开发记录] 上传成功: output/sync_meta/sync_meta_4ae831e3-0263-4912-b1f5-379b2263c7ad.json
[21:07:08][INFO][同步项目开发记录] 上传成功: output/log/2026-08-10.log
[21:07:08][INFO][同步项目开发记录] 上传成功: output/sync_meta/sync_meta_4ae831e3-0263-4912-b1f5-379b2263c7ad.json
[21:07:13][INFO][同步项目开发记录] 上传成功: output/log/2026-08-10.log
[21:07:13][INFO][同步项目开发记录] 上传成功: output/sync_meta/sync_meta_4ae831e3-0263-4912-b1f5-379b2263c7ad.json
[21:07:18][INFO][同步项目开发记录] 上传成功: output/log/2026-08-10.log
[21:07:18][INFO][同步项目开发记录] 上传成功: output/sync_meta/sync_meta_4ae831e3-0263-4912-b1f5-379b2263c7ad.json
[21:07:23][INFO][同步项目开发记录] 上传成功: output/log/2026-08-10.log
[21:07:23][INFO][同步项目开发记录] 上传成功: output/sync_meta/sync_meta_4ae831e3-0263-4912-b1f5-379b2263c7ad.json
[21:07:28][INFO][同步项目开发记录] 上传成功: output/log/2026-08-10.log
[21:07:28][INFO][同步项目开发记录] 上传成功: output/sync_meta/sync_meta_4ae831e3-0263-4912-b1f5-379b2263c7ad.json
[21:07:33][INFO][同步项目开发记录] 上传成功: output/log/2026-08-10.log
[21:07:33][INFO][同步项目开发记录] 上传成功: output/sync_meta/sync_meta_4ae831e3-0263-4912-b1f5-379b2263c7ad.json
[21:07:38][INFO][同步项目开发记录] 上传成功: output/log/2026-08-10.log
[21:07:38][INFO][同步项目开发记录] 上传成功: output/sync_meta/sync_meta_4ae831e3-0263-4912-b1f5-379b2263c7ad.json
[21:07:43][INFO][同步项目开发记录] 上传成功: output/log/2026-08-10.log
[21:07:43][INFO][同步项目开发记录] 上传成功: output/sync_meta/sync_meta_4ae831e3-0263-4912-b1f5-379b2263c7ad.json
[21:07:48][INFO][同步项目开发记录] 上传成功: output/log/2026-08-10.log
[21:07:48][INFO][同步项目开发记录] 上传成功: output/sync_meta/sync_meta_4ae831e3-0263-4912-b1f5-379b2263c7ad.json
[21:07:53][INFO][同步项目开发记录] 上传成功: output/log/2026-08-10.log
[21:07:53][INFO][同步项目开发记录] 上传成功: output/sync_meta/sync_meta_4ae831e3-0263-4912-b1f5-379b2263c7ad.json
[21:07:58][INFO][同步项目开发记录] 上传成功: output/log/2026-08-10.log
[21:07:58][INFO][同步项目开发记录] 上传成功: output/sync_meta/sync_meta_4ae831e3-0263-4912-b1f5-379b2263c7ad.json
[21:08:03][INFO][同步项目开发记录] 上传成功: output/log/2026-08-10.log
[21:08:03][INFO][同步项目开发记录] 上传成功: output/sync_meta/sync_meta_4ae831e3-0263-4912-b1f5-379b2263c7ad.json
[21:08:08][INFO][同步项目开发记录] 上传成功: output/log/2026-08-10.log
[21:08:08][INFO][同步项目开发记录] 上传成功: output/sync_meta/sync_meta_4ae831e3-0263-4912-b1f5-379b2263c7ad.json
[21:08:13][INFO][同步项目开发记录] 上传成功: output/log/2026-08-10.log
[21:08:13][INFO][同步项目开发记录] 上传成功: output/sync_meta/sync_meta_4ae831e3-0263-4912-b1f5-379b2263c7ad.json
[21:08:18][INFO][同步项目开发记录] 上传成功: output/log/2026-08-10.log
[21:08:18][INFO][同步项目开发记录] 上传成功: output/sync_meta/sync_meta_4ae831e3-0263-4912-b1f5-379b2263c7ad.json
[21:08:23][INFO][同步项目开发记录] 上传成功: output/log/2026-08-10.log
[21:08:23][INFO][同步项目开发记录] 上传成功: output/sync_meta/sync_meta_4ae831e3-0263-4912-b1f5-379b2263c7ad.json
[21:08:28][INFO][同步项目开发记录] 上传成功: output/log/2026-08-10.log
[21:08:28][INFO][同步项目开发记录] 上传成功: output/sync_meta/sync_meta_4ae831e3-0263-4912-b1f5-379b2263c7ad.json
[21:08:33][INFO][同步项目开发记录] 上传成功: output/log/2026-08-10.log
[21:08:33][INFO][同步项目开发记录] 上传成功: output/sync_meta/sync_meta_4ae831e3-0263-4912-b1f5-379b2263c7ad.json
[21:08:38][INFO][同步项目开发记录] 上传成功: output/log/2026-08-10.log
[21:08:38][INFO][同步项目开发记录] 上传成功: output/sync_meta/sync_meta_4ae831e3-0263-4912-b1f5-379b2263c7ad.json
[21:08:43][INFO][同步项目开发记录] 上传成功: output/log/2026-08-10.log
[21:08:43][INFO][同步项目开发记录] 上传成功: output/sync_meta/sync_meta_4ae831e3-0263-4912-b1f5-379b2263c7ad.json
[21:08:48][INFO][同步项目开发记录] 上传成功: output/log/2026-08-10.log
[21:08:48][INFO][同步项目开发记录] 上传成功: output/sync_meta/sync_meta_4ae831e3-0263-4912-b1f5-379b2263c7ad.json
[21:08:53][INFO][同步项目开发记录] 上传成功: output/log/2026-08-10.log
[21:08:53][INFO][同步项目开发记录] 上传成功: output/sync_meta/sync_meta_4ae831e3-0263-4912-b1f5-379b2263c7ad.json
[21:08:58][INFO][同步项目开发记录] 上传成功: output/log/2026-08-10.log
[21:08:58][INFO][同步项目开发记录] 上传成功: output/sync_meta/sync_meta_4ae831e3-0263-4912-b1f5-379b2263c7ad.json
[21:09:03][INFO][同步项目开发记录] 上传成功: output/log/2026-08-10.log
[21:09:03][INFO][同步项目开发记录] 上传成功: output/sync_meta/sync_meta_4ae831e3-0263-4912-b1f5-379b2263c7ad.json
[21:09:08][INFO][同步项目开发记录] 上传成功: output/log/2026-08-10.log
[21:09:08][INFO][同步项目开发记录] 上传成功: output/sync_meta/sync_meta_4ae831e3-0263-4912-b1f5-379b2263c7ad.json
[21:09:13][INFO][同步项目开发记录] 上传成功: output/log/2026-08-10.log
[21:09:13][INFO][同步项目开发记录] 上传成功: output/sync_meta/sync_meta_4ae831e3-0263-4912-b1f5-379b2263c7ad.json
[21:09:18][INFO][同步项目开发记录] 上传成功: output/log/2026-08-10.log
[21:09:18][INFO][同步项目开发记录] 上传成功: output/sync_meta/sync_meta_4ae831e3-0263-4912-b1f5-379b2263c7ad.json
[21:09:23][INFO][同步项目开发记录] 上传成功: output/log/2026-08-10.log
[21:09:23][INFO][同步项目开发记录] 上传成功: output/sync_meta/sync_meta_4ae831e3-0263-4912-b1f5-379b2263c7ad.json
[21:09:28][INFO][同步项目开发记录] 上传成功: output/log/2026-08-10.log
[21:09:28][INFO][同步项目开发记录] 上传成功: output/sync_meta/sync_meta_4ae831e3-0263-4912-b1f5-379b2263c7ad.json
[21:09:33][INFO][同步项目开发记录] 上传成功: output/log/2026-08-10.log
[21:09:33][INFO][同步项目开发记录] 上传成功: output/sync_meta/sync_meta_4ae831e3-0263-4912-b1f5-379b2263c7ad.json
[21:09:38][INFO][同步项目开发记录] 上传成功: output/log/2026-08-10.log
[21:09:38][INFO][同步项目开发记录] 上传成功: output/sync_meta/sync_meta_4ae831e3-0263-4912-b1f5-379b2263c7ad.json
[21:09:43][INFO][同步项目开发记录] 上传成功: output/log/2026-08-10.log
[21:09:43][INFO][同步项目开发记录] 上传成功: output/sync_meta/sync_meta_4ae831e3-0263-4912-b1f5-379b2263c7ad.json
[21:09:48][INFO][同步项目开发记录] 上传成功: output/log/2026-08-10.log
[21:09:48][INFO][同步项目开发记录] 上传成功: output/sync_meta/sync_meta_4ae831e3-0263-4912-b1f5-379b2263c7ad.json
[21:09:53][INFO][同步项目开发记录] 上传成功: output/log/2026-08-10.log
[21:09:53][INFO][同步项目开发记录] 上传成功: output/sync_meta/sync_meta_4ae831e3-0263-4912-b1f5-379b2263c7ad.json
[21:09:58][INFO][同步项目开发记录] 上传成功: output/log/2026-08-10.log
[21:09:58][INFO][同步项目开发记录] 上传成功: output/sync_meta/sync_meta_4ae831e3-0263-4912-b1f5-379b2263c7ad.json
[21:10:03][INFO][同步项目开发记录] 上传成功: output/log/2026-08-10.log
[21:10:03][INFO][同步项目开发记录] 上传成功: output/sync_meta/sync_meta_4ae831e3-0263-4912-b1f5-379b2263c7ad.json
[21:10:08][INFO][同步项目开发记录] 上传成功: output/log/2026-08-10.log
[21:10:08][INFO][同步项目开发记录] 上传成功: output/sync_meta/sync_meta_4ae831e3-0263-4912-b1f5-379b2263c7ad.json
[21:10:13][INFO][同步项目开发记录] 上传成功: output/log/2026-08-10.log
[21:10:13][INFO][同步项目开发记录] 上传成功: output/sync_meta/sync_meta_4ae831e3-0263-4912-b1f5-379b2263c7ad.json
[21:10:18][INFO][同步项目开发记录] 上传成功: output/log/2026-08-10.log
[21:10:18][INFO][同步项目开发记录] 上传成功: output/sync_meta/sync_meta_4ae831e3-0263-4912-b1f5-379b2263c7ad.json
[21:10:23][INFO][同步项目开发记录] 上传成功: output/log/2026-08-10.log
[21:10:23][INFO][同步项目开发记录] 上传成功: output/sync_meta/sync_meta_4ae831e3-0263-4912-b1f5-379b2263c7ad.json
[21:10:28][INFO][同步项目开发记录] 上传成功: output/log/2026-08-10.log
[21:10:28][INFO][同步项目开发记录] 上传成功: output/sync_meta/sync_meta_4ae831e3-0263-4912-b1f5-379b2263c7ad.json
[21:10:33][INFO][同步项目开发记录] 上传成功: output/log/2026-08-10.log
[21:10:33][INFO][同步项目开发记录] 上传成功: output/sync_meta/sync_meta_4ae831e3-0263-4912-b1f5-379b2263c7ad.json
[21:10:38][INFO][同步项目开发记录] 上传成功: output/log/2026-08-10.log
[21:10:38][INFO][同步项目开发记录] 上传成功: output/sync_meta/sync_meta_4ae831e3-0263-4912-b1f5-379b2263c7ad.json
[21:10:43][INFO][同步项目开发记录] 上传成功: output/log/2026-08-10.log
[21:10:43][INFO][同步项目开发记录] 上传成功: output/sync_meta/sync_meta_4ae831e3-0263-4912-b1f5-379b2263c7ad.json
[21:10:48][INFO][同步项目开发记录] 上传成功: output/log/2026-08-10.log
[21:10:48][INFO][同步项目开发记录] 上传成功: output/sync_meta/sync_meta_4ae831e3-0263-4912-b1f5-379b2263c7ad.json
[21:10:53][INFO][同步项目开发记录] 上传成功: output/log/2026-08-10.log
[21:10:53][INFO][同步项目开发记录] 上传成功: output/sync_meta/sync_meta_4ae831e3-0263-4912-b1f5-379b2263c7ad.json
[21:10:58][INFO][同步项目开发记录] 上传成功: output/log/2026-08-10.log
[21:10:58][INFO][同步项目开发记录] 上传成功: output/sync_meta/sync_meta_4ae831e3-0263-4912-b1f5-379b2263c7ad.json
[21:11:03][INFO][同步项目开发记录] 上传成功: output/log/2026-08-10.log
[21:11:03][INFO][同步项目开发记录] 上传成功: output/sync_meta/sync_meta_4ae831e3-0263-4912-b1f5-379b2263c7ad.json
[21:11:08][INFO][同步项目开发记录] 上传成功: output/log/2026-08-10.log
[21:11:08][INFO][同步项目开发记录] 上传成功: output/sync_meta/sync_meta_4ae831e3-0263-4912-b1f5-379b2263c7ad.json
[21:11:13][INFO][同步项目开发记录] 上传成功: output/log/2026-08-10.log
[21:11:13][INFO][同步项目开发记录] 上传成功: output/sync_meta/sync_meta_4ae831e3-0263-4912-b1f5-379b2263c7ad.json
[21:11:18][INFO][同步项目开发记录] 上传成功: output/log/2026-08-10.log
[21:11:18][INFO][同步项目开发记录] 上传成功: output/sync_meta/sync_meta_4ae831e3-0263-4912-b1f5-379b2263c7ad.json
[21:11:23][INFO][同步项目开发记录] 上传成功: output/log/2026-08-10.log
[21:11:23][INFO][同步项目开发记录] 上传成功: output/sync_meta/sync_meta_4ae831e3-0263-4912-b1f5-379b2263c7ad.json
[21:11:28][INFO][同步项目开发记录] 上传成功: output/log/2026-08-10.log
[21:11:28][INFO][同步项目开发记录] 上传成功: output/sync_meta/sync_meta_4ae831e3-0263-4912-b1f5-379b2263c7ad.json
[21:11:33][INFO][同步项目开发记录] 上传成功: output/log/2026-08-10.log
[21:11:33][INFO][同步项目开发记录] 上传成功: output/sync_meta/sync_meta_4ae831e3-0263-4912-b1f5-379b2263c7ad.json
[21:11:38][INFO][同步项目开发记录] 上传成功: output/log/2026-08-10.log
[21:11:38][INFO][同步项目开发记录] 上传成功: output/sync_meta/sync_meta_4ae831e3-0263-4912-b1f5-379b2263c7ad.json
[21:11:43][INFO][同步项目开发记录] 上传成功: output/log/2026-08-10.log
[21:11:43][INFO][同步项目开发记录] 上传成功: output/sync_meta/sync_meta_4ae831e3-0263-4912-b1f5-379b2263c7ad.json
[21:11:48][INFO][同步项目开发记录] 上传成功: output/log/2026-08-10.log
[21:11:48][INFO][同步项目开发记录] 上传成功: output/sync_meta/sync_meta_4ae831e3-0263-4912-b1f5-379b2263c7ad.json
[21:11:53][INFO][同步项目开发记录] 上传成功: output/log/2026-08-10.log
[21:11:53][INFO][同步项目开发记录] 上传成功: output/sync_meta/sync_meta_4ae831e3-0263-4912-b1f5-379b2263c7ad.json
[21:11:58][INFO][同步项目开发记录] 上传成功: output/log/2026-08-10.log
[21:11:58][INFO][同步项目开发记录] 上传成功: output/sync_meta/sync_meta_4ae831e3-0263-4912-b1f5-379b2263c7ad.json
[21:12:03][INFO][同步项目开发记录] 上传成功: output/log/2026-08-10.log
[21:12:03][INFO][同步项目开发记录] 上传成功: output/sync_meta/sync_meta_4ae831e3-0263-4912-b1f5-379b2263c7ad.json
[21:12:08][INFO][同步项目开发记录] 上传成功: output/log/2026-08-10.log
[21:12:08][INFO][同步项目开发记录] 上传成功: output/sync_meta/sync_meta_4ae831e3-0263-4912-b1f5-379b2263c7ad.json
[21:12:13][INFO][同步项目开发记录] 上传成功: output/log/2026-08-10.log
[21:12:13][INFO][同步项目开发记录] 上传成功: output/sync_meta/sync_meta_4ae831e3-0263-4912-b1f5-379b2263c7ad.json
[21:12:18][INFO][同步项目开发记录] 上传成功: output/log/2026-08-10.log
[21:12:18][INFO][同步项目开发记录] 上传成功: output/sync_meta/sync_meta_4ae831e3-0263-4912-b1f5-379b2263c7ad.json
[21:12:23][INFO][同步项目开发记录] 上传成功: output/log/2026-08-10.log
[21:12:23][INFO][同步项目开发记录] 上传成功: output/sync_meta/sync_meta_4ae831e3-0263-4912-b1f5-379b2263c7ad.json
[21:12:28][INFO][同步项目开发记录] 上传成功: output/log/2026-08-10.log
[21:12:28][INFO][同步项目开发记录] 上传成功: output/sync_meta/sync_meta_4ae831e3-0263-4912-b1f5-379b2263c7ad.json
[21:12:33][INFO][同步项目开发记录] 上传成功: output/log/2026-08-10.log
[21:12:33][INFO][同步项目开发记录] 上传成功: output/sync_meta/sync_meta_4ae831e3-0263-4912-b1f5-379b2263c7ad.json
[21:12:38][INFO][同步项目开发记录] 上传成功: output/log/2026-08-10.log
[21:12:38][INFO][同步项目开发记录] 上传成功: output/sync_meta/sync_meta_4ae831e3-0263-4912-b1f5-379b2263c7ad.json
[21:12:43][INFO][同步项目开发记录] 上传成功: output/log/2026-08-10.log
[21:12:43][INFO][同步项目开发记录] 上传成功: output/sync_meta/sync_meta_4ae831e3-0263-4912-b1f5-379b2263c7ad.json
[21:12:48][INFO][同步项目开发记录] 上传成功: output/log/2026-08-10.log
[21:12:48][INFO][同步项目开发记录] 上传成功: output/sync_meta/sync_meta_4ae831e3-0263-4912-b1f5-379b2263c7ad.json
[21:12:53][INFO][同步项目开发记录] 上传成功: output/log/2026-08-10.log
[21:12:53][INFO][同步项目开发记录] 上传成功: output/sync_meta/sync_meta_4ae831e3-0263-4912-b1f5-379b2263c7ad.json
[21:12:58][INFO][同步项目开发记录] 上传成功: output/log/2026-08-10.log
[21:12:58][INFO][同步项目开发记录] 上传成功: output/sync_meta/sync_meta_4ae831e3-0263-4912-b1f5-379b2263c7ad.json
[21:13:03][INFO][同步项目开发记录] 上传成功: output/log/2026-08-10.log
[21:13:03][INFO][同步项目开发记录] 上传成功: output/sync_meta/sync_meta_4ae831e3-0263-4912-b1f5-379b2263c7ad.json
[21:13:08][INFO][同步项目开发记录] 上传成功: output/log/2026-08-10.log
[21:13:08][INFO][同步项目开发记录] 上传成功: output/sync_meta/sync_meta_4ae831e3-0263-4912-b1f5-379b2263c7ad.json
[21:13:13][INFO][同步项目开发记录] 上传成功: output/log/2026-08-10.log
[21:13:13][INFO][同步项目开发记录] 上传成功: output/sync_meta/sync_meta_4ae831e3-0263-4912-b1f5-379b2263c7ad.json
[21:13:18][INFO][同步项目开发记录] 上传成功: output/log/2026-08-10.log
[21:13:18][INFO][同步项目开发记录] 上传成功: output/sync_meta/sync_meta_4ae831e3-0263-4912-b1f5-379b2263c7ad.json
[21:13:23][INFO][同步项目开发记录] 上传成功: output/log/2026-08-10.log
[21:13:23][INFO][同步项目开发记录] 上传成功: output/sync_meta/sync_meta_4ae831e3-0263-4912-b1f5-379b2263c7ad.json
[21:13:28][INFO][同步项目开发记录] 上传成功: output/log/2026-08-10.log
[21:13:28][INFO][同步项目开发记录] 上传成功: output/sync_meta/sync_meta_4ae831e3-0263-4912-b1f5-379b2263c7ad.json
[21:13:33][INFO][同步项目开发记录] 上传成功: output/log/2026-08-10.log
[21:13:33][INFO][同步项目开发记录] 上传成功: output/sync_meta/sync_meta_4ae831e3-0263-4912-b1f5-379b2263c7ad.json
[21:13:38][INFO][同步项目开发记录] 上传成功: output/log/2026-08-10.log
[21:13:38][INFO][同步项目开发记录] 上传成功: output/sync_meta/sync_meta_4ae831e3-0263-4912-b1f5-379b2263c7ad.json
[21:13:43][INFO][同步项目开发记录] 上传成功: output/log/2026-08-10.log
[21:13:43][INFO][同步项目开发记录] 上传成功: output/sync_meta/sync_meta_4ae831e3-0263-4912-b1f5-379b2263c7ad.json
[21:13:48][INFO][同步项目开发记录] 上传成功: output/log/2026-08-10.log
[21:13:48][INFO][同步项目开发记录] 上传成功: output/sync_meta/sync_meta_4ae831e3-0263-4912-b1f5-379b2263c7ad.json
[21:13:53][INFO][同步项目开发记录] 上传成功: output/log/2026-08-10.log
[21:13:53][INFO][同步项目开发记录] 上传成功: output/sync_meta/sync_meta_4ae831e3-0263-4912-b1f5-379b2263c7ad.json
[21:13:58][INFO][同步项目开发记录] 上传成功: output/log/2026-08-10.log
[21:13:58][INFO][同步项目开发记录] 上传成功: output/sync_meta/sync_meta_4ae831e3-0263-4912-b1f5-379b2263c7ad.json
[21:14:03][INFO][同步项目开发记录] 上传成功: output/log/2026-08-10.log
[21:14:03][INFO][同步项目开发记录] 上传成功: output/sync_meta/sync_meta_4ae831e3-0263-4912-b1f5-379b2263c7ad.json
[21:14:08][INFO][同步项目开发记录] 上传成功: output/log/2026-08-10.log
[21:14:08][INFO][同步项目开发记录] 上传成功: output/sync_meta/sync_meta_4ae831e3-0263-4912-b1f5-379b2263c7ad.json
[21:14:13][INFO][同步项目开发记录] 上传成功: output/log/2026-08-10.log
[21:14:13][INFO][同步项目开发记录] 上传成功: output/sync_meta/sync_meta_4ae831e3-0263-4912-b1f5-379b2263c7ad.json
[21:14:18][INFO][同步项目开发记录] 上传成功: output/log/2026-08-10.log
[21:14:18][INFO][同步项目开发记录] 上传成功: output/sync_meta/sync_meta_4ae831e3-0263-4912-b1f5-379b2263c7ad.json
[21:14:23][INFO][同步项目开发记录] 上传成功: output/log/2026-08-10.log
[21:14:23][INFO][同步项目开发记录] 上传成功: output/sync_meta/sync_meta_4ae831e3-0263-4912-b1f5-379b2263c7ad.json
[21:14:28][INFO][同步项目开发记录] 上传成功: output/log/2026-08-10.log
[21:14:28][INFO][同步项目开发记录] 上传成功: output/sync_meta/sync_meta_4ae831e3-0263-4912-b1f5-379b2263c7ad.json
[21:14:33][INFO][同步项目开发记录] 上传成功: output/log/2026-08-10.log
[21:14:33][INFO][同步项目开发记录] 上传成功: output/sync_meta/sync_meta_4ae831e3-0263-4912-b1f5-379b2263c7ad.json
[21:14:38][INFO][同步项目开发记录] 上传成功: output/log/2026-08-10.log
[21:14:38][INFO][同步项目开发记录] 上传成功: output/sync_meta/sync_meta_4ae831e3-0263-4912-b1f5-379b2263c7ad.json
[21:14:43][INFO][同步项目开发记录] 上传成功: output/log/2026-08-10.log
[21:14:43][INFO][同步项目开发记录] 上传成功: output/sync_meta/sync_meta_4ae831e3-0263-4912-b1f5-379b2263c7ad.json
[21:14:48][INFO][同步项目开发记录] 上传成功: output/log/2026-08-10.log
[21:14:48][INFO][同步项目开发记录] 上传成功: output/sync_meta/sync_meta_4ae831e3-0263-4912-b1f5-379b2263c7ad.json
[21:14:53][INFO][同步项目开发记录] 上传成功: output/log/2026-08-10.log
[21:14:53][INFO][同步项目开发记录] 上传成功: output/sync_meta/sync_meta_4ae831e3-0263-4912-b1f5-379b2263c7ad.json
[21:14:58][INFO][同步项目开发记录] 上传成功: output/log/2026-08-10.log
[21:14:58][INFO][同步项目开发记录] 上传成功: output/sync_meta/sync_meta_4ae831e3-0263-4912-b1f5-379b2263c7ad.json
[21:15:03][INFO][同步项目开发记录] 上传成功: output/log/2026-08-10.log
[21:15:03][INFO][同步项目开发记录] 上传成功: output/sync_meta/sync_meta_4ae831e3-0263-4912-b1f5-379b2263c7ad.json
[21:15:08][INFO][同步项目开发记录] 上传成功: output/log/2026-08-10.log
[21:15:08][INFO][同步项目开发记录] 上传成功: output/sync_meta/sync_meta_4ae831e3-0263-4912-b1f5-379b2263c7ad.json
[21:15:13][INFO][同步项目开发记录] 上传成功: output/log/2026-08-10.log
[21:15:13][INFO][同步项目开发记录] 上传成功: output/sync_meta/sync_meta_4ae831e3-0263-4912-b1f5-379b2263c7ad.json
[21:15:18][INFO][同步项目开发记录] 上传成功: output/log/2026-08-10.log
[21:15:18][INFO][同步项目开发记录] 上传成功: output/sync_meta/sync_meta_4ae831e3-0263-4912-b1f5-379b2263c7ad.json
[21:15:23][INFO][同步项目开发记录] 上传成功: output/log/2026-08-10.log
[21:15:23][INFO][同步项目开发记录] 上传成功: output/sync_meta/sync_meta_4ae831e3-0263-4912-b1f5-379b2263c7ad.json
[21:15:28][INFO][同步项目开发记录] 上传成功: output/log/2026-08-10.log
[21:15:28][INFO][同步项目开发记录] 上传成功: output/sync_meta/sync_meta_4ae831e3-0263-4912-b1f5-379b2263c7ad.json
[21:15:33][INFO][同步项目开发记录] 上传成功: output/log/2026-08-10.log
[21:15:33][INFO][同步项目开发记录] 上传成功: output/sync_meta/sync_meta_4ae831e3-0263-4912-b1f5-379b2263c7ad.json
[21:15:38][INFO][同步项目开发记录] 上传成功: output/log/2026-08-10.log
[21:15:38][INFO][同步项目开发记录] 上传成功: output/sync_meta/sync_meta_4ae831e3-0263-4912-b1f5-379b2263c7ad.json
[21:15:43][INFO][同步项目开发记录] 上传成功: output/log/2026-08-10.log
[21:15:43][INFO][同步项目开发记录] 上传成功: output/sync_meta/sync_meta_4ae831e3-0263-4912-b1f5-379b2263c7ad.json
[21:15:48][INFO][同步项目开发记录] 上传成功: output/log/2026-08-10.log
[21:15:48][INFO][同步项目开发记录] 上传成功: output/sync_meta/sync_meta_4ae831e3-0263-4912-b1f5-379b2263c7ad.json
[21:15:53][INFO][同步项目开发记录] 上传成功: output/log/2026-08-10.log
[21:15:53][INFO][同步项目开发记录] 上传成功: output/sync_meta/sync_meta_4ae831e3-0263-4912-b1f5-379b2263c7ad.json
[21:15:58][INFO][同步项目开发记录] 上传成功: output/log/2026-08-10.log
[21:15:58][INFO][同步项目开发记录] 上传成功: output/sync_meta/sync_meta_4ae831e3-0263-4912-b1f5-379b2263c7ad.json
[21:16:03][INFO][同步项目开发记录] 上传成功: output/log/2026-08-10.log
[21:16:03][INFO][同步项目开发记录] 上传成功: output/sync_meta/sync_meta_4ae831e3-0263-4912-b1f5-379b2263c7ad.json
[21:16:08][INFO][同步项目开发记录] 上传成功: output/log/2026-08-10.log
[21:16:08][INFO][同步项目开发记录] 上传成功: output/sync_meta/sync_meta_4ae831e3-0263-4912-b1f5-379b2263c7ad.json
[21:16:13][INFO][同步项目开发记录] 上传成功: output/log/2026-08-10.log
[21:16:13][INFO][同步项目开发记录] 上传成功: output/sync_meta/sync_meta_4ae831e3-0263-4912-b1f5-379b2263c7ad.json
[21:16:18][INFO][同步项目开发记录] 上传成功: output/log/2026-08-10.log
[21:16:18][INFO][同步项目开发记录] 上传成功: output/sync_meta/sync_meta_4ae831e3-0263-4912-b1f5-379b2263c7ad.json
[21:16:23][INFO][同步项目开发记录] 上传成功: output/log/2026-08-10.log
[21:16:23][INFO][同步项目开发记录] 上传成功: output/sync_meta/sync_meta_4ae831e3-0263-4912-b1f5-379b2263c7ad.json
[21:16:28][INFO][同步项目开发记录] 上传成功: output/log/2026-08-10.log
[21:16:28][INFO][同步项目开发记录] 上传成功: output/sync_meta/sync_meta_4ae831e3-0263-4912-b1f5-379b2263c7ad.json
[21:16:33][INFO][同步项目开发记录] 上传成功: output/log/2026-08-10.log
[21:16:33][INFO][同步项目开发记录] 上传成功: output/sync_meta/sync_meta_4ae831e3-0263-4912-b1f5-379b2263c7ad.json
[21:16:38][INFO][同步项目开发记录] 上传成功: output/log/2026-08-10.log
[21:16:38][INFO][同步项目开发记录] 上传成功: output/sync_meta/sync_meta_4ae831e3-0263-4912-b1f5-379b2263c7ad.json
[21:16:43][INFO][同步项目开发记录] 上传成功: output/log/2026-08-10.log
[21:16:43][INFO][同步项目开发记录] 上传成功: output/sync_meta/sync_meta_4ae831e3-0263-4912-b1f5-379b2263c7ad.json
[21:16:48][INFO][同步项目开发记录] 上传成功: output/log/2026-08-10.log
[21:16:48][INFO][同步项目开发记录] 上传成功: output/sync_meta/sync_meta_4ae831e3-0263-4912-b1f5-379b2263c7ad.json
[21:16:53][INFO][同步项目开发记录] 上传成功: output/log/2026-08-10.log
[21:16:53][INFO][同步项目开发记录] 上传成功: output/sync_meta/sync_meta_4ae831e3-0263-4912-b1f5-379b2263c7ad.json
[21:16:58][INFO][同步项目开发记录] 上传成功: output/log/2026-08-10.log
[21:16:58][INFO][同步项目开发记录] 上传成功: output/sync_meta/sync_meta_4ae831e3-0263-4912-b1f5-379b2263c7ad.json
[21:17:03][INFO][同步项目开发记录] 上传成功: output/log/2026-08-10.log
[21:17:03][INFO][同步项目开发记录] 上传成功: output/sync_meta/sync_meta_4ae831e3-0263-4912-b1f5-379b2263c7ad.json
[21:17:08][INFO][同步项目开发记录] 上传成功: output/log/2026-08-10.log
[21:17:08][INFO][同步项目开发记录] 上传成功: output/sync_meta/sync_meta_4ae831e3-0263-4912-b1f5-379b2263c7ad.json
[21:17:13][INFO][同步项目开发记录] 上传成功: output/log/2026-08-10.log
[21:17:13][INFO][同步项目开发记录] 上传成功: output/sync_meta/sync_meta_4ae831e3-0263-4912-b1f5-379b2263c7ad.json
[21:17:18][INFO][同步项目开发记录] 上传成功: output/log/2026-08-10.log
[21:17:18][INFO][同步项目开发记录] 上传成功: output/sync_meta/sync_meta_4ae831e3-0263-4912-b1f5-379b2263c7ad.json
[21:17:23][INFO][同步项目开发记录] 上传成功: output/log/2026-08-10.log
[21:17:23][INFO][同步项目开发记录] 上传成功: output/sync_meta/sync_meta_4ae831e3-0263-4912-b1f5-379b2263c7ad.json
[21:17:28][INFO][同步项目开发记录] 上传成功: output/log/2026-08-10.log
[21:17:28][INFO][同步项目开发记录] 上传成功: output/sync_meta/sync_meta_4ae831e3-0263-4912-b1f5-379b2263c7ad.json
[21:17:33][INFO][同步项目开发记录] 上传成功: output/log/2026-08-10.log
[21:17:33][INFO][同步项目开发记录] 上传成功: output/sync_meta/sync_meta_4ae831e3-0263-4912-b1f5-379b2263c7ad.json
[21:17:38][INFO][同步项目开发记录] 上传成功: output/log/2026-08-10.log
[21:17:38][INFO][同步项目开发记录] 上传成功: output/sync_meta/sync_meta_4ae831e3-0263-4912-b1f5-379b2263c7ad.json
[21:17:43][INFO][同步项目开发记录] 上传成功: output/log/2026-08-10.log
[21:17:43][INFO][同步项目开发记录] 上传成功: output/sync_meta/sync_meta_4ae831e3-0263-4912-b1f5-379b2263c7ad.json
[21:17:48][INFO][同步项目开发记录] 上传成功: output/log/2026-08-10.log
[21:17:48][INFO][同步项目开发记录] 上传成功: output/sync_meta/sync_meta_4ae831e3-0263-4912-b1f5-379b2263c7ad.json
[21:17:53][INFO][同步项目开发记录] 上传成功: output/log/2026-08-10.log
[21:17:53][INFO][同步项目开发记录] 上传成功: output/sync_meta/sync_meta_4ae831e3-0263-4912-b1f5-379b2263c7ad.json
[21:17:58][INFO][同步项目开发记录] 上传成功: output/log/2026-08-10.log
[21:17:58][INFO][同步项目开发记录] 上传成功: output/sync_meta/sync_meta_4ae831e3-0263-4912-b1f5-379b2263c7ad.json
[21:18:03][INFO][同步项目开发记录] 上传成功: output/log/2026-08-10.log
[21:18:03][INFO][同步项目开发记录] 上传成功: output/sync_meta/sync_meta_4ae831e3-0263-4912-b1f5-379b2263c7ad.json
[21:18:08][INFO][同步项目开发记录] 上传成功: output/log/2026-08-10.log
[21:18:08][INFO][同步项目开发记录] 上传成功: output/sync_meta/sync_meta_4ae831e3-0263-4912-b1f5-379b2263c7ad.json
[21:18:13][INFO][同步项目开发记录] 上传成功: output/log/2026-08-10.log
[21:18:13][INFO][同步项目开发记录] 上传成功: output/sync_meta/sync_meta_4ae831e3-0263-4912-b1f5-379b2263c7ad.json
[21:18:18][INFO][同步项目开发记录] 上传成功: output/log/2026-08-10.log
[21:18:18][INFO][同步项目开发记录] 上传成功: output/sync_meta/sync_meta_4ae831e3-0263-4912-b1f5-379b2263c7ad.json
[21:18:23][INFO][同步项目开发记录] 上传成功: output/log/2026-08-10.log
[21:18:23][INFO][同步项目开发记录] 上传成功: output/sync_meta/sync_meta_4ae831e3-0263-4912-b1f5-379b2263c7ad.json
[21:18:28][INFO][同步项目开发记录] 上传成功: output/log/2026-08-10.log
[21:18:28][INFO][同步项目开发记录] 上传成功: output/sync_meta/sync_meta_4ae831e3-0263-4912-b1f5-379b2263c7ad.json
[21:18:33][INFO][同步项目开发记录] 上传成功: output/log/2026-08-10.log
[21:18:33][INFO][同步项目开发记录] 上传成功: output/sync_meta/sync_meta_4ae831e3-0263-4912-b1f5-379b2263c7ad.json
[21:18:38][INFO][同步项目开发记录] 上传成功: output/log/2026-08-10.log
[21:18:38][INFO][同步项目开发记录] 上传成功: output/sync_meta/sync_meta_4ae831e3-0263-4912-b1f5-379b2263c7ad.json
[21:18:43][INFO][同步项目开发记录] 上传成功: output/log/2026-08-10.log
[21:18:43][INFO][同步项目开发记录] 上传成功: output/sync_meta/sync_meta_4ae831e3-0263-4912-b1f5-379b2263c7ad.json
[21:18:48][INFO][同步项目开发记录] 上传成功: output/log/2026-08-10.log
[21:18:48][INFO][同步项目开发记录] 上传成功: output/sync_meta/sync_meta_4ae831e3-0263-4912-b1f5-379b2263c7ad.json
[21:18:53][INFO][同步项目开发记录] 上传成功: output/log/2026-08-10.log
[21:18:53][INFO][同步项目开发记录] 上传成功: output/sync_meta/sync_meta_4ae831e3-0263-4912-b1f5-379b2263c7ad.json
[21:18:58][INFO][同步项目开发记录] 上传成功: output/log/2026-08-10.log
[21:18:58][INFO][同步项目开发记录] 上传成功: output/sync_meta/sync_meta_4ae831e3-0263-4912-b1f5-379b2263c7ad.json
[21:19:03][INFO][同步项目开发记录] 上传成功: output/log/2026-08-10.log
[21:19:03][INFO][同步项目开发记录] 上传成功: output/sync_meta/sync_meta_4ae831e3-0263-4912-b1f5-379b2263c7ad.json
[21:19:08][INFO][同步项目开发记录] 上传成功: output/log/2026-08-10.log
[21:19:08][INFO][同步项目开发记录] 上传成功: output/sync_meta/sync_meta_4ae831e3-0263-4912-b1f5-379b2263c7ad.json
[21:19:13][INFO][同步项目开发记录] 上传成功: output/log/2026-08-10.log
[21:19:13][INFO][同步项目开发记录] 上传成功: output/sync_meta/sync_meta_4ae831e3-0263-4912-b1f5-379b2263c7ad.json
[21:19:18][INFO][同步项目开发记录] 上传成功: output/log/2026-08-10.log
[21:19:18][INFO][同步项目开发记录] 上传成功: output/sync_meta/sync_meta_4ae831e3-0263-4912-b1f5-379b2263c7ad.json
[21:19:23][INFO][同步项目开发记录] 上传成功: output/log/2026-08-10.log
[21:19:23][INFO][同步项目开发记录] 上传成功: output/sync_meta/sync_meta_4ae831e3-0263-4912-b1f5-379b2263c7ad.json
[21:19:28][INFO][同步项目开发记录] 上传成功: output/log/2026-08-10.log
[21:19:28][INFO][同步项目开发记录] 上传成功: output/sync_meta/sync_meta_4ae831e3-0263-4912-b1f5-379b2263c7ad.json
[21:19:33][INFO][同步项目开发记录] 上传成功: output/log/2026-08-10.log
[21:19:33][INFO][同步项目开发记录] 上传成功: output/sync_meta/sync_meta_4ae831e3-0263-4912-b1f5-379b2263c7ad.json
[21:19:38][INFO][同步项目开发记录] 上传成功: output/log/2026-08-10.log
[21:19:38][INFO][同步项目开发记录] 上传成功: output/sync_meta/sync_meta_4ae831e3-0263-4912-b1f5-379b2263c7ad.json
[21:19:43][INFO][同步项目开发记录] 上传成功: output/log/2026-08-10.log
[21:19:43][INFO][同步项目开发记录] 上传成功: output/sync_meta/sync_meta_4ae831e3-0263-4912-b1f5-379b2263c7ad.json
[21:19:48][INFO][同步项目开发记录] 上传成功: output/log/2026-08-10.log
[21:19:48][INFO][同步项目开发记录] 上传成功: output/sync_meta/sync_meta_4ae831e3-0263-4912-b1f5-379b2263c7ad.json
[21:19:53][INFO][同步项目开发记录] 上传成功: output/log/2026-08-10.log
[21:19:53][INFO][同步项目开发记录] 上传成功: output/sync_meta/sync_meta_4ae831e3-0263-4912-b1f5-379b2263c7ad.json
[21:19:58][INFO][同步项目开发记录] 上传成功: output/log/2026-08-10.log
[21:19:58][INFO][同步项目开发记录] 上传成功: output/sync_meta/sync_meta_4ae831e3-0263-4912-b1f5-379b2263c7ad.json
[21:20:03][INFO][同步项目开发记录] 上传成功: output/log/2026-08-10.log
[21:20:03][INFO][同步项目开发记录] 上传成功: output/sync_meta/sync_meta_4ae831e3-0263-4912-b1f5-379b2263c7ad.json
[21:20:08][INFO][同步项目开发记录] 上传成功: output/log/2026-08-10.log
[21:20:08][INFO][同步项目开发记录] 上传成功: output/sync_meta/sync_meta_4ae831e3-0263-4912-b1f5-379b2263c7ad.json
[21:20:13][INFO][同步项目开发记录] 上传成功: output/log/2026-08-10.log
[21:20:13][INFO][同步项目开发记录] 上传成功: output/sync_meta/sync_meta_4ae831e3-0263-4912-b1f5-379b2263c7ad.json
[21:20:18][INFO][同步项目开发记录] 上传成功: output/log/2026-08-10.log
[21:20:18][INFO][同步项目开发记录] 上传成功: output/sync_meta/sync_meta_4ae831e3-0263-4912-b1f5-379b2263c7ad.json
[21:20:23][INFO][同步项目开发记录] 上传成功: output/log/2026-08-10.log
[21:20:23][INFO][同步项目开发记录] 上传成功: output/sync_meta/sync_meta_4ae831e3-0263-4912-b1f5-379b2263c7ad.json
[21:20:28][INFO][同步项目开发记录] 上传成功: output/log/2026-08-10.log
[21:20:28][INFO][同步项目开发记录] 上传成功: output/sync_meta/sync_meta_4ae831e3-0263-4912-b1f5-379b2263c7ad.json
[21:20:33][INFO][同步项目开发记录] 上传成功: output/log/2026-08-10.log
[21:20:33][INFO][同步项目开发记录] 上传成功: output/sync_meta/sync_meta_4ae831e3-0263-4912-b1f5-379b2263c7ad.json
[21:20:38][INFO][同步项目开发记录] 上传成功: output/log/2026-08-10.log
[21:20:38][INFO][同步项目开发记录] 上传成功: output/sync_meta/sync_meta_4ae831e3-0263-4912-b1f5-379b2263c7ad.json
[21:20:43][INFO][同步项目开发记录] 上传成功: output/log/2026-08-10.log
[21:20:43][INFO][同步项目开发记录] 上传成功: output/sync_meta/sync_meta_4ae831e3-0263-4912-b1f5-379b2263c7ad.json
[21:20:48][INFO][同步项目开发记录] 上传成功: output/log/2026-08-10.log
[21:20:48][INFO][同步项目开发记录] 上传成功: output/sync_meta/sync_meta_4ae831e3-0263-4912-b1f5-379b2263c7ad.json
[21:20:53][INFO][同步项目开发记录] 上传成功: output/log/2026-08-10.log
[21:20:53][INFO][同步项目开发记录] 上传成功: output/sync_meta/sync_meta_4ae831e3-0263-4912-b1f5-379b2263c7ad.json
[21:20:58][INFO][同步项目开发记录] 上传成功: output/log/2026-08-10.log
[21:20:58][INFO][同步项目开发记录] 上传成功: output/sync_meta/sync_meta_4ae831e3-0263-4912-b1f5-379b2263c7ad.json
[21:21:03][INFO][同步项目开发记录] 上传成功: output/log/2026-08-10.log
[21:21:03][INFO][同步项目开发记录] 上传成功: output/sync_meta/sync_meta_4ae831e3-0263-4912-b1f5-379b2263c7ad.json
[21:21:08][INFO][同步项目开发记录] 上传成功: output/log/2026-08-10.log
[21:21:08][INFO][同步项目开发记录] 上传成功: output/sync_meta/sync_meta_4ae831e3-0263-4912-b1f5-379b2263c7ad.json
[21:21:13][INFO][同步项目开发记录] 上传成功: output/log/2026-08-10.log
[21:21:13][INFO][同步项目开发记录] 上传成功: output/sync_meta/sync_meta_4ae831e3-0263-4912-b1f5-379b2263c7ad.json
[21:21:18][INFO][同步项目开发记录] 上传成功: output/log/2026-08-10.log
[21:21:18][INFO][同步项目开发记录] 上传成功: output/sync_meta/sync_meta_4ae831e3-0263-4912-b1f5-379b2263c7ad.json
[21:21:23][INFO][同步项目开发记录] 上传成功: output/log/2026-08-10.log
[21:21:23][INFO][同步项目开发记录] 上传成功: output/sync_meta/sync_meta_4ae831e3-0263-4912-b1f5-379b2263c7ad.json
[21:21:28][INFO][同步项目开发记录] 上传成功: output/log/2026-08-10.log
[21:21:28][INFO][同步项目开发记录] 上传成功: output/sync_meta/sync_meta_4ae831e3-0263-4912-b1f5-379b2263c7ad.json
[21:21:33][INFO][同步项目开发记录] 上传成功: output/log/2026-08-10.log
[21:21:33][INFO][同步项目开发记录] 上传成功: output/sync_meta/sync_meta_4ae831e3-0263-4912-b1f5-379b2263c7ad.json
[21:21:38][INFO][同步项目开发记录] 上传成功: output/log/2026-08-10.log
[21:21:38][INFO][同步项目开发记录] 上传成功: output/sync_meta/sync_meta_4ae831e3-0263-4912-b1f5-379b2263c7ad.json
[21:21:43][INFO][同步项目开发记录] 上传成功: output/log/2026-08-10.log
[21:21:43][INFO][同步项目开发记录] 上传成功: output/sync_meta/sync_meta_4ae831e3-0263-4912-b1f5-379b2263c7ad.json
[21:21:48][INFO][同步项目开发记录] 上传成功: output/log/2026-08-10.log
[21:21:48][INFO][同步项目开发记录] 上传成功: output/sync_meta/sync_meta_4ae831e3-0263-4912-b1f5-379b2263c7ad.json
[21:21:53][INFO][同步项目开发记录] 上传成功: output/log/2026-08-10.log
[21:21:53][INFO][同步项目开发记录] 上传成功: output/sync_meta/sync_meta_4ae831e3-0263-4912-b1f5-379b2263c7ad.json
[21:21:58][INFO][同步项目开发记录] 上传成功: output/log/2026-08-10.log
[21:21:58][INFO][同步项目开发记录] 上传成功: output/sync_meta/sync_meta_4ae831e3-0263-4912-b1f5-379b2263c7ad.json
[21:22:03][INFO][同步项目开发记录] 上传成功: output/log/2026-08-10.log
[21:22:03][INFO][同步项目开发记录] 上传成功: output/sync_meta/sync_meta_4ae831e3-0263-4912-b1f5-379b2263c7ad.json
[21:22:08][INFO][同步项目开发记录] 上传成功: output/log/2026-08-10.log
[21:22:08][INFO][同步项目开发记录] 上传成功: output/sync_meta/sync_meta_4ae831e3-0263-4912-b1f5-379b2263c7ad.json
[21:22:13][INFO][同步项目开发记录] 上传成功: output/log/2026-08-10.log
[21:22:13][INFO][同步项目开发记录] 上传成功: output/sync_meta/sync_meta_4ae831e3-0263-4912-b1f5-379b2263c7ad.json
[21:22:18][INFO][同步项目开发记录] 上传成功: output/log/2026-08-10.log
[21:22:18][INFO][同步项目开发记录] 上传成功: output/sync_meta/sync_meta_4ae831e3-0263-4912-b1f5-379b2263c7ad.json
[21:22:23][INFO][同步项目开发记录] 上传成功: output/log/2026-08-10.log
[21:22:23][INFO][同步项目开发记录] 上传成功: output/sync_meta/sync_meta_4ae831e3-0263-4912-b1f5-379b2263c7ad.json
[21:22:28][INFO][同步项目开发记录] 上传成功: output/log/2026-08-10.log
[21:22:28][INFO][同步项目开发记录] 上传成功: output/sync_meta/sync_meta_4ae831e3-0263-4912-b1f5-379b2263c7ad.json
[21:22:33][INFO][同步项目开发记录] 上传成功: output/log/2026-08-10.log
[21:22:33][INFO][同步项目开发记录] 上传成功: output/sync_meta/sync_meta_4ae831e3-0263-4912-b1f5-379b2263c7ad.json
[21:22:38][INFO][同步项目开发记录] 上传成功: output/log/2026-08-10.log
[21:22:38][INFO][同步项目开发记录] 上传成功: output/sync_meta/sync_meta_4ae831e3-0263-4912-b1f5-379b2263c7ad.json
[21:22:43][INFO][同步项目开发记录] 上传成功: output/log/2026-08-10.log
[21:22:43][INFO][同步项目开发记录] 上传成功: output/sync_meta/sync_meta_4ae831e3-0263-4912-b1f5-379b2263c7ad.json
[21:22:48][INFO][同步项目开发记录] 上传成功: output/log/2026-08-10.log
[21:22:48][INFO][同步项目开发记录] 上传成功: output/sync_meta/sync_meta_4ae831e3-0263-4912-b1f5-379b2263c7ad.json
[21:22:53][INFO][同步项目开发记录] 上传成功: output/log/2026-08-10.log
[21:22:53][INFO][同步项目开发记录] 上传成功: output/sync_meta/sync_meta_4ae831e3-0263-4912-b1f5-379b2263c7ad.json
[21:22:58][INFO][同步项目开发记录] 上传成功: output/log/2026-08-10.log
[21:22:58][INFO][同步项目开发记录] 上传成功: output/sync_meta/sync_meta_4ae831e3-0263-4912-b1f5-379b2263c7ad.json
[21:23:03][INFO][同步项目开发记录] 上传成功: output/log/2026-08-10.log
[21:23:03][INFO][同步项目开发记录] 上传成功: output/sync_meta/sync_meta_4ae831e3-0263-4912-b1f5-379b2263c7ad.json
[21:23:08][INFO][同步项目开发记录] 上传成功: output/log/2026-08-10.log
[21:23:08][INFO][同步项目开发记录] 上传成功: output/sync_meta/sync_meta_4ae831e3-0263-4912-b1f5-379b2263c7ad.json
[21:23:13][INFO][同步项目开发记录] 上传成功: output/log/2026-08-10.log
[21:23:13][INFO][同步项目开发记录] 上传成功: output/sync_meta/sync_meta_4ae831e3-0263-4912-b1f5-379b2263c7ad.json
[21:23:18][INFO][同步项目开发记录] 上传成功: output/log/2026-08-10.log
[21:23:18][INFO][同步项目开发记录] 上传成功: output/sync_meta/sync_meta_4ae831e3-0263-4912-b1f5-379b2263c7ad.json
[21:23:23][INFO][同步项目开发记录] 上传成功: output/log/2026-08-10.log
[21:23:23][INFO][同步项目开发记录] 上传成功: output/sync_meta/sync_meta_4ae831e3-0263-4912-b1f5-379b2263c7ad.json
[21:23:28][INFO][同步项目开发记录] 上传成功: output/log/2026-08-10.log
[21:23:28][INFO][同步项目开发记录] 上传成功: output/sync_meta/sync_meta_4ae831e3-0263-4912-b1f5-379b2263c7ad.json
[21:23:33][INFO][同步项目开发记录] 上传成功: output/log/2026-08-10.log
[21:23:33][INFO][同步项目开发记录] 上传成功: output/sync_meta/sync_meta_4ae831e3-0263-4912-b1f5-379b2263c7ad.json
[21:23:38][INFO][同步项目开发记录] 上传成功: output/log/2026-08-10.log
[21:23:38][INFO][同步项目开发记录] 上传成功: output/sync_meta/sync_meta_4ae831e3-0263-4912-b1f5-379b2263c7ad.json
[21:23:43][INFO][同步项目开发记录] 上传成功: output/log/2026-08-10.log
[21:23:43][INFO][同步项目开发记录] 上传成功: output/sync_meta/sync_meta_4ae831e3-0263-4912-b1f5-379b2263c7ad.json
[21:23:48][INFO][同步项目开发记录] 上传成功: output/log/2026-08-10.log
[21:23:48][INFO][同步项目开发记录] 上传成功: output/sync_meta/sync_meta_4ae831e3-0263-4912-b1f5-379b2263c7ad.json
[21:23:53][INFO][同步项目开发记录] 上传成功: output/log/2026-08-10.log
[21:23:53][INFO][同步项目开发记录] 上传成功: output/sync_meta/sync_meta_4ae831e3-0263-4912-b1f5-379b2263c7ad.json
[21:23:58][INFO][同步项目开发记录] 上传成功: output/log/2026-08-10.log
[21:23:58][INFO][同步项目开发记录] 上传成功: output/sync_meta/sync_meta_4ae831e3-0263-4912-b1f5-379b2263c7ad.json
[21:24:03][INFO][同步项目开发记录] 上传成功: output/log/2026-08-10.log
[21:24:03][INFO][同步项目开发记录] 上传成功: output/sync_meta/sync_meta_4ae831e3-0263-4912-b1f5-379b2263c7ad.json
[21:24:08][INFO][同步项目开发记录] 上传成功: output/log/2026-08-10.log
[21:24:08][INFO][同步项目开发记录] 上传成功: output/sync_meta/sync_meta_4ae831e3-0263-4912-b1f5-379b2263c7ad.json
[21:24:13][INFO][同步项目开发记录] 上传成功: output/log/2026-08-10.log
[21:24:13][INFO][同步项目开发记录] 上传成功: output/sync_meta/sync_meta_4ae831e3-0263-4912-b1f5-379b2263c7ad.json
[21:24:18][INFO][同步项目开发记录] 上传成功: output/log/2026-08-10.log
[21:24:18][INFO][同步项目开发记录] 上传成功: output/sync_meta/sync_meta_4ae831e3-0263-4912-b1f5-379b2263c7ad.json
[21:24:23][INFO][同步项目开发记录] 上传成功: output/log/2026-08-10.log
[21:24:23][INFO][同步项目开发记录] 上传成功: output/sync_meta/sync_meta_4ae831e3-0263-4912-b1f5-379b2263c7ad.json
[21:24:28][INFO][同步项目开发记录] 上传成功: output/log/2026-08-10.log
[21:24:28][INFO][同步项目开发记录] 上传成功: output/sync_meta/sync_meta_4ae831e3-0263-4912-b1f5-379b2263c7ad.json
[21:24:33][INFO][同步项目开发记录] 上传成功: output/log/2026-08-10.log
[21:24:33][INFO][同步项目开发记录] 上传成功: output/sync_meta/sync_meta_4ae831e3-0263-4912-b1f5-379b2263c7ad.json
[21:24:38][INFO][同步项目开发记录] 上传成功: output/log/2026-08-10.log
[21:24:38][INFO][同步项目开发记录] 上传成功: output/sync_meta/sync_meta_4ae831e3-0263-4912-b1f5-379b2263c7ad.json
[21:24:43][INFO][同步项目开发记录] 上传成功: output/log/2026-08-10.log
[21:24:43][INFO][同步项目开发记录] 上传成功: output/sync_meta/sync_meta_4ae831e3-0263-4912-b1f5-379b2263c7ad.json
[21:24:48][INFO][同步项目开发记录] 上传成功: output/log/2026-08-10.log
[21:24:48][INFO][同步项目开发记录] 上传成功: output/sync_meta/sync_meta_4ae831e3-0263-4912-b1f5-379b2263c7ad.json
[21:24:53][INFO][同步项目开发记录] 上传成功: output/log/2026-08-10.log
[21:24:53][INFO][同步项目开发记录] 上传成功: output/sync_meta/sync_meta_4ae831e3-0263-4912-b1f5-379b2263c7ad.json
[21:24:58][INFO][同步项目开发记录] 上传成功: output/log/2026-08-10.log
[21:24:58][INFO][同步项目开发记录] 上传成功: output/sync_meta/sync_meta_4ae831e3-0263-4912-b1f5-379b2263c7ad.json
[21:25:03][INFO][同步项目开发记录] 上传成功: output/log/2026-08-10.log
[21:25:03][INFO][同步项目开发记录] 上传成功: output/sync_meta/sync_meta_4ae831e3-0263-4912-b1f5-379b2263c7ad.json
[21:25:08][INFO][同步项目开发记录] 上传成功: output/log/2026-08-10.log
[21:25:08][INFO][同步项目开发记录] 上传成功: output/sync_meta/sync_meta_4ae831e3-0263-4912-b1f5-379b2263c7ad.json
[21:25:13][INFO][同步项目开发记录] 上传成功: output/log/2026-08-10.log
[21:25:13][INFO][同步项目开发记录] 上传成功: output/sync_meta/sync_meta_4ae831e3-0263-4912-b1f5-379b2263c7ad.json
[21:25:18][INFO][同步项目开发记录] 上传成功: output/log/2026-08-10.log
[21:25:18][INFO][同步项目开发记录] 上传成功: output/sync_meta/sync_meta_4ae831e3-0263-4912-b1f5-379b2263c7ad.json
[21:25:23][INFO][同步项目开发记录] 上传成功: output/log/2026-08-10.log
[21:25:23][INFO][同步项目开发记录] 上传成功: output/sync_meta/sync_meta_4ae831e3-0263-4912-b1f5-379b2263c7ad.json
[21:25:28][INFO][同步项目开发记录] 上传成功: output/log/2026-08-10.log
[21:25:28][INFO][同步项目开发记录] 上传成功: output/sync_meta/sync_meta_4ae831e3-0263-4912-b1f5-379b2263c7ad.json
[21:25:33][INFO][同步项目开发记录] 上传成功: output/log/2026-08-10.log
[21:25:33][INFO][同步项目开发记录] 上传成功: output/sync_meta/sync_meta_4ae831e3-0263-4912-b1f5-379b2263c7ad.json
[21:25:38][INFO][同步项目开发记录] 上传成功: output/log/2026-08-10.log
[21:25:38][INFO][同步项目开发记录] 上传成功: output/sync_meta/sync_meta_4ae831e3-0263-4912-b1f5-379b2263c7ad.json
[21:25:43][INFO][同步项目开发记录] 上传成功: output/log/2026-08-10.log
[21:25:43][INFO][同步项目开发记录] 上传成功: output/sync_meta/sync_meta_4ae831e3-0263-4912-b1f5-379b2263c7ad.json
[21:25:48][INFO][同步项目开发记录] 上传成功: output/log/2026-08-10.log
[21:25:48][INFO][同步项目开发记录] 上传成功: output/sync_meta/sync_meta_4ae831e3-0263-4912-b1f5-379b2263c7ad.json
[21:25:53][INFO][同步项目开发记录] 上传成功: output/log/2026-08-10.log
[21:25:53][INFO][同步项目开发记录] 上传成功: output/sync_meta/sync_meta_4ae831e3-0263-4912-b1f5-379b2263c7ad.json
[21:25:58][INFO][同步项目开发记录] 上传成功: output/log/2026-08-10.log
[21:25:58][INFO][同步项目开发记录] 上传成功: output/sync_meta/sync_meta_4ae831e3-0263-4912-b1f5-379b2263c7ad.json
[21:26:03][INFO][同步项目开发记录] 上传成功: output/log/2026-08-10.log
[21:26:03][INFO][同步项目开发记录] 上传成功: output/sync_meta/sync_meta_4ae831e3-0263-4912-b1f5-379b2263c7ad.json
[21:26:08][INFO][同步项目开发记录] 上传成功: output/log/2026-08-10.log
[21:26:08][INFO][同步项目开发记录] 上传成功: output/sync_meta/sync_meta_4ae831e3-0263-4912-b1f5-379b2263c7ad.json
[21:26:13][INFO][同步项目开发记录] 上传成功: output/log/2026-08-10.log
[21:26:13][INFO][同步项目开发记录] 上传成功: output/sync_meta/sync_meta_4ae831e3-0263-4912-b1f5-379b2263c7ad.json
[21:26:18][INFO][同步项目开发记录] 上传成功: output/log/2026-08-10.log
[21:26:18][INFO][同步项目开发记录] 上传成功: output/sync_meta/sync_meta_4ae831e3-0263-4912-b1f5-379b2263c7ad.json
[21:26:23][INFO][同步项目开发记录] 上传成功: output/log/2026-08-10.log
[21:26:23][INFO][同步项目开发记录] 上传成功: output/sync_meta/sync_meta_4ae831e3-0263-4912-b1f5-379b2263c7ad.json
[21:26:28][INFO][同步项目开发记录] 上传成功: output/log/2026-08-10.log
[21:26:28][INFO][同步项目开发记录] 上传成功: output/sync_meta/sync_meta_4ae831e3-0263-4912-b1f5-379b2263c7ad.json
[21:26:33][INFO][同步项目开发记录] 上传成功: output/log/2026-08-10.log
[21:26:33][INFO][同步项目开发记录] 上传成功: output/sync_meta/sync_meta_4ae831e3-0263-4912-b1f5-379b2263c7ad.json
[21:26:38][INFO][同步项目开发记录] 上传成功: output/log/2026-08-10.log
[21:26:38][INFO][同步项目开发记录] 上传成功: output/sync_meta/sync_meta_4ae831e3-0263-4912-b1f5-379b2263c7ad.json
[21:26:43][INFO][同步项目开发记录] 上传成功: output/log/2026-08-10.log
[21:26:43][INFO][同步项目开发记录] 上传成功: output/sync_meta/sync_meta_4ae831e3-0263-4912-b1f5-379b2263c7ad.json
[21:26:48][INFO][同步项目开发记录] 上传成功: output/log/2026-08-10.log
[21:26:48][INFO][同步项目开发记录] 上传成功: output/sync_meta/sync_meta_4ae831e3-0263-4912-b1f5-379b2263c7ad.json
[21:26:53][INFO][同步项目开发记录] 上传成功: output/log/2026-08-10.log
[21:26:53][INFO][同步项目开发记录] 上传成功: output/sync_meta/sync_meta_4ae831e3-0263-4912-b1f5-379b2263c7ad.json
[21:26:58][INFO][同步项目开发记录] 上传成功: output/log/2026-08-10.log
[21:26:58][INFO][同步项目开发记录] 上传成功: output/sync_meta/sync_meta_4ae831e3-0263-4912-b1f5-379b2263c7ad.json
[21:27:03][INFO][同步项目开发记录] 上传成功: output/log/2026-08-10.log
[21:27:03][INFO][同步项目开发记录] 上传成功: output/sync_meta/sync_meta_4ae831e3-0263-4912-b1f5-379b2263c7ad.json
[21:27:08][INFO][同步项目开发记录] 上传成功: output/log/2026-08-10.log
[21:27:08][INFO][同步项目开发记录] 上传成功: output/sync_meta/sync_meta_4ae831e3-0263-4912-b1f5-379b2263c7ad.json
[21:27:13][INFO][同步项目开发记录] 上传成功: output/log/2026-08-10.log
[21:27:13][INFO][同步项目开发记录] 上传成功: output/sync_meta/sync_meta_4ae831e3-0263-4912-b1f5-379b2263c7ad.json
[21:27:18][INFO][同步项目开发记录] 上传成功: output/log/2026-08-10.log
[21:27:18][INFO][同步项目开发记录] 上传成功: output/sync_meta/sync_meta_4ae831e3-0263-4912-b1f5-379b2263c7ad.json
[21:27:23][INFO][同步项目开发记录] 上传成功: output/log/2026-08-10.log
[21:27:23][INFO][同步项目开发记录] 上传成功: output/sync_meta/sync_meta_4ae831e3-0263-4912-b1f5-379b2263c7ad.json
[21:27:28][INFO][同步项目开发记录] 上传成功: output/log/2026-08-10.log
[21:27:28][INFO][同步项目开发记录] 上传成功: output/sync_meta/sync_meta_4ae831e3-0263-4912-b1f5-379b2263c7ad.json
[21:27:33][INFO][同步项目开发记录] 上传成功: output/log/2026-08-10.log
[21:27:33][INFO][同步项目开发记录] 上传成功: output/sync_meta/sync_meta_4ae831e3-0263-4912-b1f5-379b2263c7ad.json
[21:27:38][INFO][同步项目开发记录] 上传成功: output/log/2026-08-10.log
[21:27:38][INFO][同步项目开发记录] 上传成功: output/sync_meta/sync_meta_4ae831e3-0263-4912-b1f5-379b2263c7ad.json
[21:27:43][INFO][同步项目开发记录] 上传成功: output/log/2026-08-10.log
[21:27:43][INFO][同步项目开发记录] 上传成功: output/sync_meta/sync_meta_4ae831e3-0263-4912-b1f5-379b2263c7ad.json
[21:27:48][INFO][同步项目开发记录] 上传成功: output/log/2026-08-10.log
[21:27:48][INFO][同步项目开发记录] 上传成功: output/sync_meta/sync_meta_4ae831e3-0263-4912-b1f5-379b2263c7ad.json
[21:27:53][INFO][同步项目开发记录] 上传成功: output/log/2026-08-10.log
[21:27:53][INFO][同步项目开发记录] 上传成功: output/sync_meta/sync_meta_4ae831e3-0263-4912-b1f5-379b2263c7ad.json
[21:27:58][INFO][同步项目开发记录] 上传成功: output/log/2026-08-10.log
[21:27:58][INFO][同步项目开发记录] 上传成功: output/sync_meta/sync_meta_4ae831e3-0263-4912-b1f5-379b2263c7ad.json
[21:28:03][INFO][同步项目开发记录] 上传成功: output/log/2026-08-10.log
[21:28:03][INFO][同步项目开发记录] 上传成功: output/sync_meta/sync_meta_4ae831e3-0263-4912-b1f5-379b2263c7ad.json
[21:28:08][INFO][同步项目开发记录] 上传成功: output/log/2026-08-10.log
[21:28:08][INFO][同步项目开发记录] 上传成功: output/sync_meta/sync_meta_4ae831e3-0263-4912-b1f5-379b2263c7ad.json
[21:28:13][INFO][同步项目开发记录] 上传成功: output/log/2026-08-10.log
[21:28:13][INFO][同步项目开发记录] 上传成功: output/sync_meta/sync_meta_4ae831e3-0263-4912-b1f5-379b2263c7ad.json
[21:28:18][INFO][同步项目开发记录] 上传成功: output/log/2026-08-10.log
[21:28:18][INFO][同步项目开发记录] 上传成功: output/sync_meta/sync_meta_4ae831e3-0263-4912-b1f5-379b2263c7ad.json
[21:28:23][INFO][同步项目开发记录] 上传成功: output/log/2026-08-10.log
[21:28:23][INFO][同步项目开发记录] 上传成功: output/sync_meta/sync_meta_4ae831e3-0263-4912-b1f5-379b2263c7ad.json
[21:28:28][INFO][同步项目开发记录] 上传成功: output/log/2026-08-10.log
[21:28:28][INFO][同步项目开发记录] 上传成功: output/sync_meta/sync_meta_4ae831e3-0263-4912-b1f5-379b2263c7ad.json
[21:28:33][INFO][同步项目开发记录] 上传成功: output/log/2026-08-10.log
[21:28:33][INFO][同步项目开发记录] 上传成功: output/sync_meta/sync_meta_4ae831e3-0263-4912-b1f5-379b2263c7ad.json
[21:28:38][INFO][同步项目开发记录] 上传成功: output/log/2026-08-10.log
[21:28:38][INFO][同步项目开发记录] 上传成功: output/sync_meta/sync_meta_4ae831e3-0263-4912-b1f5-379b2263c7ad.json
[21:28:43][INFO][同步项目开发记录] 上传成功: output/log/2026-08-10.log
[21:28:43][INFO][同步项目开发记录] 上传成功: output/sync_meta/sync_meta_4ae831e3-0263-4912-b1f5-379b2263c7ad.json
[21:28:48][INFO][同步项目开发记录] 上传成功: output/log/2026-08-10.log
[21:28:48][INFO][同步项目开发记录] 上传成功: output/sync_meta/sync_meta_4ae831e3-0263-4912-b1f5-379b2263c7ad.json
[21:28:53][INFO][同步项目开发记录] 上传成功: output/log/2026-08-10.log
[21:28:53][INFO][同步项目开发记录] 上传成功: output/sync_meta/sync_meta_4ae831e3-0263-4912-b1f5-379b2263c7ad.json
[21:28:58][INFO][同步项目开发记录] 上传成功: output/log/2026-08-10.log
[21:28:58][INFO][同步项目开发记录] 上传成功: output/sync_meta/sync_meta_4ae831e3-0263-4912-b1f5-379b2263c7ad.json
[21:29:03][INFO][同步项目开发记录] 上传成功: output/log/2026-08-10.log
[21:29:03][INFO][同步项目开发记录] 上传成功: output/sync_meta/sync_meta_4ae831e3-0263-4912-b1f5-379b2263c7ad.json
[21:29:08][INFO][同步项目开发记录] 上传成功: output/log/2026-08-10.log
[21:29:08][INFO][同步项目开发记录] 上传成功: output/sync_meta/sync_meta_4ae831e3-0263-4912-b1f5-379b2263c7ad.json
[21:29:13][INFO][同步项目开发记录] 上传成功: output/log/2026-08-10.log
[21:29:13][INFO][同步项目开发记录] 上传成功: output/sync_meta/sync_meta_4ae831e3-0263-4912-b1f5-379b2263c7ad.json
[21:29:18][INFO][同步项目开发记录] 上传成功: output/log/2026-08-10.log
[21:29:18][INFO][同步项目开发记录] 上传成功: output/sync_meta/sync_meta_4ae831e3-0263-4912-b1f5-379b2263c7ad.json
[21:29:23][INFO][同步项目开发记录] 上传成功: output/log/2026-08-10.log
[21:29:23][INFO][同步项目开发记录] 上传成功: output/sync_meta/sync_meta_4ae831e3-0263-4912-b1f5-379b2263c7ad.json
[21:29:28][INFO][同步项目开发记录] 上传成功: output/log/2026-08-10.log
[21:29:28][INFO][同步项目开发记录] 上传成功: output/sync_meta/sync_meta_4ae831e3-0263-4912-b1f5-379b2263c7ad.json
[21:29:33][INFO][同步项目开发记录] 上传成功: output/log/2026-08-10.log
[21:29:33][INFO][同步项目开发记录] 上传成功: output/sync_meta/sync_meta_4ae831e3-0263-4912-b1f5-379b2263c7ad.json
[21:29:38][INFO][同步项目开发记录] 上传成功: output/log/2026-08-10.log
[21:29:38][INFO][同步项目开发记录] 上传成功: output/sync_meta/sync_meta_4ae831e3-0263-4912-b1f5-379b2263c7ad.json
[21:29:43][INFO][同步项目开发记录] 上传成功: output/log/2026-08-10.log
[21:29:43][INFO][同步项目开发记录] 上传成功: output/sync_meta/sync_meta_4ae831e3-0263-4912-b1f5-379b2263c7ad.json
[21:29:48][INFO][同步项目开发记录] 上传成功: output/log/2026-08-10.log
[21:29:48][INFO][同步项目开发记录] 上传成功: output/sync_meta/sync_meta_4ae831e3-0263-4912-b1f5-379b2263c7ad.json
[21:29:53][INFO][同步项目开发记录] 上传成功: output/log/2026-08-10.log
[21:29:53][INFO][同步项目开发记录] 上传成功: output/sync_meta/sync_meta_4ae831e3-0263-4912-b1f5-379b2263c7ad.json
[21:29:58][INFO][同步项目开发记录] 上传成功: output/log/2026-08-10.log
[21:29:58][INFO][同步项目开发记录] 上传成功: output/sync_meta/sync_meta_4ae831e3-0263-4912-b1f5-379b2263c7ad.json
[21:30:03][INFO][同步项目开发记录] 上传成功: output/log/2026-08-10.log
[21:30:03][INFO][同步项目开发记录] 上传成功: output/sync_meta/sync_meta_4ae831e3-0263-4912-b1f5-379b2263c7ad.json
[21:30:08][INFO][同步项目开发记录] 上传成功: output/log/2026-08-10.log
[21:30:08][INFO][同步项目开发记录] 上传成功: output/sync_meta/sync_meta_4ae831e3-0263-4912-b1f5-379b2263c7ad.json
[21:30:13][INFO][同步项目开发记录] 上传成功: output/log/2026-08-10.log
[21:30:13][INFO][同步项目开发记录] 上传成功: output/sync_meta/sync_meta_4ae831e3-0263-4912-b1f5-379b2263c7ad.json
[21:30:18][INFO][同步项目开发记录] 上传成功: output/log/2026-08-10.log
[21:30:18][INFO][同步项目开发记录] 上传成功: output/sync_meta/sync_meta_4ae831e3-0263-4912-b1f5-379b2263c7ad.json
[21:30:23][INFO][同步项目开发记录] 上传成功: output/log/2026-08-10.log
[21:30:23][INFO][同步项目开发记录] 上传成功: output/sync_meta/sync_meta_4ae831e3-0263-4912-b1f5-379b2263c7ad.json
[21:30:28][INFO][同步项目开发记录] 上传成功: output/log/2026-08-10.log
[21:30:28][INFO][同步项目开发记录] 上传成功: output/sync_meta/sync_meta_4ae831e3-0263-4912-b1f5-379b2263c7ad.json
[21:30:33][INFO][同步项目开发记录] 上传成功: output/log/2026-08-10.log
[21:30:33][INFO][同步项目开发记录] 上传成功: output/sync_meta/sync_meta_4ae831e3-0263-4912-b1f5-379b2263c7ad.json
[21:30:38][INFO][同步项目开发记录] 上传成功: output/log/2026-08-10.log
[21:30:38][INFO][同步项目开发记录] 上传成功: output/sync_meta/sync_meta_4ae831e3-0263-4912-b1f5-379b2263c7ad.json
[21:30:43][INFO][同步项目开发记录] 上传成功: output/log/2026-08-10.log
[21:30:43][INFO][同步项目开发记录] 上传成功: output/sync_meta/sync_meta_4ae831e3-0263-4912-b1f5-379b2263c7ad.json
[21:30:48][INFO][同步项目开发记录] 上传成功: output/log/2026-08-10.log
[21:30:48][INFO][同步项目开发记录] 上传成功: output/sync_meta/sync_meta_4ae831e3-0263-4912-b1f5-379b2263c7ad.json
[21:30:53][INFO][同步项目开发记录] 上传成功: output/log/2026-08-10.log
[21:30:53][INFO][同步项目开发记录] 上传成功: output/sync_meta/sync_meta_4ae831e3-0263-4912-b1f5-379b2263c7ad.json
[21:30:58][INFO][同步项目开发记录] 上传成功: output/log/2026-08-10.log
[21:30:58][INFO][同步项目开发记录] 上传成功: output/sync_meta/sync_meta_4ae831e3-0263-4912-b1f5-379b2263c7ad.json
[21:31:03][INFO][同步项目开发记录] 上传成功: output/log/2026-08-10.log
[21:31:03][INFO][同步项目开发记录] 上传成功: output/sync_meta/sync_meta_4ae831e3-0263-4912-b1f5-379b2263c7ad.json
[21:31:08][INFO][同步项目开发记录] 上传成功: output/log/2026-08-10.log
[21:31:08][INFO][同步项目开发记录] 上传成功: output/sync_meta/sync_meta_4ae831e3-0263-4912-b1f5-379b2263c7ad.json
[21:31:13][INFO][同步项目开发记录] 上传成功: output/log/2026-08-10.log
[21:31:13][INFO][同步项目开发记录] 上传成功: output/sync_meta/sync_meta_4ae831e3-0263-4912-b1f5-379b2263c7ad.json
[21:31:18][INFO][同步项目开发记录] 上传成功: output/log/2026-08-10.log
[21:31:18][INFO][同步项目开发记录] 上传成功: output/sync_meta/sync_meta_4ae831e3-0263-4912-b1f5-379b2263c7ad.json
[21:31:23][INFO][同步项目开发记录] 上传成功: output/log/2026-08-10.log
[21:31:23][INFO][同步项目开发记录] 上传成功: output/sync_meta/sync_meta_4ae831e3-0263-4912-b1f5-379b2263c7ad.json
[21:31:28][INFO][同步项目开发记录] 上传成功: output/log/2026-08-10.log
[21:31:28][INFO][同步项目开发记录] 上传成功: output/sync_meta/sync_meta_4ae831e3-0263-4912-b1f5-379b2263c7ad.json
[21:31:33][INFO][同步项目开发记录] 上传成功: output/log/2026-08-10.log
[21:31:33][INFO][同步项目开发记录] 上传成功: output/sync_meta/sync_meta_4ae831e3-0263-4912-b1f5-379b2263c7ad.json
[21:31:38][INFO][同步项目开发记录] 上传成功: output/log/2026-08-10.log
[21:31:38][INFO][同步项目开发记录] 上传成功: output/sync_meta/sync_meta_4ae831e3-0263-4912-b1f5-379b2263c7ad.json
[21:31:43][INFO][同步项目开发记录] 上传成功: output/log/2026-08-10.log
[21:31:43][INFO][同步项目开发记录] 上传成功: output/sync_meta/sync_meta_4ae831e3-0263-4912-b1f5-379b2263c7ad.json
[21:31:48][INFO][同步项目开发记录] 上传成功: output/log/2026-08-10.log
[21:31:48][INFO][同步项目开发记录] 上传成功: output/sync_meta/sync_meta_4ae831e3-0263-4912-b1f5-379b2263c7ad.json
[21:31:53][INFO][同步项目开发记录] 上传成功: output/log/2026-08-10.log
[21:31:53][INFO][同步项目开发记录] 上传成功: output/sync_meta/sync_meta_4ae831e3-0263-4912-b1f5-379b2263c7ad.json
[21:31:58][INFO][同步项目开发记录] 上传成功: output/log/2026-08-10.log
[21:31:58][INFO][同步项目开发记录] 上传成功: output/sync_meta/sync_meta_4ae831e3-0263-4912-b1f5-379b2263c7ad.json
[21:32:03][INFO][同步项目开发记录] 上传成功: output/log/2026-08-10.log
[21:32:03][INFO][同步项目开发记录] 上传成功: output/sync_meta/sync_meta_4ae831e3-0263-4912-b1f5-379b2263c7ad.json
[21:32:08][INFO][同步项目开发记录] 上传成功: output/log/2026-08-10.log
[21:32:08][INFO][同步项目开发记录] 上传成功: output/sync_meta/sync_meta_4ae831e3-0263-4912-b1f5-379b2263c7ad.json
[21:32:13][INFO][同步项目开发记录] 上传成功: output/log/2026-08-10.log
[21:32:13][INFO][同步项目开发记录] 上传成功: output/sync_meta/sync_meta_4ae831e3-0263-4912-b1f5-379b2263c7ad.json
[21:32:18][INFO][同步项目开发记录] 上传成功: output/log/2026-08-10.log
[21:32:18][INFO][同步项目开发记录] 上传成功: output/sync_meta/sync_meta_4ae831e3-0263-4912-b1f5-379b2263c7ad.json
[21:32:23][INFO][同步项目开发记录] 上传成功: output/log/2026-08-10.log
[21:32:23][INFO][同步项目开发记录] 上传成功: output/sync_meta/sync_meta_4ae831e3-0263-4912-b1f5-379b2263c7ad.json
[21:32:28][INFO][同步项目开发记录] 上传成功: output/log/2026-08-10.log
[21:32:28][INFO][同步项目开发记录] 上传成功: output/sync_meta/sync_meta_4ae831e3-0263-4912-b1f5-379b2263c7ad.json
[21:32:33][INFO][同步项目开发记录] 上传成功: output/log/2026-08-10.log
[21:32:33][INFO][同步项目开发记录] 上传成功: output/sync_meta/sync_meta_4ae831e3-0263-4912-b1f5-379b2263c7ad.json
[21:32:38][INFO][同步项目开发记录] 上传成功: output/log/2026-08-10.log
[21:32:38][INFO][同步项目开发记录] 上传成功: output/sync_meta/sync_meta_4ae831e3-0263-4912-b1f5-379b2263c7ad.json
[21:32:43][INFO][同步项目开发记录] 上传成功: output/log/2026-08-10.log
[21:32:43][INFO][同步项目开发记录] 上传成功: output/sync_meta/sync_meta_4ae831e3-0263-4912-b1f5-379b2263c7ad.json
[21:32:48][INFO][同步项目开发记录] 上传成功: output/log/2026-08-10.log
[21:32:48][INFO][同步项目开发记录] 上传成功: output/sync_meta/sync_meta_4ae831e3-0263-4912-b1f5-379b2263c7ad.json
[21:32:53][INFO][同步项目开发记录] 上传成功: output/log/2026-08-10.log
[21:32:53][INFO][同步项目开发记录] 上传成功: output/sync_meta/sync_meta_4ae831e3-0263-4912-b1f5-379b2263c7ad.json
[21:32:58][INFO][同步项目开发记录] 上传成功: output/log/2026-08-10.log
[21:32:58][INFO][同步项目开发记录] 上传成功: output/sync_meta/sync_meta_4ae831e3-0263-4912-b1f5-379b2263c7ad.json
[21:33:03][INFO][同步项目开发记录] 上传成功: output/log/2026-08-10.log
[21:33:03][INFO][同步项目开发记录] 上传成功: output/sync_meta/sync_meta_4ae831e3-0263-4912-b1f5-379b2263c7ad.json
[21:33:08][INFO][同步项目开发记录] 上传成功: output/log/2026-08-10.log
[21:33:08][INFO][同步项目开发记录] 上传成功: output/sync_meta/sync_meta_4ae831e3-0263-4912-b1f5-379b2263c7ad.json
[21:33:13][INFO][同步项目开发记录] 上传成功: output/log/2026-08-10.log
[21:33:13][INFO][同步项目开发记录] 上传成功: output/sync_meta/sync_meta_4ae831e3-0263-4912-b1f5-379b2263c7ad.json
[21:33:18][INFO][同步项目开发记录] 上传成功: output/log/2026-08-10.log
[21:33:18][INFO][同步项目开发记录] 上传成功: output/sync_meta/sync_meta_4ae831e3-0263-4912-b1f5-379b2263c7ad.json
[21:33:23][INFO][同步项目开发记录] 上传成功: output/log/2026-08-10.log
[21:33:23][INFO][同步项目开发记录] 上传成功: output/sync_meta/sync_meta_4ae831e3-0263-4912-b1f5-379b2263c7ad.json
[21:33:28][INFO][同步项目开发记录] 上传成功: output/log/2026-08-10.log
[21:33:28][INFO][同步项目开发记录] 上传成功: output/sync_meta/sync_meta_4ae831e3-0263-4912-b1f5-379b2263c7ad.json
[21:33:33][INFO][同步项目开发记录] 上传成功: output/log/2026-08-10.log
[21:33:33][INFO][同步项目开发记录] 上传成功: output/sync_meta/sync_meta_4ae831e3-0263-4912-b1f5-379b2263c7ad.json
[21:33:38][INFO][同步项目开发记录] 上传成功: output/log/2026-08-10.log
[21:33:38][INFO][同步项目开发记录] 上传成功: output/sync_meta/sync_meta_4ae831e3-0263-4912-b1f5-379b2263c7ad.json
[21:33:43][INFO][同步项目开发记录] 上传成功: output/log/2026-08-10.log
[21:33:43][INFO][同步项目开发记录] 上传成功: output/sync_meta/sync_meta_4ae831e3-0263-4912-b1f5-379b2263c7ad.json
[21:33:48][INFO][同步项目开发记录] 上传成功: output/log/2026-08-10.log
[21:33:48][INFO][同步项目开发记录] 上传成功: output/sync_meta/sync_meta_4ae831e3-0263-4912-b1f5-379b2263c7ad.json
[21:33:53][INFO][同步项目开发记录] 上传成功: output/log/2026-08-10.log
[21:33:53][INFO][同步项目开发记录] 上传成功: output/sync_meta/sync_meta_4ae831e3-0263-4912-b1f5-379b2263c7ad.json
[21:33:58][INFO][同步项目开发记录] 上传成功: output/log/2026-08-10.log
[21:33:58][INFO][同步项目开发记录] 上传成功: output/sync_meta/sync_meta_4ae831e3-0263-4912-b1f5-379b2263c7ad.json
[21:34:03][INFO][同步项目开发记录] 上传成功: output/log/2026-08-10.log
[21:34:03][INFO][同步项目开发记录] 上传成功: output/sync_meta/sync_meta_4ae831e3-0263-4912-b1f5-379b2263c7ad.json
[21:34:08][INFO][同步项目开发记录] 上传成功: output/log/2026-08-10.log
[21:34:08][INFO][同步项目开发记录] 上传成功: output/sync_meta/sync_meta_4ae831e3-0263-4912-b1f5-379b2263c7ad.json
[21:34:13][INFO][同步项目开发记录] 上传成功: output/log/2026-08-10.log
[21:34:13][INFO][同步项目开发记录] 上传成功: output/sync_meta/sync_meta_4ae831e3-0263-4912-b1f5-379b2263c7ad.json
[21:34:18][INFO][同步项目开发记录] 上传成功: output/log/2026-08-10.log
[21:34:18][INFO][同步项目开发记录] 上传成功: output/sync_meta/sync_meta_4ae831e3-0263-4912-b1f5-379b2263c7ad.json
[21:34:23][INFO][同步项目开发记录] 上传成功: output/log/2026-08-10.log
[21:34:23][INFO][同步项目开发记录] 上传成功: output/sync_meta/sync_meta_4ae831e3-0263-4912-b1f5-379b2263c7ad.json
[21:34:28][INFO][同步项目开发记录] 上传成功: output/log/2026-08-10.log
[21:34:28][INFO][同步项目开发记录] 上传成功: output/sync_meta/sync_meta_4ae831e3-0263-4912-b1f5-379b2263c7ad.json
[21:34:33][INFO][同步项目开发记录] 上传成功: output/log/2026-08-10.log
[21:34:33][INFO][同步项目开发记录] 上传成功: output/sync_meta/sync_meta_4ae831e3-0263-4912-b1f5-379b2263c7ad.json
[21:34:38][INFO][同步项目开发记录] 上传成功: output/log/2026-08-10.log
[21:34:38][INFO][同步项目开发记录] 上传成功: output/sync_meta/sync_meta_4ae831e3-0263-4912-b1f5-379b2263c7ad.json
[21:34:43][INFO][同步项目开发记录] 上传成功: output/log/2026-08-10.log
[21:34:43][INFO][同步项目开发记录] 上传成功: output/sync_meta/sync_meta_4ae831e3-0263-4912-b1f5-379b2263c7ad.json
[21:34:48][INFO][同步项目开发记录] 上传成功: output/log/2026-08-10.log
[21:34:48][INFO][同步项目开发记录] 上传成功: output/sync_meta/sync_meta_4ae831e3-0263-4912-b1f5-379b2263c7ad.json
[21:34:53][INFO][同步项目开发记录] 上传成功: output/log/2026-08-10.log
[21:34:53][INFO][同步项目开发记录] 上传成功: output/sync_meta/sync_meta_4ae831e3-0263-4912-b1f5-379b2263c7ad.json
[21:34:58][INFO][同步项目开发记录] 上传成功: output/log/2026-08-10.log
[21:34:58][INFO][同步项目开发记录] 上传成功: output/sync_meta/sync_meta_4ae831e3-0263-4912-b1f5-379b2263c7ad.json
[21:35:03][INFO][同步项目开发记录] 上传成功: output/log/2026-08-10.log
[21:35:03][INFO][同步项目开发记录] 上传成功: output/sync_meta/sync_meta_4ae831e3-0263-4912-b1f5-379b2263c7ad.json
[21:35:08][INFO][同步项目开发记录] 上传成功: output/log/2026-08-10.log
[21:35:08][INFO][同步项目开发记录] 上传成功: output/sync_meta/sync_meta_4ae831e3-0263-4912-b1f5-379b2263c7ad.json
[21:35:13][INFO][同步项目开发记录] 上传成功: output/log/2026-08-10.log
[21:35:13][INFO][同步项目开发记录] 上传成功: output/sync_meta/sync_meta_4ae831e3-0263-4912-b1f5-379b2263c7ad.json
[21:35:18][INFO][同步项目开发记录] 上传成功: output/log/2026-08-10.log
[21:35:18][INFO][同步项目开发记录] 上传成功: output/sync_meta/sync_meta_4ae831e3-0263-4912-b1f5-379b2263c7ad.json
[21:35:23][INFO][同步项目开发记录] 上传成功: output/log/2026-08-10.log
[21:35:23][INFO][同步项目开发记录] 上传成功: output/sync_meta/sync_meta_4ae831e3-0263-4912-b1f5-379b2263c7ad.json
[21:35:28][INFO][同步项目开发记录] 上传成功: output/log/2026-08-10.log
[21:35:28][INFO][同步项目开发记录] 上传成功: output/sync_meta/sync_meta_4ae831e3-0263-4912-b1f5-379b2263c7ad.json
[21:35:33][INFO][同步项目开发记录] 上传成功: output/log/2026-08-10.log
[21:35:33][INFO][同步项目开发记录] 上传成功: output/sync_meta/sync_meta_4ae831e3-0263-4912-b1f5-379b2263c7ad.json
[21:35:38][INFO][同步项目开发记录] 上传成功: output/log/2026-08-10.log
[21:35:38][INFO][同步项目开发记录] 上传成功: output/sync_meta/sync_meta_4ae831e3-0263-4912-b1f5-379b2263c7ad.json
[21:35:43][INFO][同步项目开发记录] 上传成功: output/log/2026-08-10.log
[21:35:43][INFO][同步项目开发记录] 上传成功: output/sync_meta/sync_meta_4ae831e3-0263-4912-b1f5-379b2263c7ad.json
[21:35:48][INFO][同步项目开发记录] 上传成功: output/log/2026-08-10.log
[21:35:48][INFO][同步项目开发记录] 上传成功: output/sync_meta/sync_meta_4ae831e3-0263-4912-b1f5-379b2263c7ad.json
[21:35:53][INFO][同步项目开发记录] 上传成功: output/log/2026-08-10.log
[21:35:53][INFO][同步项目开发记录] 上传成功: output/sync_meta/sync_meta_4ae831e3-0263-4912-b1f5-379b2263c7ad.json
[21:35:58][INFO][同步项目开发记录] 上传成功: output/log/2026-08-10.log
[21:35:58][INFO][同步项目开发记录] 上传成功: output/sync_meta/sync_meta_4ae831e3-0263-4912-b1f5-379b2263c7ad.json
[21:36:03][INFO][同步项目开发记录] 上传成功: output/log/2026-08-10.log
[21:36:03][INFO][同步项目开发记录] 上传成功: output/sync_meta/sync_meta_4ae831e3-0263-4912-b1f5-379b2263c7ad.json
[21:36:08][INFO][同步项目开发记录] 上传成功: output/log/2026-08-10.log
[21:36:08][INFO][同步项目开发记录] 上传成功: output/sync_meta/sync_meta_4ae831e3-0263-4912-b1f5-379b2263c7ad.json
[21:36:13][INFO][同步项目开发记录] 上传成功: output/log/2026-08-10.log
[21:36:13][INFO][同步项目开发记录] 上传成功: output/sync_meta/sync_meta_4ae831e3-0263-4912-b1f5-379b2263c7ad.json
[21:36:18][INFO][同步项目开发记录] 上传成功: output/log/2026-08-10.log
[21:36:18][INFO][同步项目开发记录] 上传成功: output/sync_meta/sync_meta_4ae831e3-0263-4912-b1f5-379b2263c7ad.json
[21:36:23][INFO][同步项目开发记录] 上传成功: output/log/2026-08-10.log
[21:36:23][INFO][同步项目开发记录] 上传成功: output/sync_meta/sync_meta_4ae831e3-0263-4912-b1f5-379b2263c7ad.json
[21:36:28][INFO][同步项目开发记录] 上传成功: output/log/2026-08-10.log
[21:36:28][INFO][同步项目开发记录] 上传成功: output/sync_meta/sync_meta_4ae831e3-0263-4912-b1f5-379b2263c7ad.json
[21:36:33][INFO][同步项目开发记录] 上传成功: output/log/2026-08-10.log
[21:36:33][INFO][同步项目开发记录] 上传成功: output/sync_meta/sync_meta_4ae831e3-0263-4912-b1f5-379b2263c7ad.json
[21:36:38][INFO][同步项目开发记录] 上传成功: output/log/2026-08-10.log
[21:36:38][INFO][同步项目开发记录] 上传成功: output/sync_meta/sync_meta_4ae831e3-0263-4912-b1f5-379b2263c7ad.json
[21:36:43][INFO][同步项目开发记录] 上传成功: output/log/2026-08-10.log
[21:36:43][INFO][同步项目开发记录] 上传成功: output/sync_meta/sync_meta_4ae831e3-0263-4912-b1f5-379b2263c7ad.json
[21:36:48][INFO][同步项目开发记录] 上传成功: output/log/2026-08-10.log
[21:36:48][INFO][同步项目开发记录] 上传成功: output/sync_meta/sync_meta_4ae831e3-0263-4912-b1f5-379b2263c7ad.json
[21:36:53][INFO][同步项目开发记录] 上传成功: output/log/2026-08-10.log
[21:36:53][INFO][同步项目开发记录] 上传成功: output/sync_meta/sync_meta_4ae831e3-0263-4912-b1f5-379b2263c7ad.json
[21:36:58][INFO][同步项目开发记录] 上传成功: output/log/2026-08-10.log
[21:36:58][INFO][同步项目开发记录] 上传成功: output/sync_meta/sync_meta_4ae831e3-0263-4912-b1f5-379b2263c7ad.json
[21:37:03][INFO][同步项目开发记录] 上传成功: output/log/2026-08-10.log
[21:37:03][INFO][同步项目开发记录] 上传成功: output/sync_meta/sync_meta_4ae831e3-0263-4912-b1f5-379b2263c7ad.json
[21:37:08][INFO][同步项目开发记录] 上传成功: output/log/2026-08-10.log
[21:37:08][INFO][同步项目开发记录] 上传成功: output/sync_meta/sync_meta_4ae831e3-0263-4912-b1f5-379b2263c7ad.json
[21:37:13][INFO][同步项目开发记录] 上传成功: output/log/2026-08-10.log
[21:37:13][INFO][同步项目开发记录] 上传成功: output/sync_meta/sync_meta_4ae831e3-0263-4912-b1f5-379b2263c7ad.json
[21:37:18][INFO][同步项目开发记录] 上传成功: output/log/2026-08-10.log
[21:37:18][INFO][同步项目开发记录] 上传成功: output/sync_meta/sync_meta_4ae831e3-0263-4912-b1f5-379b2263c7ad.json
[21:37:23][INFO][同步项目开发记录] 上传成功: output/log/2026-08-10.log
[21:37:23][INFO][同步项目开发记录] 上传成功: output/sync_meta/sync_meta_4ae831e3-0263-4912-b1f5-379b2263c7ad.json
[21:37:28][INFO][同步项目开发记录] 上传成功: output/log/2026-08-10.log
[21:37:28][INFO][同步项目开发记录] 上传成功: output/sync_meta/sync_meta_4ae831e3-0263-4912-b1f5-379b2263c7ad.json
[21:37:33][INFO][同步项目开发记录] 上传成功: output/log/2026-08-10.log
[21:37:33][INFO][同步项目开发记录] 上传成功: output/sync_meta/sync_meta_4ae831e3-0263-4912-b1f5-379b2263c7ad.json
[21:37:38][INFO][同步项目开发记录] 上传成功: output/log/2026-08-10.log
[21:37:38][INFO][同步项目开发记录] 上传成功: output/sync_meta/sync_meta_4ae831e3-0263-4912-b1f5-379b2263c7ad.json
[21:37:43][INFO][同步项目开发记录] 上传成功: output/log/2026-08-10.log
[21:37:43][INFO][同步项目开发记录] 上传成功: output/sync_meta/sync_meta_4ae831e3-0263-4912-b1f5-379b2263c7ad.json
[21:37:48][INFO][同步项目开发记录] 上传成功: output/log/2026-08-10.log
[21:37:48][INFO][同步项目开发记录] 上传成功: output/sync_meta/sync_meta_4ae831e3-0263-4912-b1f5-379b2263c7ad.json
[21:37:53][INFO][同步项目开发记录] 上传成功: output/log/2026-08-10.log
[21:37:53][INFO][同步项目开发记录] 上传成功: output/sync_meta/sync_meta_4ae831e3-0263-4912-b1f5-379b2263c7ad.json
[21:37:58][INFO][同步项目开发记录] 上传成功: output/log/2026-08-10.log
[21:37:58][INFO][同步项目开发记录] 上传成功: output/sync_meta/sync_meta_4ae831e3-0263-4912-b1f5-379b2263c7ad.json
[21:38:03][INFO][同步项目开发记录] 上传成功: output/log/2026-08-10.log
[21:38:03][INFO][同步项目开发记录] 上传成功: output/sync_meta/sync_meta_4ae831e3-0263-4912-b1f5-379b2263c7ad.json
[21:38:08][INFO][同步项目开发记录] 上传成功: output/log/2026-08-10.log
[21:38:08][INFO][同步项目开发记录] 上传成功: output/sync_meta/sync_meta_4ae831e3-0263-4912-b1f5-379b2263c7ad.json
[21:38:13][INFO][同步项目开发记录] 上传成功: output/log/2026-08-10.log
[21:38:13][INFO][同步项目开发记录] 上传成功: output/sync_meta/sync_meta_4ae831e3-0263-4912-b1f5-379b2263c7ad.json
[21:38:18][INFO][同步项目开发记录] 上传成功: output/log/2026-08-10.log
[21:38:18][INFO][同步项目开发记录] 上传成功: output/sync_meta/sync_meta_4ae831e3-0263-4912-b1f5-379b2263c7ad.json
[21:38:23][INFO][同步项目开发记录] 上传成功: output/log/2026-08-10.log
[21:38:23][INFO][同步项目开发记录] 上传成功: output/sync_meta/sync_meta_4ae831e3-0263-4912-b1f5-379b2263c7ad.json
[21:38:28][INFO][同步项目开发记录] 上传成功: output/log/2026-08-10.log
[21:38:28][INFO][同步项目开发记录] 上传成功: output/sync_meta/sync_meta_4ae831e3-0263-4912-b1f5-379b2263c7ad.json
[21:38:33][INFO][同步项目开发记录] 上传成功: output/log/2026-08-10.log
[21:38:33][INFO][同步项目开发记录] 上传成功: output/sync_meta/sync_meta_4ae831e3-0263-4912-b1f5-379b2263c7ad.json
[21:38:38][INFO][同步项目开发记录] 上传成功: output/log/2026-08-10.log
[21:38:38][INFO][同步项目开发记录] 上传成功: output/sync_meta/sync_meta_4ae831e3-0263-4912-b1f5-379b2263c7ad.json
[21:38:43][INFO][同步项目开发记录] 上传成功: output/log/2026-08-10.log
[21:38:43][INFO][同步项目开发记录] 上传成功: output/sync_meta/sync_meta_4ae831e3-0263-4912-b1f5-379b2263c7ad.json
[21:38:48][INFO][同步项目开发记录] 上传成功: output/log/2026-08-10.log
[21:38:48][INFO][同步项目开发记录] 上传成功: output/sync_meta/sync_meta_4ae831e3-0263-4912-b1f5-379b2263c7ad.json
[21:38:53][INFO][同步项目开发记录] 上传成功: output/log/2026-08-10.log
[21:38:53][INFO][同步项目开发记录] 上传成功: output/sync_meta/sync_meta_4ae831e3-0263-4912-b1f5-379b2263c7ad.json
[21:38:58][INFO][同步项目开发记录] 上传成功: output/log/2026-08-10.log
[21:38:58][INFO][同步项目开发记录] 上传成功: output/sync_meta/sync_meta_4ae831e3-0263-4912-b1f5-379b2263c7ad.json
[21:39:03][INFO][同步项目开发记录] 上传成功: output/log/2026-08-10.log
[21:39:03][INFO][同步项目开发记录] 上传成功: output/sync_meta/sync_meta_4ae831e3-0263-4912-b1f5-379b2263c7ad.json
[21:39:08][INFO][同步项目开发记录] 上传成功: output/log/2026-08-10.log
[21:39:08][INFO][同步项目开发记录] 上传成功: output/sync_meta/sync_meta_4ae831e3-0263-4912-b1f5-379b2263c7ad.json
[21:39:13][INFO][同步项目开发记录] 上传成功: output/log/2026-08-10.log
[21:39:13][INFO][同步项目开发记录] 上传成功: output/sync_meta/sync_meta_4ae831e3-0263-4912-b1f5-379b2263c7ad.json
[21:39:18][INFO][同步项目开发记录] 上传成功: output/log/2026-08-10.log
[21:39:18][INFO][同步项目开发记录] 上传成功: output/sync_meta/sync_meta_4ae831e3-0263-4912-b1f5-379b2263c7ad.json
[21:39:23][INFO][同步项目开发记录] 上传成功: output/log/2026-08-10.log
[21:39:23][INFO][同步项目开发记录] 上传成功: output/sync_meta/sync_meta_4ae831e3-0263-4912-b1f5-379b2263c7ad.json
[21:39:28][INFO][同步项目开发记录] 上传成功: output/log/2026-08-10.log
[21:39:28][INFO][同步项目开发记录] 上传成功: output/sync_meta/sync_meta_4ae831e3-0263-4912-b1f5-379b2263c7ad.json
[21:39:33][INFO][同步项目开发记录] 上传成功: output/log/2026-08-10.log
[21:39:33][INFO][同步项目开发记录] 上传成功: output/sync_meta/sync_meta_4ae831e3-0263-4912-b1f5-379b2263c7ad.json
[21:39:38][INFO][同步项目开发记录] 上传成功: output/log/2026-08-10.log
[21:39:38][INFO][同步项目开发记录] 上传成功: output/sync_meta/sync_meta_4ae831e3-0263-4912-b1f5-379b2263c7ad.json
[21:39:43][INFO][同步项目开发记录] 上传成功: output/log/2026-08-10.log
[21:39:43][INFO][同步项目开发记录] 上传成功: output/sync_meta/sync_meta_4ae831e3-0263-4912-b1f5-379b2263c7ad.json
[21:39:48][INFO][同步项目开发记录] 上传成功: output/log/2026-08-10.log
[21:39:48][INFO][同步项目开发记录] 上传成功: output/sync_meta/sync_meta_4ae831e3-0263-4912-b1f5-379b2263c7ad.json
[21:39:53][INFO][同步项目开发记录] 上传成功: output/log/2026-08-10.log
[21:39:53][INFO][同步项目开发记录] 上传成功: output/sync_meta/sync_meta_4ae831e3-0263-4912-b1f5-379b2263c7ad.json
[21:39:58][INFO][同步项目开发记录] 上传成功: output/log/2026-08-10.log
[21:39:58][INFO][同步项目开发记录] 上传成功: output/sync_meta/sync_meta_4ae831e3-0263-4912-b1f5-379b2263c7ad.json
[21:40:03][INFO][同步项目开发记录] 上传成功: output/log/2026-08-10.log
[21:40:03][INFO][同步项目开发记录] 上传成功: output/sync_meta/sync_meta_4ae831e3-0263-4912-b1f5-379b2263c7ad.json
[21:40:08][INFO][同步项目开发记录] 上传成功: output/log/2026-08-10.log
[21:40:08][INFO][同步项目开发记录] 上传成功: output/sync_meta/sync_meta_4ae831e3-0263-4912-b1f5-379b2263c7ad.json
[21:40:13][INFO][同步项目开发记录] 上传成功: output/log/2026-08-10.log
[21:40:13][INFO][同步项目开发记录] 上传成功: output/sync_meta/sync_meta_4ae831e3-0263-4912-b1f5-379b2263c7ad.json
[21:40:18][INFO][同步项目开发记录] 上传成功: output/log/2026-08-10.log
[21:40:18][INFO][同步项目开发记录] 上传成功: output/sync_meta/sync_meta_4ae831e3-0263-4912-b1f5-379b2263c7ad.json
[21:40:23][INFO][同步项目开发记录] 上传成功: output/log/2026-08-10.log
[21:40:23][INFO][同步项目开发记录] 上传成功: output/sync_meta/sync_meta_4ae831e3-0263-4912-b1f5-379b2263c7ad.json
[21:40:28][INFO][同步项目开发记录] 上传成功: output/log/2026-08-10.log
[21:40:28][INFO][同步项目开发记录] 上传成功: output/sync_meta/sync_meta_4ae831e3-0263-4912-b1f5-379b2263c7ad.json
[21:40:33][INFO][同步项目开发记录] 上传成功: output/log/2026-08-10.log
[21:40:33][INFO][同步项目开发记录] 上传成功: output/sync_meta/sync_meta_4ae831e3-0263-4912-b1f5-379b2263c7ad.json
[21:40:38][INFO][同步项目开发记录] 上传成功: output/log/2026-08-10.log
[21:40:38][INFO][同步项目开发记录] 上传成功: output/sync_meta/sync_meta_4ae831e3-0263-4912-b1f5-379b2263c7ad.json
[21:40:43][INFO][同步项目开发记录] 上传成功: output/log/2026-08-10.log
[21:40:43][INFO][同步项目开发记录] 上传成功: output/sync_meta/sync_meta_4ae831e3-0263-4912-b1f5-379b2263c7ad.json
[21:40:48][INFO][同步项目开发记录] 上传成功: output/log/2026-08-10.log
[21:40:48][INFO][同步项目开发记录] 上传成功: output/sync_meta/sync_meta_4ae831e3-0263-4912-b1f5-379b2263c7ad.json
[21:40:53][INFO][同步项目开发记录] 上传成功: output/log/2026-08-10.log
[21:40:53][INFO][同步项目开发记录] 上传成功: output/sync_meta/sync_meta_4ae831e3-0263-4912-b1f5-379b2263c7ad.json
[21:40:58][INFO][同步项目开发记录] 上传成功: output/log/2026-08-10.log
[21:40:58][INFO][同步项目开发记录] 上传成功: output/sync_meta/sync_meta_4ae831e3-0263-4912-b1f5-379b2263c7ad.json
[21:41:03][INFO][同步项目开发记录] 上传成功: output/log/2026-08-10.log
[21:41:03][INFO][同步项目开发记录] 上传成功: output/sync_meta/sync_meta_4ae831e3-0263-4912-b1f5-379b2263c7ad.json
[21:41:08][INFO][同步项目开发记录] 上传成功: output/log/2026-08-10.log
[21:41:08][INFO][同步项目开发记录] 上传成功: output/sync_meta/sync_meta_4ae831e3-0263-4912-b1f5-379b2263c7ad.json
[21:41:13][INFO][同步项目开发记录] 上传成功: output/log/2026-08-10.log
[21:41:13][INFO][同步项目开发记录] 上传成功: output/sync_meta/sync_meta_4ae831e3-0263-4912-b1f5-379b2263c7ad.json
[21:41:18][INFO][同步项目开发记录] 上传成功: output/log/2026-08-10.log
[21:41:18][INFO][同步项目开发记录] 上传成功: output/sync_meta/sync_meta_4ae831e3-0263-4912-b1f5-379b2263c7ad.json
[21:41:23][INFO][同步项目开发记录] 上传成功: output/log/2026-08-10.log
[21:41:23][INFO][同步项目开发记录] 上传成功: output/sync_meta/sync_meta_4ae831e3-0263-4912-b1f5-379b2263c7ad.json
[21:41:28][INFO][同步项目开发记录] 上传成功: output/log/2026-08-10.log
[21:41:28][INFO][同步项目开发记录] 上传成功: output/sync_meta/sync_meta_4ae831e3-0263-4912-b1f5-379b2263c7ad.json
[21:41:33][INFO][同步项目开发记录] 上传成功: output/log/2026-08-10.log
[21:41:33][INFO][同步项目开发记录] 上传成功: output/sync_meta/sync_meta_4ae831e3-0263-4912-b1f5-379b2263c7ad.json
[21:41:38][INFO][同步项目开发记录] 上传成功: output/log/2026-08-10.log
[21:41:38][INFO][同步项目开发记录] 上传成功: output/sync_meta/sync_meta_4ae831e3-0263-4912-b1f5-379b2263c7ad.json
[21:41:43][INFO][同步项目开发记录] 上传成功: output/log/2026-08-10.log
[21:41:43][INFO][同步项目开发记录] 上传成功: output/sync_meta/sync_meta_4ae831e3-0263-4912-b1f5-379b2263c7ad.json
[21:41:48][INFO][同步项目开发记录] 上传成功: output/log/2026-08-10.log
[21:41:48][INFO][同步项目开发记录] 上传成功: output/sync_meta/sync_meta_4ae831e3-0263-4912-b1f5-379b2263c7ad.json
[21:41:53][INFO][同步项目开发记录] 上传成功: output/log/2026-08-10.log
[21:41:53][INFO][同步项目开发记录] 上传成功: output/sync_meta/sync_meta_4ae831e3-0263-4912-b1f5-379b2263c7ad.json
[21:41:58][INFO][同步项目开发记录] 上传成功: output/log/2026-08-10.log
[21:41:58][INFO][同步项目开发记录] 上传成功: output/sync_meta/sync_meta_4ae831e3-0263-4912-b1f5-379b2263c7ad.json
[21:42:03][INFO][同步项目开发记录] 上传成功: output/log/2026-08-10.log
[21:42:03][INFO][同步项目开发记录] 上传成功: output/sync_meta/sync_meta_4ae831e3-0263-4912-b1f5-379b2263c7ad.json
[21:42:08][INFO][同步项目开发记录] 上传成功: output/log/2026-08-10.log
[21:42:08][INFO][同步项目开发记录] 上传成功: output/sync_meta/sync_meta_4ae831e3-0263-4912-b1f5-379b2263c7ad.json
[21:42:13][INFO][同步项目开发记录] 上传成功: output/log/2026-08-10.log
[21:42:13][INFO][同步项目开发记录] 上传成功: output/sync_meta/sync_meta_4ae831e3-0263-4912-b1f5-379b2263c7ad.json
[21:42:18][INFO][同步项目开发记录] 上传成功: output/log/2026-08-10.log
[21:42:18][INFO][同步项目开发记录] 上传成功: output/sync_meta/sync_meta_4ae831e3-0263-4912-b1f5-379b2263c7ad.json
[21:42:23][INFO][同步项目开发记录] 上传成功: output/log/2026-08-10.log
[21:42:23][INFO][同步项目开发记录] 上传成功: output/sync_meta/sync_meta_4ae831e3-0263-4912-b1f5-379b2263c7ad.json
[21:42:28][INFO][同步项目开发记录] 上传成功: output/log/2026-08-10.log
[21:42:28][INFO][同步项目开发记录] 上传成功: output/sync_meta/sync_meta_4ae831e3-0263-4912-b1f5-379b2263c7ad.json
[21:42:33][INFO][同步项目开发记录] 上传成功: output/log/2026-08-10.log
[21:42:33][INFO][同步项目开发记录] 上传成功: output/sync_meta/sync_meta_4ae831e3-0263-4912-b1f5-379b2263c7ad.json
[21:42:38][INFO][同步项目开发记录] 上传成功: output/log/2026-08-10.log
[21:42:38][INFO][同步项目开发记录] 上传成功: output/sync_meta/sync_meta_4ae831e3-0263-4912-b1f5-379b2263c7ad.json
[21:42:43][INFO][同步项目开发记录] 上传成功: output/log/2026-08-10.log
[21:42:43][INFO][同步项目开发记录] 上传成功: output/sync_meta/sync_meta_4ae831e3-0263-4912-b1f5-379b2263c7ad.json
[21:42:48][INFO][同步项目开发记录] 上传成功: output/log/2026-08-10.log
[21:42:48][INFO][同步项目开发记录] 上传成功: output/sync_meta/sync_meta_4ae831e3-0263-4912-b1f5-379b2263c7ad.json
[21:42:53][INFO][同步项目开发记录] 上传成功: output/log/2026-08-10.log
[21:42:53][INFO][同步项目开发记录] 上传成功: output/sync_meta/sync_meta_4ae831e3-0263-4912-b1f5-379b2263c7ad.json
[21:42:58][INFO][同步项目开发记录] 上传成功: output/log/2026-08-10.log
[21:42:58][INFO][同步项目开发记录] 上传成功: output/sync_meta/sync_meta_4ae831e3-0263-4912-b1f5-379b2263c7ad.json
[21:43:03][INFO][同步项目开发记录] 上传成功: output/log/2026-08-10.log
[21:43:03][INFO][同步项目开发记录] 上传成功: output/sync_meta/sync_meta_4ae831e3-0263-4912-b1f5-379b2263c7ad.json
[21:43:08][INFO][同步项目开发记录] 上传成功: output/log/2026-08-10.log
[21:43:08][INFO][同步项目开发记录] 上传成功: output/sync_meta/sync_meta_4ae831e3-0263-4912-b1f5-379b2263c7ad.json
[21:43:13][INFO][同步项目开发记录] 上传成功: output/log/2026-08-10.log
[21:43:13][INFO][同步项目开发记录] 上传成功: output/sync_meta/sync_meta_4ae831e3-0263-4912-b1f5-379b2263c7ad.json
[21:43:18][INFO][同步项目开发记录] 上传成功: output/log/2026-08-10.log
[21:43:18][INFO][同步项目开发记录] 上传成功: output/sync_meta/sync_meta_4ae831e3-0263-4912-b1f5-379b2263c7ad.json
[21:43:23][INFO][同步项目开发记录] 上传成功: output/log/2026-08-10.log
[21:43:23][INFO][同步项目开发记录] 上传成功: output/sync_meta/sync_meta_4ae831e3-0263-4912-b1f5-379b2263c7ad.json
[21:43:28][INFO][同步项目开发记录] 上传成功: output/log/2026-08-10.log
[21:43:28][INFO][同步项目开发记录] 上传成功: output/sync_meta/sync_meta_4ae831e3-0263-4912-b1f5-379b2263c7ad.json
[21:43:33][INFO][同步项目开发记录] 上传成功: output/log/2026-08-10.log
[21:43:33][INFO][同步项目开发记录] 上传成功: output/sync_meta/sync_meta_4ae831e3-0263-4912-b1f5-379b2263c7ad.json
[21:43:38][INFO][同步项目开发记录] 上传成功: output/log/2026-08-10.log
[21:43:38][INFO][同步项目开发记录] 上传成功: output/sync_meta/sync_meta_4ae831e3-0263-4912-b1f5-379b2263c7ad.json
[21:43:43][INFO][同步项目开发记录] 上传成功: output/log/2026-08-10.log
[21:43:43][INFO][同步项目开发记录] 上传成功: output/sync_meta/sync_meta_4ae831e3-0263-4912-b1f5-379b2263c7ad.json
[21:43:48][INFO][同步项目开发记录] 上传成功: output/log/2026-08-10.log
[21:43:48][INFO][同步项目开发记录] 上传成功: output/sync_meta/sync_meta_4ae831e3-0263-4912-b1f5-379b2263c7ad.json
[21:43:53][INFO][同步项目开发记录] 上传成功: output/log/2026-08-10.log
[21:43:53][INFO][同步项目开发记录] 上传成功: output/sync_meta/sync_meta_4ae831e3-0263-4912-b1f5-379b2263c7ad.json
[21:43:58][INFO][同步项目开发记录] 上传成功: output/log/2026-08-10.log
[21:43:58][INFO][同步项目开发记录] 上传成功: output/sync_meta/sync_meta_4ae831e3-0263-4912-b1f5-379b2263c7ad.json
[21:44:03][INFO][同步项目开发记录] 上传成功: output/log/2026-08-10.log
[21:44:03][INFO][同步项目开发记录] 上传成功: output/sync_meta/sync_meta_4ae831e3-0263-4912-b1f5-379b2263c7ad.json
[21:44:08][INFO][同步项目开发记录] 上传成功: output/log/2026-08-10.log
[21:44:08][INFO][同步项目开发记录] 上传成功: output/sync_meta/sync_meta_4ae831e3-0263-4912-b1f5-379b2263c7ad.json
[21:44:13][INFO][同步项目开发记录] 上传成功: output/log/2026-08-10.log
[21:44:13][INFO][同步项目开发记录] 上传成功: output/sync_meta/sync_meta_4ae831e3-0263-4912-b1f5-379b2263c7ad.json
[21:44:18][INFO][同步项目开发记录] 上传成功: output/log/2026-08-10.log
[21:44:18][INFO][同步项目开发记录] 上传成功: output/sync_meta/sync_meta_4ae831e3-0263-4912-b1f5-379b2263c7ad.json
[21:44:23][INFO][同步项目开发记录] 上传成功: output/log/2026-08-10.log
[21:44:23][INFO][同步项目开发记录] 上传成功: output/sync_meta/sync_meta_4ae831e3-0263-4912-b1f5-379b2263c7ad.json
[21:44:28][INFO][同步项目开发记录] 上传成功: output/log/2026-08-10.log
[21:44:28][INFO][同步项目开发记录] 上传成功: output/sync_meta/sync_meta_4ae831e3-0263-4912-b1f5-379b2263c7ad.json
[21:44:33][INFO][同步项目开发记录] 上传成功: output/log/2026-08-10.log
[21:44:33][INFO][同步项目开发记录] 上传成功: output/sync_meta/sync_meta_4ae831e3-0263-4912-b1f5-379b2263c7ad.json
[21:44:38][INFO][同步项目开发记录] 上传成功: output/log/2026-08-10.log
[21:44:38][INFO][同步项目开发记录] 上传成功: output/sync_meta/sync_meta_4ae831e3-0263-4912-b1f5-379b2263c7ad.json
[21:44:43][INFO][同步项目开发记录] 上传成功: output/log/2026-08-10.log
[21:44:43][INFO][同步项目开发记录] 上传成功: output/sync_meta/sync_meta_4ae831e3-0263-4912-b1f5-379b2263c7ad.json
[21:44:48][INFO][同步项目开发记录] 上传成功: output/log/2026-08-10.log
[21:44:48][INFO][同步项目开发记录] 上传成功: output/sync_meta/sync_meta_4ae831e3-0263-4912-b1f5-379b2263c7ad.json
[21:44:53][INFO][同步项目开发记录] 上传成功: output/log/2026-08-10.log
[21:44:53][INFO][同步项目开发记录] 上传成功: output/sync_meta/sync_meta_4ae831e3-0263-4912-b1f5-379b2263c7ad.json
[21:44:58][INFO][同步项目开发记录] 上传成功: output/log/2026-08-10.log
[21:44:58][INFO][同步项目开发记录] 上传成功: output/sync_meta/sync_meta_4ae831e3-0263-4912-b1f5-379b2263c7ad.json
[21:45:03][INFO][同步项目开发记录] 上传成功: output/log/2026-08-10.log
[21:45:03][INFO][同步项目开发记录] 上传成功: output/sync_meta/sync_meta_4ae831e3-0263-4912-b1f5-379b2263c7ad.json
[21:45:08][INFO][同步项目开发记录] 上传成功: output/log/2026-08-10.log
[21:45:08][INFO][同步项目开发记录] 上传成功: output/sync_meta/sync_meta_4ae831e3-0263-4912-b1f5-379b2263c7ad.json
[21:45:13][INFO][同步项目开发记录] 上传成功: output/log/2026-08-10.log
[21:45:13][INFO][同步项目开发记录] 上传成功: output/sync_meta/sync_meta_4ae831e3-0263-4912-b1f5-379b2263c7ad.json
[21:45:18][INFO][同步项目开发记录] 上传成功: output/log/2026-08-10.log
[21:45:18][INFO][同步项目开发记录] 上传成功: output/sync_meta/sync_meta_4ae831e3-0263-4912-b1f5-379b2263c7ad.json
[21:45:23][INFO][同步项目开发记录] 上传成功: output/log/2026-08-10.log
[21:45:23][INFO][同步项目开发记录] 上传成功: output/sync_meta/sync_meta_4ae831e3-0263-4912-b1f5-379b2263c7ad.json
[21:45:28][INFO][同步项目开发记录] 上传成功: output/log/2026-08-10.log
[21:45:28][INFO][同步项目开发记录] 上传成功: output/sync_meta/sync_meta_4ae831e3-0263-4912-b1f5-379b2263c7ad.json
[21:45:33][INFO][同步项目开发记录] 上传成功: output/log/2026-08-10.log
[21:45:33][INFO][同步项目开发记录] 上传成功: output/sync_meta/sync_meta_4ae831e3-0263-4912-b1f5-379b2263c7ad.json
[21:45:38][INFO][同步项目开发记录] 上传成功: output/log/2026-08-10.log
[21:45:38][INFO][同步项目开发记录] 上传成功: output/sync_meta/sync_meta_4ae831e3-0263-4912-b1f5-379b2263c7ad.json
[21:45:43][INFO][同步项目开发记录] 上传成功: output/log/2026-08-10.log
[21:45:43][INFO][同步项目开发记录] 上传成功: output/sync_meta/sync_meta_4ae831e3-0263-4912-b1f5-379b2263c7ad.json
[21:45:48][INFO][同步项目开发记录] 上传成功: output/log/2026-08-10.log
[21:45:48][INFO][同步项目开发记录] 上传成功: output/sync_meta/sync_meta_4ae831e3-0263-4912-b1f5-379b2263c7ad.json
[21:45:53][INFO][同步项目开发记录] 上传成功: output/log/2026-08-10.log
[21:45:53][INFO][同步项目开发记录] 上传成功: output/sync_meta/sync_meta_4ae831e3-0263-4912-b1f5-379b2263c7ad.json
[21:45:58][INFO][同步项目开发记录] 上传成功: output/log/2026-08-10.log
[21:45:58][INFO][同步项目开发记录] 上传成功: output/sync_meta/sync_meta_4ae831e3-0263-4912-b1f5-379b2263c7ad.json
[21:46:03][INFO][同步项目开发记录] 上传成功: output/log/2026-08-10.log
[21:46:03][INFO][同步项目开发记录] 上传成功: output/sync_meta/sync_meta_4ae831e3-0263-4912-b1f5-379b2263c7ad.json
[21:46:08][INFO][同步项目开发记录] 上传成功: output/log/2026-08-10.log
[21:46:08][INFO][同步项目开发记录] 上传成功: output/sync_meta/sync_meta_4ae831e3-0263-4912-b1f5-379b2263c7ad.json
[21:46:13][INFO][同步项目开发记录] 上传成功: output/log/2026-08-10.log
[21:46:13][INFO][同步项目开发记录] 上传成功: output/sync_meta/sync_meta_4ae831e3-0263-4912-b1f5-379b2263c7ad.json
[21:46:18][INFO][同步项目开发记录] 上传成功: output/log/2026-08-10.log
[21:46:18][INFO][同步项目开发记录] 上传成功: output/sync_meta/sync_meta_4ae831e3-0263-4912-b1f5-379b2263c7ad.json
[21:46:23][INFO][同步项目开发记录] 上传成功: output/log/2026-08-10.log
[21:46:23][INFO][同步项目开发记录] 上传成功: output/sync_meta/sync_meta_4ae831e3-0263-4912-b1f5-379b2263c7ad.json
[21:46:28][INFO][同步项目开发记录] 上传成功: output/log/2026-08-10.log
[21:46:28][INFO][同步项目开发记录] 上传成功: output/sync_meta/sync_meta_4ae831e3-0263-4912-b1f5-379b2263c7ad.json
[21:46:33][INFO][同步项目开发记录] 上传成功: output/log/2026-08-10.log
[21:46:33][INFO][同步项目开发记录] 上传成功: output/sync_meta/sync_meta_4ae831e3-0263-4912-b1f5-379b2263c7ad.json
[21:46:38][INFO][同步项目开发记录] 上传成功: output/log/2026-08-10.log
[21:46:38][INFO][同步项目开发记录] 上传成功: output/sync_meta/sync_meta_4ae831e3-0263-4912-b1f5-379b2263c7ad.json
[21:46:43][INFO][同步项目开发记录] 上传成功: output/log/2026-08-10.log
[21:46:43][INFO][同步项目开发记录] 上传成功: output/sync_meta/sync_meta_4ae831e3-0263-4912-b1f5-379b2263c7ad.json
[21:46:48][INFO][同步项目开发记录] 上传成功: output/log/2026-08-10.log
[21:46:48][INFO][同步项目开发记录] 上传成功: output/sync_meta/sync_meta_4ae831e3-0263-4912-b1f5-379b2263c7ad.json
[21:46:53][INFO][同步项目开发记录] 上传成功: output/log/2026-08-10.log
[21:46:53][INFO][同步项目开发记录] 上传成功: output/sync_meta/sync_meta_4ae831e3-0263-4912-b1f5-379b2263c7ad.json
[21:46:58][INFO][同步项目开发记录] 上传成功: output/log/2026-08-10.log
[21:46:58][INFO][同步项目开发记录] 上传成功: output/sync_meta/sync_meta_4ae831e3-0263-4912-b1f5-379b2263c7ad.json
[21:47:03][INFO][同步项目开发记录] 上传成功: output/log/2026-08-10.log
[21:47:03][INFO][同步项目开发记录] 上传成功: output/sync_meta/sync_meta_4ae831e3-0263-4912-b1f5-379b2263c7ad.json
[21:47:08][INFO][同步项目开发记录] 上传成功: output/log/2026-08-10.log
[21:47:08][INFO][同步项目开发记录] 上传成功: output/sync_meta/sync_meta_4ae831e3-0263-4912-b1f5-379b2263c7ad.json
[21:47:13][INFO][同步项目开发记录] 上传成功: output/log/2026-08-10.log
[21:47:13][INFO][同步项目开发记录] 上传成功: output/sync_meta/sync_meta_4ae831e3-0263-4912-b1f5-379b2263c7ad.json
[21:47:18][INFO][同步项目开发记录] 上传成功: output/log/2026-08-10.log
[21:47:18][INFO][同步项目开发记录] 上传成功: output/sync_meta/sync_meta_4ae831e3-0263-4912-b1f5-379b2263c7ad.json
[21:47:23][INFO][同步项目开发记录] 上传成功: output/log/2026-08-10.log
[21:47:23][INFO][同步项目开发记录] 上传成功: output/sync_meta/sync_meta_4ae831e3-0263-4912-b1f5-379b2263c7ad.json
[21:47:28][INFO][同步项目开发记录] 上传成功: output/log/2026-08-10.log
[21:47:28][INFO][同步项目开发记录] 上传成功: output/sync_meta/sync_meta_4ae831e3-0263-4912-b1f5-379b2263c7ad.json
[21:47:33][INFO][同步项目开发记录] 上传成功: output/log/2026-08-10.log
[21:47:33][INFO][同步项目开发记录] 上传成功: output/sync_meta/sync_meta_4ae831e3-0263-4912-b1f5-379b2263c7ad.json
[21:47:38][INFO][同步项目开发记录] 上传成功: output/log/2026-08-10.log
[21:47:38][INFO][同步项目开发记录] 上传成功: output/sync_meta/sync_meta_4ae831e3-0263-4912-b1f5-379b2263c7ad.json
[21:47:43][INFO][同步项目开发记录] 上传成功: output/log/2026-08-10.log
[21:47:43][INFO][同步项目开发记录] 上传成功: output/sync_meta/sync_meta_4ae831e3-0263-4912-b1f5-379b2263c7ad.json
[21:47:48][INFO][同步项目开发记录] 上传成功: output/log/2026-08-10.log
[21:47:48][INFO][同步项目开发记录] 上传成功: output/sync_meta/sync_meta_4ae831e3-0263-4912-b1f5-379b2263c7ad.json
[21:47:53][INFO][同步项目开发记录] 上传成功: output/log/2026-08-10.log
[21:47:53][INFO][同步项目开发记录] 上传成功: output/sync_meta/sync_meta_4ae831e3-0263-4912-b1f5-379b2263c7ad.json
[21:47:58][INFO][同步项目开发记录] 上传成功: output/log/2026-08-10.log
[21:47:58][INFO][同步项目开发记录] 上传成功: output/sync_meta/sync_meta_4ae831e3-0263-4912-b1f5-379b2263c7ad.json
[21:48:03][INFO][同步项目开发记录] 上传成功: output/log/2026-08-10.log
[21:48:03][INFO][同步项目开发记录] 上传成功: output/sync_meta/sync_meta_4ae831e3-0263-4912-b1f5-379b2263c7ad.json
[21:48:08][INFO][同步项目开发记录] 上传成功: output/log/2026-08-10.log
[21:48:08][INFO][同步项目开发记录] 上传成功: output/sync_meta/sync_meta_4ae831e3-0263-4912-b1f5-379b2263c7ad.json
[21:48:13][INFO][同步项目开发记录] 上传成功: output/log/2026-08-10.log
[21:48:13][INFO][同步项目开发记录] 上传成功: output/sync_meta/sync_meta_4ae831e3-0263-4912-b1f5-379b2263c7ad.json
[21:48:18][INFO][同步项目开发记录] 上传成功: output/log/2026-08-10.log
[21:48:18][INFO][同步项目开发记录] 上传成功: output/sync_meta/sync_meta_4ae831e3-0263-4912-b1f5-379b2263c7ad.json
[21:48:23][INFO][同步项目开发记录] 上传成功: output/log/2026-08-10.log
[21:48:23][INFO][同步项目开发记录] 上传成功: output/sync_meta/sync_meta_4ae831e3-0263-4912-b1f5-379b2263c7ad.json
[21:48:28][INFO][同步项目开发记录] 上传成功: output/log/2026-08-10.log
[21:48:28][INFO][同步项目开发记录] 上传成功: output/sync_meta/sync_meta_4ae831e3-0263-4912-b1f5-379b2263c7ad.json
[21:48:33][INFO][同步项目开发记录] 上传成功: output/log/2026-08-10.log
[21:48:33][INFO][同步项目开发记录] 上传成功: output/sync_meta/sync_meta_4ae831e3-0263-4912-b1f5-379b2263c7ad.json
[21:48:38][INFO][同步项目开发记录] 上传成功: output/log/2026-08-10.log
[21:48:38][INFO][同步项目开发记录] 上传成功: output/sync_meta/sync_meta_4ae831e3-0263-4912-b1f5-379b2263c7ad.json
[21:48:43][INFO][同步项目开发记录] 上传成功: output/log/2026-08-10.log
[21:48:43][INFO][同步项目开发记录] 上传成功: output/sync_meta/sync_meta_4ae831e3-0263-4912-b1f5-379b2263c7ad.json
[21:48:48][INFO][同步项目开发记录] 上传成功: output/log/2026-08-10.log
[21:48:48][INFO][同步项目开发记录] 上传成功: output/sync_meta/sync_meta_4ae831e3-0263-4912-b1f5-379b2263c7ad.json
[21:48:53][INFO][同步项目开发记录] 上传成功: output/log/2026-08-10.log
[21:48:53][INFO][同步项目开发记录] 上传成功: output/sync_meta/sync_meta_4ae831e3-0263-4912-b1f5-379b2263c7ad.json
[21:48:58][INFO][同步项目开发记录] 上传成功: output/log/2026-08-10.log
[21:48:58][INFO][同步项目开发记录] 上传成功: output/sync_meta/sync_meta_4ae831e3-0263-4912-b1f5-379b2263c7ad.json
[21:49:03][INFO][同步项目开发记录] 上传成功: output/log/2026-08-10.log
[21:49:03][INFO][同步项目开发记录] 上传成功: output/sync_meta/sync_meta_4ae831e3-0263-4912-b1f5-379b2263c7ad.json
[21:49:08][INFO][同步项目开发记录] 上传成功: output/log/2026-08-10.log
[21:49:08][INFO][同步项目开发记录] 上传成功: output/sync_meta/sync_meta_4ae831e3-0263-4912-b1f5-379b2263c7ad.json
[21:49:13][INFO][同步项目开发记录] 上传成功: output/log/2026-08-10.log
[21:49:13][INFO][同步项目开发记录] 上传成功: output/sync_meta/sync_meta_4ae831e3-0263-4912-b1f5-379b2263c7ad.json
[21:49:18][INFO][同步项目开发记录] 上传成功: output/log/2026-08-10.log
[21:49:18][INFO][同步项目开发记录] 上传成功: output/sync_meta/sync_meta_4ae831e3-0263-4912-b1f5-379b2263c7ad.json
[21:49:23][INFO][同步项目开发记录] 上传成功: output/log/2026-08-10.log
[21:49:23][INFO][同步项目开发记录] 上传成功: output/sync_meta/sync_meta_4ae831e3-0263-4912-b1f5-379b2263c7ad.json
[21:49:28][INFO][同步项目开发记录] 上传成功: output/log/2026-08-10.log
[21:49:28][INFO][同步项目开发记录] 上传成功: output/sync_meta/sync_meta_4ae831e3-0263-4912-b1f5-379b2263c7ad.json
[21:49:33][INFO][同步项目开发记录] 上传成功: output/log/2026-08-10.log
[21:49:33][INFO][同步项目开发记录] 上传成功: output/sync_meta/sync_meta_4ae831e3-0263-4912-b1f5-379b2263c7ad.json
[21:49:38][INFO][同步项目开发记录] 上传成功: output/log/2026-08-10.log
[21:49:38][INFO][同步项目开发记录] 上传成功: output/sync_meta/sync_meta_4ae831e3-0263-4912-b1f5-379b2263c7ad.json
[21:49:43][INFO][同步项目开发记录] 上传成功: output/log/2026-08-10.log
[21:49:43][INFO][同步项目开发记录] 上传成功: output/sync_meta/sync_meta_4ae831e3-0263-4912-b1f5-379b2263c7ad.json
[21:49:48][INFO][同步项目开发记录] 上传成功: output/log/2026-08-10.log
[21:49:48][INFO][同步项目开发记录] 上传成功: output/sync_meta/sync_meta_4ae831e3-0263-4912-b1f5-379b2263c7ad.json
[21:49:53][INFO][同步项目开发记录] 上传成功: output/log/2026-08-10.log
[21:49:53][INFO][同步项目开发记录] 上传成功: output/sync_meta/sync_meta_4ae831e3-0263-4912-b1f5-379b2263c7ad.json
[21:49:58][INFO][同步项目开发记录] 上传成功: output/log/2026-08-10.log
[21:49:58][INFO][同步项目开发记录] 上传成功: output/sync_meta/sync_meta_4ae831e3-0263-4912-b1f5-379b2263c7ad.json
[21:50:03][INFO][同步项目开发记录] 上传成功: output/log/2026-08-10.log
[21:50:03][INFO][同步项目开发记录] 上传成功: output/sync_meta/sync_meta_4ae831e3-0263-4912-b1f5-379b2263c7ad.json
[21:50:08][INFO][同步项目开发记录] 上传成功: output/log/2026-08-10.log
[21:50:08][INFO][同步项目开发记录] 上传成功: output/sync_meta/sync_meta_4ae831e3-0263-4912-b1f5-379b2263c7ad.json
[21:50:13][INFO][同步项目开发记录] 上传成功: output/log/2026-08-10.log
[21:50:13][INFO][同步项目开发记录] 上传成功: output/sync_meta/sync_meta_4ae831e3-0263-4912-b1f5-379b2263c7ad.json
[21:50:18][INFO][同步项目开发记录] 上传成功: output/log/2026-08-10.log
[21:50:18][INFO][同步项目开发记录] 上传成功: output/sync_meta/sync_meta_4ae831e3-0263-4912-b1f5-379b2263c7ad.json
[21:50:23][INFO][同步项目开发记录] 上传成功: output/log/2026-08-10.log
[21:50:23][INFO][同步项目开发记录] 上传成功: output/sync_meta/sync_meta_4ae831e3-0263-4912-b1f5-379b2263c7ad.json
[21:50:28][INFO][同步项目开发记录] 上传成功: output/log/2026-08-10.log
[21:50:28][INFO][同步项目开发记录] 上传成功: output/sync_meta/sync_meta_4ae831e3-0263-4912-b1f5-379b2263c7ad.json
[21:50:33][INFO][同步项目开发记录] 上传成功: output/log/2026-08-10.log
[21:50:33][INFO][同步项目开发记录] 上传成功: output/sync_meta/sync_meta_4ae831e3-0263-4912-b1f5-379b2263c7ad.json
[21:50:38][INFO][同步项目开发记录] 上传成功: output/log/2026-08-10.log
[21:50:38][INFO][同步项目开发记录] 上传成功: output/sync_meta/sync_meta_4ae831e3-0263-4912-b1f5-379b2263c7ad.json
[21:50:43][INFO][同步项目开发记录] 上传成功: output/log/2026-08-10.log
[21:50:43][INFO][同步项目开发记录] 上传成功: output/sync_meta/sync_meta_4ae831e3-0263-4912-b1f5-379b2263c7ad.json
[21:50:48][INFO][同步项目开发记录] 上传成功: output/log/2026-08-10.log
[21:50:48][INFO][同步项目开发记录] 上传成功: output/sync_meta/sync_meta_4ae831e3-0263-4912-b1f5-379b2263c7ad.json
[21:50:53][INFO][同步项目开发记录] 上传成功: output/log/2026-08-10.log
[21:50:53][INFO][同步项目开发记录] 上传成功: output/sync_meta/sync_meta_4ae831e3-0263-4912-b1f5-379b2263c7ad.json
[21:50:58][INFO][同步项目开发记录] 上传成功: output/log/2026-08-10.log
[21:50:58][INFO][同步项目开发记录] 上传成功: output/sync_meta/sync_meta_4ae831e3-0263-4912-b1f5-379b2263c7ad.json
[21:51:03][INFO][同步项目开发记录] 上传成功: output/log/2026-08-10.log
[21:51:03][INFO][同步项目开发记录] 上传成功: output/sync_meta/sync_meta_4ae831e3-0263-4912-b1f5-379b2263c7ad.json
[21:51:08][INFO][同步项目开发记录] 上传成功: output/log/2026-08-10.log
[21:51:08][INFO][同步项目开发记录] 上传成功: output/sync_meta/sync_meta_4ae831e3-0263-4912-b1f5-379b2263c7ad.json
[21:51:13][INFO][同步项目开发记录] 上传成功: output/log/2026-08-10.log
[21:51:13][INFO][同步项目开发记录] 上传成功: output/sync_meta/sync_meta_4ae831e3-0263-4912-b1f5-379b2263c7ad.json
[21:51:18][INFO][同步项目开发记录] 上传成功: output/log/2026-08-10.log
[21:51:18][INFO][同步项目开发记录] 上传成功: output/sync_meta/sync_meta_4ae831e3-0263-4912-b1f5-379b2263c7ad.json
[21:51:23][INFO][同步项目开发记录] 上传成功: output/log/2026-08-10.log
[21:51:23][INFO][同步项目开发记录] 上传成功: output/sync_meta/sync_meta_4ae831e3-0263-4912-b1f5-379b2263c7ad.json
[21:51:28][INFO][同步项目开发记录] 上传成功: output/log/2026-08-10.log
[21:51:28][INFO][同步项目开发记录] 上传成功: output/sync_meta/sync_meta_4ae831e3-0263-4912-b1f5-379b2263c7ad.json
[21:51:33][INFO][同步项目开发记录] 上传成功: output/log/2026-08-10.log
[21:51:33][INFO][同步项目开发记录] 上传成功: output/sync_meta/sync_meta_4ae831e3-0263-4912-b1f5-379b2263c7ad.json
[21:51:38][INFO][同步项目开发记录] 上传成功: output/log/2026-08-10.log
[21:51:38][INFO][同步项目开发记录] 上传成功: output/sync_meta/sync_meta_4ae831e3-0263-4912-b1f5-379b2263c7ad.json
[21:51:43][INFO][同步项目开发记录] 上传成功: output/log/2026-08-10.log
[21:51:43][INFO][同步项目开发记录] 上传成功: output/sync_meta/sync_meta_4ae831e3-0263-4912-b1f5-379b2263c7ad.json
[21:51:48][INFO][同步项目开发记录] 上传成功: output/log/2026-08-10.log
[21:51:48][INFO][同步项目开发记录] 上传成功: output/sync_meta/sync_meta_4ae831e3-0263-4912-b1f5-379b2263c7ad.json
[21:51:53][INFO][同步项目开发记录] 上传成功: output/log/2026-08-10.log
[21:51:53][INFO][同步项目开发记录] 上传成功: output/sync_meta/sync_meta_4ae831e3-0263-4912-b1f5-379b2263c7ad.json
[21:51:58][INFO][同步项目开发记录] 上传成功: output/log/2026-08-10.log
[21:51:58][INFO][同步项目开发记录] 上传成功: output/sync_meta/sync_meta_4ae831e3-0263-4912-b1f5-379b2263c7ad.json
[21:52:03][INFO][同步项目开发记录] 上传成功: output/log/2026-08-10.log
[21:52:03][INFO][同步项目开发记录] 上传成功: output/sync_meta/sync_meta_4ae831e3-0263-4912-b1f5-379b2263c7ad.json
[21:52:08][INFO][同步项目开发记录] 上传成功: output/log/2026-08-10.log
[21:52:08][INFO][同步项目开发记录] 上传成功: output/sync_meta/sync_meta_4ae831e3-0263-4912-b1f5-379b2263c7ad.json
[21:52:13][INFO][同步项目开发记录] 上传成功: output/log/2026-08-10.log
[21:52:13][INFO][同步项目开发记录] 上传成功: output/sync_meta/sync_meta_4ae831e3-0263-4912-b1f5-379b2263c7ad.json
[21:52:18][INFO][同步项目开发记录] 上传成功: output/log/2026-08-10.log
[21:52:18][INFO][同步项目开发记录] 上传成功: output/sync_meta/sync_meta_4ae831e3-0263-4912-b1f5-379b2263c7ad.json
[21:52:23][INFO][同步项目开发记录] 上传成功: output/log/2026-08-10.log
[21:52:23][INFO][同步项目开发记录] 上传成功: output/sync_meta/sync_meta_4ae831e3-0263-4912-b1f5-379b2263c7ad.json
[21:52:28][INFO][同步项目开发记录] 上传成功: output/log/2026-08-10.log
[21:52:28][INFO][同步项目开发记录] 上传成功: output/sync_meta/sync_meta_4ae831e3-0263-4912-b1f5-379b2263c7ad.json
[21:52:33][INFO][同步项目开发记录] 上传成功: output/log/2026-08-10.log
[21:52:33][INFO][同步项目开发记录] 上传成功: output/sync_meta/sync_meta_4ae831e3-0263-4912-b1f5-379b2263c7ad.json
[21:52:38][INFO][同步项目开发记录] 上传成功: output/log/2026-08-10.log
[21:52:38][INFO][同步项目开发记录] 上传成功: output/sync_meta/sync_meta_4ae831e3-0263-4912-b1f5-379b2263c7ad.json
[21:52:43][INFO][同步项目开发记录] 上传成功: output/log/2026-08-10.log
[21:52:43][INFO][同步项目开发记录] 上传成功: output/sync_meta/sync_meta_4ae831e3-0263-4912-b1f5-379b2263c7ad.json
[21:52:48][INFO][同步项目开发记录] 上传成功: output/log/2026-08-10.log
[21:52:48][INFO][同步项目开发记录] 上传成功: output/sync_meta/sync_meta_4ae831e3-0263-4912-b1f5-379b2263c7ad.json
[21:52:53][INFO][同步项目开发记录] 上传成功: output/log/2026-08-10.log
[21:52:53][INFO][同步项目开发记录] 上传成功: output/sync_meta/sync_meta_4ae831e3-0263-4912-b1f5-379b2263c7ad.json
[21:52:58][INFO][同步项目开发记录] 上传成功: output/log/2026-08-10.log
[21:52:58][INFO][同步项目开发记录] 上传成功: output/sync_meta/sync_meta_4ae831e3-0263-4912-b1f5-379b2263c7ad.json
[21:53:03][INFO][同步项目开发记录] 上传成功: output/log/2026-08-10.log
[21:53:03][INFO][同步项目开发记录] 上传成功: output/sync_meta/sync_meta_4ae831e3-0263-4912-b1f5-379b2263c7ad.json
[21:53:08][INFO][同步项目开发记录] 上传成功: output/log/2026-08-10.log
[21:53:08][INFO][同步项目开发记录] 上传成功: output/sync_meta/sync_meta_4ae831e3-0263-4912-b1f5-379b2263c7ad.json
[21:53:13][INFO][同步项目开发记录] 上传成功: output/log/2026-08-10.log
[21:53:13][INFO][同步项目开发记录] 上传成功: output/sync_meta/sync_meta_4ae831e3-0263-4912-b1f5-379b2263c7ad.json
[21:53:18][INFO][同步项目开发记录] 上传成功: output/log/2026-08-10.log
[21:53:18][INFO][同步项目开发记录] 上传成功: output/sync_meta/sync_meta_4ae831e3-0263-4912-b1f5-379b2263c7ad.json
[21:53:23][INFO][同步项目开发记录] 上传成功: output/log/2026-08-10.log
[21:53:23][INFO][同步项目开发记录] 上传成功: output/sync_meta/sync_meta_4ae831e3-0263-4912-b1f5-379b2263c7ad.json
[21:53:28][INFO][同步项目开发记录] 上传成功: output/log/2026-08-10.log
[21:53:28][INFO][同步项目开发记录] 上传成功: output/sync_meta/sync_meta_4ae831e3-0263-4912-b1f5-379b2263c7ad.json
[21:53:33][INFO][同步项目开发记录] 上传成功: output/log/2026-08-10.log
[21:53:33][INFO][同步项目开发记录] 上传成功: output/sync_meta/sync_meta_4ae831e3-0263-4912-b1f5-379b2263c7ad.json
[21:53:38][INFO][同步项目开发记录] 上传成功: output/log/2026-08-10.log
[21:53:38][INFO][同步项目开发记录] 上传成功: output/sync_meta/sync_meta_4ae831e3-0263-4912-b1f5-379b2263c7ad.json
[21:53:43][INFO][同步项目开发记录] 上传成功: output/log/2026-08-10.log
[21:53:43][INFO][同步项目开发记录] 上传成功: output/sync_meta/sync_meta_4ae831e3-0263-4912-b1f5-379b2263c7ad.json
[21:53:48][INFO][同步项目开发记录] 上传成功: output/log/2026-08-10.log
[21:53:48][INFO][同步项目开发记录] 上传成功: output/sync_meta/sync_meta_4ae831e3-0263-4912-b1f5-379b2263c7ad.json
[21:53:53][INFO][同步项目开发记录] 上传成功: output/log/2026-08-10.log
[21:53:53][INFO][同步项目开发记录] 上传成功: output/sync_meta/sync_meta_4ae831e3-0263-4912-b1f5-379b2263c7ad.json
[21:53:58][INFO][同步项目开发记录] 上传成功: output/log/2026-08-10.log
[21:53:58][INFO][同步项目开发记录] 上传成功: output/sync_meta/sync_meta_4ae831e3-0263-4912-b1f5-379b2263c7ad.json
[21:54:03][INFO][同步项目开发记录] 上传成功: output/log/2026-08-10.log
[21:54:03][INFO][同步项目开发记录] 上传成功: output/sync_meta/sync_meta_4ae831e3-0263-4912-b1f5-379b2263c7ad.json
[21:54:08][INFO][同步项目开发记录] 上传成功: output/log/2026-08-10.log
[21:54:08][INFO][同步项目开发记录] 上传成功: output/sync_meta/sync_meta_4ae831e3-0263-4912-b1f5-379b2263c7ad.json
[21:54:13][INFO][同步项目开发记录] 上传成功: output/log/2026-08-10.log
[21:54:13][INFO][同步项目开发记录] 上传成功: output/sync_meta/sync_meta_4ae831e3-0263-4912-b1f5-379b2263c7ad.json
[21:54:18][INFO][同步项目开发记录] 上传成功: output/log/2026-08-10.log
[21:54:18][INFO][同步项目开发记录] 上传成功: output/sync_meta/sync_meta_4ae831e3-0263-4912-b1f5-379b2263c7ad.json
[21:54:23][INFO][同步项目开发记录] 上传成功: output/log/2026-08-10.log
[21:54:23][INFO][同步项目开发记录] 上传成功: output/sync_meta/sync_meta_4ae831e3-0263-4912-b1f5-379b2263c7ad.json
[21:54:28][INFO][同步项目开发记录] 上传成功: output/log/2026-08-10.log
[21:54:28][INFO][同步项目开发记录] 上传成功: output/sync_meta/sync_meta_4ae831e3-0263-4912-b1f5-379b2263c7ad.json
[21:54:33][INFO][同步项目开发记录] 上传成功: output/log/2026-08-10.log
[21:54:33][INFO][同步项目开发记录] 上传成功: output/sync_meta/sync_meta_4ae831e3-0263-4912-b1f5-379b2263c7ad.json
[21:54:38][INFO][同步项目开发记录] 上传成功: output/log/2026-08-10.log
[21:54:38][INFO][同步项目开发记录] 上传成功: output/sync_meta/sync_meta_4ae831e3-0263-4912-b1f5-379b2263c7ad.json
[21:54:43][INFO][同步项目开发记录] 上传成功: output/log/2026-08-10.log
[21:54:43][INFO][同步项目开发记录] 上传成功: output/sync_meta/sync_meta_4ae831e3-0263-4912-b1f5-379b2263c7ad.json
[21:54:48][INFO][同步项目开发记录] 上传成功: output/log/2026-08-10.log
[21:54:48][INFO][同步项目开发记录] 上传成功: output/sync_meta/sync_meta_4ae831e3-0263-4912-b1f5-379b2263c7ad.json
[21:54:53][INFO][同步项目开发记录] 上传成功: output/log/2026-08-10.log
[21:54:53][INFO][同步项目开发记录] 上传成功: output/sync_meta/sync_meta_4ae831e3-0263-4912-b1f5-379b2263c7ad.json
[21:54:58][INFO][同步项目开发记录] 上传成功: output/log/2026-08-10.log
[21:54:58][INFO][同步项目开发记录] 上传成功: output/sync_meta/sync_meta_4ae831e3-0263-4912-b1f5-379b2263c7ad.json
[21:55:03][INFO][同步项目开发记录] 上传成功: output/log/2026-08-10.log
[21:55:03][INFO][同步项目开发记录] 上传成功: output/sync_meta/sync_meta_4ae831e3-0263-4912-b1f5-379b2263c7ad.json
[21:55:08][INFO][同步项目开发记录] 上传成功: output/log/2026-08-10.log
[21:55:08][INFO][同步项目开发记录] 上传成功: output/sync_meta/sync_meta_4ae831e3-0263-4912-b1f5-379b2263c7ad.json
[21:55:13][INFO][同步项目开发记录] 上传成功: output/log/2026-08-10.log
[21:55:13][INFO][同步项目开发记录] 上传成功: output/sync_meta/sync_meta_4ae831e3-0263-4912-b1f5-379b2263c7ad.json
[21:55:18][INFO][同步项目开发记录] 上传成功: output/log/2026-08-10.log
[21:55:18][INFO][同步项目开发记录] 上传成功: output/sync_meta/sync_meta_4ae831e3-0263-4912-b1f5-379b2263c7ad.json
[21:55:23][INFO][同步项目开发记录] 上传成功: output/log/2026-08-10.log
[21:55:23][INFO][同步项目开发记录] 上传成功: output/sync_meta/sync_meta_4ae831e3-0263-4912-b1f5-379b2263c7ad.json
[21:55:28][INFO][同步项目开发记录] 上传成功: output/log/2026-08-10.log
[21:55:28][INFO][同步项目开发记录] 上传成功: output/sync_meta/sync_meta_4ae831e3-0263-4912-b1f5-379b2263c7ad.json
[21:55:33][INFO][同步项目开发记录] 上传成功: output/log/2026-08-10.log
[21:55:33][INFO][同步项目开发记录] 上传成功: output/sync_meta/sync_meta_4ae831e3-0263-4912-b1f5-379b2263c7ad.json
[21:55:38][INFO][同步项目开发记录] 上传成功: output/log/2026-08-10.log
[21:55:38][INFO][同步项目开发记录] 上传成功: output/sync_meta/sync_meta_4ae831e3-0263-4912-b1f5-379b2263c7ad.json
[21:55:43][INFO][同步项目开发记录] 上传成功: output/log/2026-08-10.log
[21:55:43][INFO][同步项目开发记录] 上传成功: output/sync_meta/sync_meta_4ae831e3-0263-4912-b1f5-379b2263c7ad.json
[21:55:48][INFO][同步项目开发记录] 上传成功: output/log/2026-08-10.log
[21:55:48][INFO][同步项目开发记录] 上传成功: output/sync_meta/sync_meta_4ae831e3-0263-4912-b1f5-379b2263c7ad.json
[21:55:53][INFO][同步项目开发记录] 上传成功: output/log/2026-08-10.log
[21:55:53][INFO][同步项目开发记录] 上传成功: output/sync_meta/sync_meta_4ae831e3-0263-4912-b1f5-379b2263c7ad.json
[21:55:58][INFO][同步项目开发记录] 上传成功: output/log/2026-08-10.log
[21:55:58][INFO][同步项目开发记录] 上传成功: output/sync_meta/sync_meta_4ae831e3-0263-4912-b1f5-379b2263c7ad.json
[21:56:03][INFO][同步项目开发记录] 上传成功: output/log/2026-08-10.log
[21:56:03][INFO][同步项目开发记录] 上传成功: output/sync_meta/sync_meta_4ae831e3-0263-4912-b1f5-379b2263c7ad.json
[21:56:08][INFO][同步项目开发记录] 上传成功: output/log/2026-08-10.log
[21:56:08][INFO][同步项目开发记录] 上传成功: output/sync_meta/sync_meta_4ae831e3-0263-4912-b1f5-379b2263c7ad.json
[21:56:13][INFO][同步项目开发记录] 上传成功: output/log/2026-08-10.log
[21:56:13][INFO][同步项目开发记录] 上传成功: output/sync_meta/sync_meta_4ae831e3-0263-4912-b1f5-379b2263c7ad.json
[21:56:18][INFO][同步项目开发记录] 上传成功: output/log/2026-08-10.log
[21:56:18][INFO][同步项目开发记录] 上传成功: output/sync_meta/sync_meta_4ae831e3-0263-4912-b1f5-379b2263c7ad.json
[21:56:23][INFO][同步项目开发记录] 上传成功: output/log/2026-08-10.log
[21:56:23][INFO][同步项目开发记录] 上传成功: output/sync_meta/sync_meta_4ae831e3-0263-4912-b1f5-379b2263c7ad.json
[21:56:28][INFO][同步项目开发记录] 上传成功: output/log/2026-08-10.log
[21:56:28][INFO][同步项目开发记录] 上传成功: output/sync_meta/sync_meta_4ae831e3-0263-4912-b1f5-379b2263c7ad.json
[21:56:33][INFO][同步项目开发记录] 上传成功: output/log/2026-08-10.log
[21:56:33][INFO][同步项目开发记录] 上传成功: output/sync_meta/sync_meta_4ae831e3-0263-4912-b1f5-379b2263c7ad.json
[21:56:38][INFO][同步项目开发记录] 上传成功: output/log/2026-08-10.log
[21:56:38][INFO][同步项目开发记录] 上传成功: output/sync_meta/sync_meta_4ae831e3-0263-4912-b1f5-379b2263c7ad.json
[21:56:43][INFO][同步项目开发记录] 上传成功: output/log/2026-08-10.log
[21:56:43][INFO][同步项目开发记录] 上传成功: output/sync_meta/sync_meta_4ae831e3-0263-4912-b1f5-379b2263c7ad.json
[21:56:48][INFO][同步项目开发记录] 上传成功: output/log/2026-08-10.log
[21:56:48][INFO][同步项目开发记录] 上传成功: output/sync_meta/sync_meta_4ae831e3-0263-4912-b1f5-379b2263c7ad.json
[21:56:53][INFO][同步项目开发记录] 上传成功: output/log/2026-08-10.log
[21:56:53][INFO][同步项目开发记录] 上传成功: output/sync_meta/sync_meta_4ae831e3-0263-4912-b1f5-379b2263c7ad.json
[21:56:58][INFO][同步项目开发记录] 上传成功: output/log/2026-08-10.log
[21:56:58][INFO][同步项目开发记录] 上传成功: output/sync_meta/sync_meta_4ae831e3-0263-4912-b1f5-379b2263c7ad.json
[21:57:03][INFO][同步项目开发记录] 上传成功: output/log/2026-08-10.log
[21:57:03][INFO][同步项目开发记录] 上传成功: output/sync_meta/sync_meta_4ae831e3-0263-4912-b1f5-379b2263c7ad.json
[21:57:08][INFO][同步项目开发记录] 上传成功: output/log/2026-08-10.log
[21:57:08][INFO][同步项目开发记录] 上传成功: output/sync_meta/sync_meta_4ae831e3-0263-4912-b1f5-379b2263c7ad.json
[21:57:13][INFO][同步项目开发记录] 上传成功: output/log/2026-08-10.log
[21:57:13][INFO][同步项目开发记录] 上传成功: output/sync_meta/sync_meta_4ae831e3-0263-4912-b1f5-379b2263c7ad.json
[21:57:18][INFO][同步项目开发记录] 上传成功: output/log/2026-08-10.log
[21:57:18][INFO][同步项目开发记录] 上传成功: output/sync_meta/sync_meta_4ae831e3-0263-4912-b1f5-379b2263c7ad.json
[21:57:23][INFO][同步项目开发记录] 上传成功: output/log/2026-08-10.log
[21:57:23][INFO][同步项目开发记录] 上传成功: output/sync_meta/sync_meta_4ae831e3-0263-4912-b1f5-379b2263c7ad.json
[21:57:28][INFO][同步项目开发记录] 上传成功: output/log/2026-08-10.log
[21:57:28][INFO][同步项目开发记录] 上传成功: output/sync_meta/sync_meta_4ae831e3-0263-4912-b1f5-379b2263c7ad.json
[21:57:33][INFO][同步项目开发记录] 上传成功: output/log/2026-08-10.log
[21:57:33][INFO][同步项目开发记录] 上传成功: output/sync_meta/sync_meta_4ae831e3-0263-4912-b1f5-379b2263c7ad.json
[21:57:38][INFO][同步项目开发记录] 上传成功: output/log/2026-08-10.log
[21:57:38][INFO][同步项目开发记录] 上传成功: output/sync_meta/sync_meta_4ae831e3-0263-4912-b1f5-379b2263c7ad.json
[21:57:43][INFO][同步项目开发记录] 上传成功: output/log/2026-08-10.log
[21:57:43][INFO][同步项目开发记录] 上传成功: output/sync_meta/sync_meta_4ae831e3-0263-4912-b1f5-379b2263c7ad.json
[21:57:48][INFO][同步项目开发记录] 上传成功: output/log/2026-08-10.log
[21:57:48][INFO][同步项目开发记录] 上传成功: output/sync_meta/sync_meta_4ae831e3-0263-4912-b1f5-379b2263c7ad.json
[21:57:53][INFO][同步项目开发记录] 上传成功: output/log/2026-08-10.log
[21:57:53][INFO][同步项目开发记录] 上传成功: output/sync_meta/sync_meta_4ae831e3-0263-4912-b1f5-379b2263c7ad.json
[21:57:58][INFO][同步项目开发记录] 上传成功: output/log/2026-08-10.log
[21:57:58][INFO][同步项目开发记录] 上传成功: output/sync_meta/sync_meta_4ae831e3-0263-4912-b1f5-379b2263c7ad.json
[21:58:03][INFO][同步项目开发记录] 上传成功: output/log/2026-08-10.log
[21:58:03][INFO][同步项目开发记录] 上传成功: output/sync_meta/sync_meta_4ae831e3-0263-4912-b1f5-379b2263c7ad.json
[21:58:08][INFO][同步项目开发记录] 上传成功: output/log/2026-08-10.log
[21:58:08][INFO][同步项目开发记录] 上传成功: output/sync_meta/sync_meta_4ae831e3-0263-4912-b1f5-379b2263c7ad.json
[21:58:13][INFO][同步项目开发记录] 上传成功: output/log/2026-08-10.log
[21:58:13][INFO][同步项目开发记录] 上传成功: output/sync_meta/sync_meta_4ae831e3-0263-4912-b1f5-379b2263c7ad.json
[21:58:18][INFO][同步项目开发记录] 上传成功: output/log/2026-08-10.log
[21:58:18][INFO][同步项目开发记录] 上传成功: output/sync_meta/sync_meta_4ae831e3-0263-4912-b1f5-379b2263c7ad.json
[21:58:23][INFO][同步项目开发记录] 上传成功: output/log/2026-08-10.log
[21:58:23][INFO][同步项目开发记录] 上传成功: output/sync_meta/sync_meta_4ae831e3-0263-4912-b1f5-379b2263c7ad.json
[21:58:28][INFO][同步项目开发记录] 上传成功: output/log/2026-08-10.log
[21:58:28][INFO][同步项目开发记录] 上传成功: output/sync_meta/sync_meta_4ae831e3-0263-4912-b1f5-379b2263c7ad.json
[21:58:33][INFO][同步项目开发记录] 上传成功: output/log/2026-08-10.log
[21:58:33][INFO][同步项目开发记录] 上传成功: output/sync_meta/sync_meta_4ae831e3-0263-4912-b1f5-379b2263c7ad.json
[21:58:38][INFO][同步项目开发记录] 上传成功: output/log/2026-08-10.log
[21:58:38][INFO][同步项目开发记录] 上传成功: output/sync_meta/sync_meta_4ae831e3-0263-4912-b1f5-379b2263c7ad.json
[21:58:43][INFO][同步项目开发记录] 上传成功: output/log/2026-08-10.log
[21:58:43][INFO][同步项目开发记录] 上传成功: output/sync_meta/sync_meta_4ae831e3-0263-4912-b1f5-379b2263c7ad.json
[21:58:48][INFO][同步项目开发记录] 上传成功: output/log/2026-08-10.log
[21:58:48][INFO][同步项目开发记录] 上传成功: output/sync_meta/sync_meta_4ae831e3-0263-4912-b1f5-379b2263c7ad.json
[21:58:53][INFO][同步项目开发记录] 上传成功: output/log/2026-08-10.log
[21:58:53][INFO][同步项目开发记录] 上传成功: output/sync_meta/sync_meta_4ae831e3-0263-4912-b1f5-379b2263c7ad.json
[21:58:58][INFO][同步项目开发记录] 上传成功: output/log/2026-08-10.log
[21:58:58][INFO][同步项目开发记录] 上传成功: output/sync_meta/sync_meta_4ae831e3-0263-4912-b1f5-379b2263c7ad.json
[21:59:03][INFO][同步项目开发记录] 上传成功: output/log/2026-08-10.log
[21:59:03][INFO][同步项目开发记录] 上传成功: output/sync_meta/sync_meta_4ae831e3-0263-4912-b1f5-379b2263c7ad.json
[21:59:08][INFO][同步项目开发记录] 上传成功: output/log/2026-08-10.log
[21:59:08][INFO][同步项目开发记录] 上传成功: output/sync_meta/sync_meta_4ae831e3-0263-4912-b1f5-379b2263c7ad.json
[21:59:13][INFO][同步项目开发记录] 上传成功: output/log/2026-08-10.log
[21:59:13][INFO][同步项目开发记录] 上传成功: output/sync_meta/sync_meta_4ae831e3-0263-4912-b1f5-379b2263c7ad.json
[21:59:18][INFO][同步项目开发记录] 上传成功: output/log/2026-08-10.log
[21:59:18][INFO][同步项目开发记录] 上传成功: output/sync_meta/sync_meta_4ae831e3-0263-4912-b1f5-379b2263c7ad.json
[21:59:23][INFO][同步项目开发记录] 上传成功: output/log/2026-08-10.log
[21:59:23][INFO][同步项目开发记录] 上传成功: output/sync_meta/sync_meta_4ae831e3-0263-4912-b1f5-379b2263c7ad.json
[21:59:28][INFO][同步项目开发记录] 上传成功: output/log/2026-08-10.log
[21:59:28][INFO][同步项目开发记录] 上传成功: output/sync_meta/sync_meta_4ae831e3-0263-4912-b1f5-379b2263c7ad.json
[21:59:33][INFO][同步项目开发记录] 上传成功: output/log/2026-08-10.log
[21:59:33][INFO][同步项目开发记录] 上传成功: output/sync_meta/sync_meta_4ae831e3-0263-4912-b1f5-379b2263c7ad.json
[21:59:38][INFO][同步项目开发记录] 上传成功: output/log/2026-08-10.log
[21:59:38][INFO][同步项目开发记录] 上传成功: output/sync_meta/sync_meta_4ae831e3-0263-4912-b1f5-379b2263c7ad.json
[21:59:43][INFO][同步项目开发记录] 上传成功: output/log/2026-08-10.log
[21:59:43][INFO][同步项目开发记录] 上传成功: output/sync_meta/sync_meta_4ae831e3-0263-4912-b1f5-379b2263c7ad.json
[21:59:48][INFO][同步项目开发记录] 上传成功: output/log/2026-08-10.log
[21:59:48][INFO][同步项目开发记录] 上传成功: output/sync_meta/sync_meta_4ae831e3-0263-4912-b1f5-379b2263c7ad.json
[21:59:53][INFO][同步项目开发记录] 上传成功: output/log/2026-08-10.log
[21:59:53][INFO][同步项目开发记录] 上传成功: output/sync_meta/sync_meta_4ae831e3-0263-4912-b1f5-379b2263c7ad.json
[21:59:58][INFO][同步项目开发记录] 上传成功: output/log/2026-08-10.log
[21:59:58][INFO][同步项目开发记录] 上传成功: output/sync_meta/sync_meta_4ae831e3-0263-4912-b1f5-379b2263c7ad.json
[22:00:03][INFO][同步项目开发记录] 上传成功: output/log/2026-08-10.log
[22:00:03][INFO][同步项目开发记录] 上传成功: output/sync_meta/sync_meta_4ae831e3-0263-4912-b1f5-379b2263c7ad.json
[22:00:08][INFO][同步项目开发记录] 上传成功: output/log/2026-08-10.log
[22:00:08][INFO][同步项目开发记录] 上传成功: output/sync_meta/sync_meta_4ae831e3-0263-4912-b1f5-379b2263c7ad.json
[22:00:13][INFO][同步项目开发记录] 上传成功: output/log/2026-08-10.log
[22:00:13][INFO][同步项目开发记录] 上传成功: output/sync_meta/sync_meta_4ae831e3-0263-4912-b1f5-379b2263c7ad.json
[22:00:18][INFO][同步项目开发记录] 上传成功: output/log/2026-08-10.log
[22:00:18][INFO][同步项目开发记录] 上传成功: output/sync_meta/sync_meta_4ae831e3-0263-4912-b1f5-379b2263c7ad.json
[22:00:23][INFO][同步项目开发记录] 上传成功: output/log/2026-08-10.log
[22:00:23][INFO][同步项目开发记录] 上传成功: output/sync_meta/sync_meta_4ae831e3-0263-4912-b1f5-379b2263c7ad.json
[22:00:28][INFO][同步项目开发记录] 上传成功: output/log/2026-08-10.log
[22:00:28][INFO][同步项目开发记录] 上传成功: output/sync_meta/sync_meta_4ae831e3-0263-4912-b1f5-379b2263c7ad.json
[22:00:33][INFO][同步项目开发记录] 上传成功: output/log/2026-08-10.log
[22:00:33][INFO][同步项目开发记录] 上传成功: output/sync_meta/sync_meta_4ae831e3-0263-4912-b1f5-379b2263c7ad.json
[22:00:38][INFO][同步项目开发记录] 上传成功: output/log/2026-08-10.log
[22:00:38][INFO][同步项目开发记录] 上传成功: output/sync_meta/sync_meta_4ae831e3-0263-4912-b1f5-379b2263c7ad.json
[22:00:43][INFO][同步项目开发记录] 上传成功: output/log/2026-08-10.log
[22:00:43][INFO][同步项目开发记录] 上传成功: output/sync_meta/sync_meta_4ae831e3-0263-4912-b1f5-379b2263c7ad.json
[22:00:48][INFO][同步项目开发记录] 上传成功: output/log/2026-08-10.log
[22:00:48][INFO][同步项目开发记录] 上传成功: output/sync_meta/sync_meta_4ae831e3-0263-4912-b1f5-379b2263c7ad.json
[22:00:53][INFO][同步项目开发记录] 上传成功: output/log/2026-08-10.log
[22:00:53][INFO][同步项目开发记录] 上传成功: output/sync_meta/sync_meta_4ae831e3-0263-4912-b1f5-379b2263c7ad.json
[22:00:58][INFO][同步项目开发记录] 上传成功: output/log/2026-08-10.log
[22:00:58][INFO][同步项目开发记录] 上传成功: output/sync_meta/sync_meta_4ae831e3-0263-4912-b1f5-379b2263c7ad.json
[22:01:03][INFO][同步项目开发记录] 上传成功: output/log/2026-08-10.log
[22:01:03][INFO][同步项目开发记录] 上传成功: output/sync_meta/sync_meta_4ae831e3-0263-4912-b1f5-379b2263c7ad.json
[22:01:08][INFO][同步项目开发记录] 上传成功: output/log/2026-08-10.log
[22:01:08][INFO][同步项目开发记录] 上传成功: output/sync_meta/sync_meta_4ae831e3-0263-4912-b1f5-379b2263c7ad.json
[22:01:13][INFO][同步项目开发记录] 上传成功: output/log/2026-08-10.log
[22:01:13][INFO][同步项目开发记录] 上传成功: output/sync_meta/sync_meta_4ae831e3-0263-4912-b1f5-379b2263c7ad.json
[22:01:18][INFO][同步项目开发记录] 上传成功: output/log/2026-08-10.log
[22:01:18][INFO][同步项目开发记录] 上传成功: output/sync_meta/sync_meta_4ae831e3-0263-4912-b1f5-379b2263c7ad.json
[22:01:23][INFO][同步项目开发记录] 上传成功: output/log/2026-08-10.log
[22:01:23][INFO][同步项目开发记录] 上传成功: output/sync_meta/sync_meta_4ae831e3-0263-4912-b1f5-379b2263c7ad.json
[22:01:28][INFO][同步项目开发记录] 上传成功: output/log/2026-08-10.log
[22:01:28][INFO][同步项目开发记录] 上传成功: output/sync_meta/sync_meta_4ae831e3-0263-4912-b1f5-379b2263c7ad.json
[22:01:33][INFO][同步项目开发记录] 上传成功: output/log/2026-08-10.log
[22:01:33][INFO][同步项目开发记录] 上传成功: output/sync_meta/sync_meta_4ae831e3-0263-4912-b1f5-379b2263c7ad.json
[22:01:38][INFO][同步项目开发记录] 上传成功: output/log/2026-08-10.log
[22:01:38][INFO][同步项目开发记录] 上传成功: output/sync_meta/sync_meta_4ae831e3-0263-4912-b1f5-379b2263c7ad.json
[22:01:43][INFO][同步项目开发记录] 上传成功: output/log/2026-08-10.log
[22:01:43][INFO][同步项目开发记录] 上传成功: output/sync_meta/sync_meta_4ae831e3-0263-4912-b1f5-379b2263c7ad.json
[22:01:48][INFO][同步项目开发记录] 上传成功: output/log/2026-08-10.log
[22:01:48][INFO][同步项目开发记录] 上传成功: output/sync_meta/sync_meta_4ae831e3-0263-4912-b1f5-379b2263c7ad.json
[22:01:53][INFO][同步项目开发记录] 上传成功: output/log/2026-08-10.log
[22:01:53][INFO][同步项目开发记录] 上传成功: output/sync_meta/sync_meta_4ae831e3-0263-4912-b1f5-379b2263c7ad.json
[22:01:58][INFO][同步项目开发记录] 上传成功: output/log/2026-08-10.log
[22:01:58][INFO][同步项目开发记录] 上传成功: output/sync_meta/sync_meta_4ae831e3-0263-4912-b1f5-379b2263c7ad.json
[22:02:03][INFO][同步项目开发记录] 上传成功: output/log/2026-08-10.log
[22:02:03][INFO][同步项目开发记录] 上传成功: output/sync_meta/sync_meta_4ae831e3-0263-4912-b1f5-379b2263c7ad.json
[22:02:08][INFO][同步项目开发记录] 上传成功: output/log/2026-08-10.log
[22:02:08][INFO][同步项目开发记录] 上传成功: output/sync_meta/sync_meta_4ae831e3-0263-4912-b1f5-379b2263c7ad.json
[22:02:13][INFO][同步项目开发记录] 上传成功: output/log/2026-08-10.log
[22:02:13][INFO][同步项目开发记录] 上传成功: output/sync_meta/sync_meta_4ae831e3-0263-4912-b1f5-379b2263c7ad.json
[22:02:18][INFO][同步项目开发记录] 上传成功: output/log/2026-08-10.log
[22:02:18][INFO][同步项目开发记录] 上传成功: output/sync_meta/sync_meta_4ae831e3-0263-4912-b1f5-379b2263c7ad.json
[22:02:23][INFO][同步项目开发记录] 上传成功: output/log/2026-08-10.log
[22:02:23][INFO][同步项目开发记录] 上传成功: output/sync_meta/sync_meta_4ae831e3-0263-4912-b1f5-379b2263c7ad.json
[22:02:28][INFO][同步项目开发记录] 上传成功: output/log/2026-08-10.log
[22:02:28][INFO][同步项目开发记录] 上传成功: output/sync_meta/sync_meta_4ae831e3-0263-4912-b1f5-379b2263c7ad.json
[22:02:33][INFO][同步项目开发记录] 上传成功: output/log/2026-08-10.log
[22:02:33][INFO][同步项目开发记录] 上传成功: output/sync_meta/sync_meta_4ae831e3-0263-4912-b1f5-379b2263c7ad.json
[22:02:38][INFO][同步项目开发记录] 上传成功: output/log/2026-08-10.log
[22:02:38][INFO][同步项目开发记录] 上传成功: output/sync_meta/sync_meta_4ae831e3-0263-4912-b1f5-379b2263c7ad.json
[22:02:43][INFO][同步项目开发记录] 上传成功: output/log/2026-08-10.log
[22:02:43][INFO][同步项目开发记录] 上传成功: output/sync_meta/sync_meta_4ae831e3-0263-4912-b1f5-379b2263c7ad.json
[22:02:48][INFO][同步项目开发记录] 上传成功: output/log/2026-08-10.log
[22:02:48][INFO][同步项目开发记录] 上传成功: output/sync_meta/sync_meta_4ae831e3-0263-4912-b1f5-379b2263c7ad.json
[22:02:53][INFO][同步项目开发记录] 上传成功: output/log/2026-08-10.log
[22:02:53][INFO][同步项目开发记录] 上传成功: output/sync_meta/sync_meta_4ae831e3-0263-4912-b1f5-379b2263c7ad.json
[22:02:58][INFO][同步项目开发记录] 上传成功: output/log/2026-08-10.log
[22:02:58][INFO][同步项目开发记录] 上传成功: output/sync_meta/sync_meta_4ae831e3-0263-4912-b1f5-379b2263c7ad.json
[22:03:03][INFO][同步项目开发记录] 上传成功: output/log/2026-08-10.log
[22:03:03][INFO][同步项目开发记录] 上传成功: output/sync_meta/sync_meta_4ae831e3-0263-4912-b1f5-379b2263c7ad.json
[22:03:08][INFO][同步项目开发记录] 上传成功: output/log/2026-08-10.log
[22:03:08][INFO][同步项目开发记录] 上传成功: output/sync_meta/sync_meta_4ae831e3-0263-4912-b1f5-379b2263c7ad.json
[22:03:13][INFO][同步项目开发记录] 上传成功: output/log/2026-08-10.log
[22:03:13][INFO][同步项目开发记录] 上传成功: output/sync_meta/sync_meta_4ae831e3-0263-4912-b1f5-379b2263c7ad.json
[22:03:18][INFO][同步项目开发记录] 上传成功: output/log/2026-08-10.log
[22:03:18][INFO][同步项目开发记录] 上传成功: output/sync_meta/sync_meta_4ae831e3-0263-4912-b1f5-379b2263c7ad.json
[22:03:23][INFO][同步项目开发记录] 上传成功: output/log/2026-08-10.log
[22:03:23][INFO][同步项目开发记录] 上传成功: output/sync_meta/sync_meta_4ae831e3-0263-4912-b1f5-379b2263c7ad.json
[22:03:28][INFO][同步项目开发记录] 上传成功: output/log/2026-08-10.log
[22:03:28][INFO][同步项目开发记录] 上传成功: output/sync_meta/sync_meta_4ae831e3-0263-4912-b1f5-379b2263c7ad.json
[22:03:33][INFO][同步项目开发记录] 上传成功: output/log/2026-08-10.log
[22:03:33][INFO][同步项目开发记录] 上传成功: output/sync_meta/sync_meta_4ae831e3-0263-4912-b1f5-379b2263c7ad.json
[22:03:38][INFO][同步项目开发记录] 上传成功: output/log/2026-08-10.log
[22:03:38][INFO][同步项目开发记录] 上传成功: output/sync_meta/sync_meta_4ae831e3-0263-4912-b1f5-379b2263c7ad.json
[22:03:43][INFO][同步项目开发记录] 上传成功: output/log/2026-08-10.log
[22:03:43][INFO][同步项目开发记录] 上传成功: output/sync_meta/sync_meta_4ae831e3-0263-4912-b1f5-379b2263c7ad.json
[22:03:48][INFO][同步项目开发记录] 上传成功: output/log/2026-08-10.log
[22:03:48][INFO][同步项目开发记录] 上传成功: output/sync_meta/sync_meta_4ae831e3-0263-4912-b1f5-379b2263c7ad.json
[22:03:53][INFO][同步项目开发记录] 上传成功: output/log/2026-08-10.log
[22:03:53][INFO][同步项目开发记录] 上传成功: output/sync_meta/sync_meta_4ae831e3-0263-4912-b1f5-379b2263c7ad.json
[22:03:58][INFO][同步项目开发记录] 上传成功: output/log/2026-08-10.log
[22:03:58][INFO][同步项目开发记录] 上传成功: output/sync_meta/sync_meta_4ae831e3-0263-4912-b1f5-379b2263c7ad.json
[22:04:03][INFO][同步项目开发记录] 上传成功: output/log/2026-08-10.log
[22:04:03][INFO][同步项目开发记录] 上传成功: output/sync_meta/sync_meta_4ae831e3-0263-4912-b1f5-379b2263c7ad.json
[22:04:08][INFO][同步项目开发记录] 上传成功: output/log/2026-08-10.log
[22:04:08][INFO][同步项目开发记录] 上传成功: output/sync_meta/sync_meta_4ae831e3-0263-4912-b1f5-379b2263c7ad.json
[22:04:13][INFO][同步项目开发记录] 上传成功: output/log/2026-08-10.log
[22:04:13][INFO][同步项目开发记录] 上传成功: output/sync_meta/sync_meta_4ae831e3-0263-4912-b1f5-379b2263c7ad.json
[22:04:18][INFO][同步项目开发记录] 上传成功: output/log/2026-08-10.log
[22:04:18][INFO][同步项目开发记录] 上传成功: output/sync_meta/sync_meta_4ae831e3-0263-4912-b1f5-379b2263c7ad.json
[22:04:23][INFO][同步项目开发记录] 上传成功: output/log/2026-08-10.log
[22:04:23][INFO][同步项目开发记录] 上传成功: output/sync_meta/sync_meta_4ae831e3-0263-4912-b1f5-379b2263c7ad.json
[22:04:28][INFO][同步项目开发记录] 上传成功: output/log/2026-08-10.log
[22:04:28][INFO][同步项目开发记录] 上传成功: output/sync_meta/sync_meta_4ae831e3-0263-4912-b1f5-379b2263c7ad.json
[22:04:33][INFO][同步项目开发记录] 上传成功: output/log/2026-08-10.log
[22:04:33][INFO][同步项目开发记录] 上传成功: output/sync_meta/sync_meta_4ae831e3-0263-4912-b1f5-379b2263c7ad.json
[22:04:38][INFO][同步项目开发记录] 上传成功: output/log/2026-08-10.log
[22:04:38][INFO][同步项目开发记录] 上传成功: output/sync_meta/sync_meta_4ae831e3-0263-4912-b1f5-379b2263c7ad.json
[22:04:43][INFO][同步项目开发记录] 上传成功: output/log/2026-08-10.log
[22:04:43][INFO][同步项目开发记录] 上传成功: output/sync_meta/sync_meta_4ae831e3-0263-4912-b1f5-379b2263c7ad.json
[22:04:48][INFO][同步项目开发记录] 上传成功: output/log/2026-08-10.log
[22:04:48][INFO][同步项目开发记录] 上传成功: output/sync_meta/sync_meta_4ae831e3-0263-4912-b1f5-379b2263c7ad.json
[22:04:53][INFO][同步项目开发记录] 上传成功: output/log/2026-08-10.log
[22:04:53][INFO][同步项目开发记录] 上传成功: output/sync_meta/sync_meta_4ae831e3-0263-4912-b1f5-379b2263c7ad.json
[22:04:58][INFO][同步项目开发记录] 上传成功: output/log/2026-08-10.log
[22:04:58][INFO][同步项目开发记录] 上传成功: output/sync_meta/sync_meta_4ae831e3-0263-4912-b1f5-379b2263c7ad.json
[22:05:03][INFO][同步项目开发记录] 上传成功: output/log/2026-08-10.log
[22:05:03][INFO][同步项目开发记录] 上传成功: output/sync_meta/sync_meta_4ae831e3-0263-4912-b1f5-379b2263c7ad.json
[22:05:08][INFO][同步项目开发记录] 上传成功: output/log/2026-08-10.log
[22:05:08][INFO][同步项目开发记录] 上传成功: output/sync_meta/sync_meta_4ae831e3-0263-4912-b1f5-379b2263c7ad.json
[22:05:13][INFO][同步项目开发记录] 上传成功: output/log/2026-08-10.log
[22:05:13][INFO][同步项目开发记录] 上传成功: output/sync_meta/sync_meta_4ae831e3-0263-4912-b1f5-379b2263c7ad.json
[22:05:18][INFO][同步项目开发记录] 上传成功: output/log/2026-08-10.log
[22:05:18][INFO][同步项目开发记录] 上传成功: output/sync_meta/sync_meta_4ae831e3-0263-4912-b1f5-379b2263c7ad.json
[22:05:23][INFO][同步项目开发记录] 上传成功: output/log/2026-08-10.log
[22:05:23][INFO][同步项目开发记录] 上传成功: output/sync_meta/sync_meta_4ae831e3-0263-4912-b1f5-379b2263c7ad.json
[22:05:28][INFO][同步项目开发记录] 上传成功: output/log/2026-08-10.log
[22:05:28][INFO][同步项目开发记录] 上传成功: output/sync_meta/sync_meta_4ae831e3-0263-4912-b1f5-379b2263c7ad.json
[22:05:33][INFO][同步项目开发记录] 上传成功: output/log/2026-08-10.log
[22:05:33][INFO][同步项目开发记录] 上传成功: output/sync_meta/sync_meta_4ae831e3-0263-4912-b1f5-379b2263c7ad.json
[22:05:38][INFO][同步项目开发记录] 上传成功: output/log/2026-08-10.log
[22:05:38][INFO][同步项目开发记录] 上传成功: output/sync_meta/sync_meta_4ae831e3-0263-4912-b1f5-379b2263c7ad.json
[22:05:43][INFO][同步项目开发记录] 上传成功: output/log/2026-08-10.log
[22:05:43][INFO][同步项目开发记录] 上传成功: output/sync_meta/sync_meta_4ae831e3-0263-4912-b1f5-379b2263c7ad.json
[22:05:48][INFO][同步项目开发记录] 上传成功: output/log/2026-08-10.log
[22:05:48][INFO][同步项目开发记录] 上传成功: output/sync_meta/sync_meta_4ae831e3-0263-4912-b1f5-379b2263c7ad.json
[22:05:53][INFO][同步项目开发记录] 上传成功: output/log/2026-08-10.log
[22:05:53][INFO][同步项目开发记录] 上传成功: output/sync_meta/sync_meta_4ae831e3-0263-4912-b1f5-379b2263c7ad.json
[22:05:58][INFO][同步项目开发记录] 上传成功: output/log/2026-08-10.log
[22:05:58][INFO][同步项目开发记录] 上传成功: output/sync_meta/sync_meta_4ae831e3-0263-4912-b1f5-379b2263c7ad.json
[22:06:03][INFO][同步项目开发记录] 上传成功: output/log/2026-08-10.log
[22:06:03][INFO][同步项目开发记录] 上传成功: output/sync_meta/sync_meta_4ae831e3-0263-4912-b1f5-379b2263c7ad.json
[22:06:08][INFO][同步项目开发记录] 上传成功: output/log/2026-08-10.log
[22:06:08][INFO][同步项目开发记录] 上传成功: output/sync_meta/sync_meta_4ae831e3-0263-4912-b1f5-379b2263c7ad.json
[22:06:13][INFO][同步项目开发记录] 上传成功: output/log/2026-08-10.log
[22:06:13][INFO][同步项目开发记录] 上传成功: output/sync_meta/sync_meta_4ae831e3-0263-4912-b1f5-379b2263c7ad.json
[22:06:18][INFO][同步项目开发记录] 上传成功: output/log/2026-08-10.log
[22:06:18][INFO][同步项目开发记录] 上传成功: output/sync_meta/sync_meta_4ae831e3-0263-4912-b1f5-379b2263c7ad.json
[22:06:23][INFO][同步项目开发记录] 上传成功: output/log/2026-08-10.log
[22:06:23][INFO][同步项目开发记录] 上传成功: output/sync_meta/sync_meta_4ae831e3-0263-4912-b1f5-379b2263c7ad.json
[22:06:28][INFO][同步项目开发记录] 上传成功: output/log/2026-08-10.log
[22:06:28][INFO][同步项目开发记录] 上传成功: output/sync_meta/sync_meta_4ae831e3-0263-4912-b1f5-379b2263c7ad.json
[22:06:33][INFO][同步项目开发记录] 上传成功: output/log/2026-08-10.log
[22:06:33][INFO][同步项目开发记录] 上传成功: output/sync_meta/sync_meta_4ae831e3-0263-4912-b1f5-379b2263c7ad.json
[22:06:38][INFO][同步项目开发记录] 上传成功: output/log/2026-08-10.log
[22:06:38][INFO][同步项目开发记录] 上传成功: output/sync_meta/sync_meta_4ae831e3-0263-4912-b1f5-379b2263c7ad.json
[22:06:43][INFO][同步项目开发记录] 上传成功: output/log/2026-08-10.log
[22:06:43][INFO][同步项目开发记录] 上传成功: output/sync_meta/sync_meta_4ae831e3-0263-4912-b1f5-379b2263c7ad.json
[22:06:48][INFO][同步项目开发记录] 上传成功: output/log/2026-08-10.log
[22:06:48][INFO][同步项目开发记录] 上传成功: output/sync_meta/sync_meta_4ae831e3-0263-4912-b1f5-379b2263c7ad.json
[22:06:53][INFO][同步项目开发记录] 上传成功: output/log/2026-08-10.log
[22:06:53][INFO][同步项目开发记录] 上传成功: output/sync_meta/sync_meta_4ae831e3-0263-4912-b1f5-379b2263c7ad.json
[22:06:58][INFO][同步项目开发记录] 上传成功: output/log/2026-08-10.log
[22:06:58][INFO][同步项目开发记录] 上传成功: output/sync_meta/sync_meta_4ae831e3-0263-4912-b1f5-379b2263c7ad.json
[22:07:03][INFO][同步项目开发记录] 上传成功: output/log/2026-08-10.log
[22:07:03][INFO][同步项目开发记录] 上传成功: output/sync_meta/sync_meta_4ae831e3-0263-4912-b1f5-379b2263c7ad.json
[22:07:08][INFO][同步项目开发记录] 上传成功: output/log/2026-08-10.log
[22:07:08][INFO][同步项目开发记录] 上传成功: output/sync_meta/sync_meta_4ae831e3-0263-4912-b1f5-379b2263c7ad.json
[22:07:13][INFO][同步项目开发记录] 上传成功: output/log/2026-08-10.log
[22:07:13][INFO][同步项目开发记录] 上传成功: output/sync_meta/sync_meta_4ae831e3-0263-4912-b1f5-379b2263c7ad.json
[22:07:18][INFO][同步项目开发记录] 上传成功: output/log/2026-08-10.log
[22:07:18][INFO][同步项目开发记录] 上传成功: output/sync_meta/sync_meta_4ae831e3-0263-4912-b1f5-379b2263c7ad.json
[22:07:23][INFO][同步项目开发记录] 上传成功: output/log/2026-08-10.log
[22:07:23][INFO][同步项目开发记录] 上传成功: output/sync_meta/sync_meta_4ae831e3-0263-4912-b1f5-379b2263c7ad.json
[22:07:28][INFO][同步项目开发记录] 上传成功: output/log/2026-08-10.log
[22:07:28][INFO][同步项目开发记录] 上传成功: output/sync_meta/sync_meta_4ae831e3-0263-4912-b1f5-379b2263c7ad.json
[22:07:33][INFO][同步项目开发记录] 上传成功: output/log/2026-08-10.log
[22:07:33][INFO][同步项目开发记录] 上传成功: output/sync_meta/sync_meta_4ae831e3-0263-4912-b1f5-379b2263c7ad.json
[22:07:38][INFO][同步项目开发记录] 上传成功: output/log/2026-08-10.log
[22:07:38][INFO][同步项目开发记录] 上传成功: output/sync_meta/sync_meta_4ae831e3-0263-4912-b1f5-379b2263c7ad.json
[22:07:43][INFO][同步项目开发记录] 上传成功: output/log/2026-08-10.log
[22:07:43][INFO][同步项目开发记录] 上传成功: output/sync_meta/sync_meta_4ae831e3-0263-4912-b1f5-379b2263c7ad.json
[22:07:48][INFO][同步项目开发记录] 上传成功: output/log/2026-08-10.log
[22:07:48][INFO][同步项目开发记录] 上传成功: output/sync_meta/sync_meta_4ae831e3-0263-4912-b1f5-379b2263c7ad.json
[22:07:53][INFO][同步项目开发记录] 上传成功: output/log/2026-08-10.log
[22:07:53][INFO][同步项目开发记录] 上传成功: output/sync_meta/sync_meta_4ae831e3-0263-4912-b1f5-379b2263c7ad.json
[22:07:58][INFO][同步项目开发记录] 上传成功: output/log/2026-08-10.log
[22:07:58][INFO][同步项目开发记录] 上传成功: output/sync_meta/sync_meta_4ae831e3-0263-4912-b1f5-379b2263c7ad.json
[22:08:03][INFO][同步项目开发记录] 上传成功: output/log/2026-08-10.log
[22:08:03][INFO][同步项目开发记录] 上传成功: output/sync_meta/sync_meta_4ae831e3-0263-4912-b1f5-379b2263c7ad.json
[22:08:08][INFO][同步项目开发记录] 上传成功: output/log/2026-08-10.log
[22:08:08][INFO][同步项目开发记录] 上传成功: output/sync_meta/sync_meta_4ae831e3-0263-4912-b1f5-379b2263c7ad.json
[22:08:13][INFO][同步项目开发记录] 上传成功: output/log/2026-08-10.log
[22:08:13][INFO][同步项目开发记录] 上传成功: output/sync_meta/sync_meta_4ae831e3-0263-4912-b1f5-379b2263c7ad.json
[22:08:18][INFO][同步项目开发记录] 上传成功: output/log/2026-08-10.log
[22:08:18][INFO][同步项目开发记录] 上传成功: output/sync_meta/sync_meta_4ae831e3-0263-4912-b1f5-379b2263c7ad.json
[22:08:23][INFO][同步项目开发记录] 上传成功: output/log/2026-08-10.log
[22:08:23][INFO][同步项目开发记录] 上传成功: output/sync_meta/sync_meta_4ae831e3-0263-4912-b1f5-379b2263c7ad.json
[22:08:28][INFO][同步项目开发记录] 上传成功: output/log/2026-08-10.log
[22:08:28][INFO][同步项目开发记录] 上传成功: output/sync_meta/sync_meta_4ae831e3-0263-4912-b1f5-379b2263c7ad.json
[22:08:33][INFO][同步项目开发记录] 上传成功: output/log/2026-08-10.log
[22:08:33][INFO][同步项目开发记录] 上传成功: output/sync_meta/sync_meta_4ae831e3-0263-4912-b1f5-379b2263c7ad.json
[22:08:38][INFO][同步项目开发记录] 上传成功: output/log/2026-08-10.log
[22:08:38][INFO][同步项目开发记录] 上传成功: output/sync_meta/sync_meta_4ae831e3-0263-4912-b1f5-379b2263c7ad.json
[22:08:43][INFO][同步项目开发记录] 上传成功: output/log/2026-08-10.log
[22:08:43][INFO][同步项目开发记录] 上传成功: output/sync_meta/sync_meta_4ae831e3-0263-4912-b1f5-379b2263c7ad.json
[22:08:48][INFO][同步项目开发记录] 上传成功: output/log/2026-08-10.log
[22:08:48][INFO][同步项目开发记录] 上传成功: output/sync_meta/sync_meta_4ae831e3-0263-4912-b1f5-379b2263c7ad.json
[22:08:53][INFO][同步项目开发记录] 上传成功: output/log/2026-08-10.log
[22:08:53][INFO][同步项目开发记录] 上传成功: output/sync_meta/sync_meta_4ae831e3-0263-4912-b1f5-379b2263c7ad.json
[22:08:58][INFO][同步项目开发记录] 上传成功: output/log/2026-08-10.log
[22:08:58][INFO][同步项目开发记录] 上传成功: output/sync_meta/sync_meta_4ae831e3-0263-4912-b1f5-379b2263c7ad.json
[22:09:03][INFO][同步项目开发记录] 上传成功: output/log/2026-08-10.log
[22:09:03][INFO][同步项目开发记录] 上传成功: output/sync_meta/sync_meta_4ae831e3-0263-4912-b1f5-379b2263c7ad.json
[22:09:08][INFO][同步项目开发记录] 上传成功: output/log/2026-08-10.log
[22:09:08][INFO][同步项目开发记录] 上传成功: output/sync_meta/sync_meta_4ae831e3-0263-4912-b1f5-379b2263c7ad.json
[22:09:13][INFO][同步项目开发记录] 上传成功: output/log/2026-08-10.log
[22:09:13][INFO][同步项目开发记录] 上传成功: output/sync_meta/sync_meta_4ae831e3-0263-4912-b1f5-379b2263c7ad.json
[22:09:18][INFO][同步项目开发记录] 上传成功: output/log/2026-08-10.log
[22:09:18][INFO][同步项目开发记录] 上传成功: output/sync_meta/sync_meta_4ae831e3-0263-4912-b1f5-379b2263c7ad.json
[22:09:23][INFO][同步项目开发记录] 上传成功: output/log/2026-08-10.log
[22:09:23][INFO][同步项目开发记录] 上传成功: output/sync_meta/sync_meta_4ae831e3-0263-4912-b1f5-379b2263c7ad.json
[22:09:28][INFO][同步项目开发记录] 上传成功: output/log/2026-08-10.log
[22:09:28][INFO][同步项目开发记录] 上传成功: output/sync_meta/sync_meta_4ae831e3-0263-4912-b1f5-379b2263c7ad.json
[22:09:33][INFO][同步项目开发记录] 上传成功: output/log/2026-08-10.log
[22:09:33][INFO][同步项目开发记录] 上传成功: output/sync_meta/sync_meta_4ae831e3-0263-4912-b1f5-379b2263c7ad.json
[22:09:38][INFO][同步项目开发记录] 上传成功: output/log/2026-08-10.log
[22:09:38][INFO][同步项目开发记录] 上传成功: output/sync_meta/sync_meta_4ae831e3-0263-4912-b1f5-379b2263c7ad.json
[22:09:43][INFO][同步项目开发记录] 上传成功: output/log/2026-08-10.log
[22:09:43][INFO][同步项目开发记录] 上传成功: output/sync_meta/sync_meta_4ae831e3-0263-4912-b1f5-379b2263c7ad.json
[22:09:48][INFO][同步项目开发记录] 上传成功: output/log/2026-08-10.log
[22:09:48][INFO][同步项目开发记录] 上传成功: output/sync_meta/sync_meta_4ae831e3-0263-4912-b1f5-379b2263c7ad.json
[22:09:53][INFO][同步项目开发记录] 上传成功: output/log/2026-08-10.log
[22:09:53][INFO][同步项目开发记录] 上传成功: output/sync_meta/sync_meta_4ae831e3-0263-4912-b1f5-379b2263c7ad.json
[22:09:58][INFO][同步项目开发记录] 上传成功: output/log/2026-08-10.log
[22:09:58][INFO][同步项目开发记录] 上传成功: output/sync_meta/sync_meta_4ae831e3-0263-4912-b1f5-379b2263c7ad.json
[22:10:03][INFO][同步项目开发记录] 上传成功: output/log/2026-08-10.log
[22:10:03][INFO][同步项目开发记录] 上传成功: output/sync_meta/sync_meta_4ae831e3-0263-4912-b1f5-379b2263c7ad.json
[22:10:08][INFO][同步项目开发记录] 上传成功: output/log/2026-08-10.log
[22:10:08][INFO][同步项目开发记录] 上传成功: output/sync_meta/sync_meta_4ae831e3-0263-4912-b1f5-379b2263c7ad.json
[22:10:13][INFO][同步项目开发记录] 上传成功: output/log/2026-08-10.log
[22:10:13][INFO][同步项目开发记录] 上传成功: output/sync_meta/sync_meta_4ae831e3-0263-4912-b1f5-379b2263c7ad.json
[22:10:18][INFO][同步项目开发记录] 上传成功: output/log/2026-08-10.log
[22:10:18][INFO][同步项目开发记录] 上传成功: output/sync_meta/sync_meta_4ae831e3-0263-4912-b1f5-379b2263c7ad.json
[22:10:23][INFO][同步项目开发记录] 上传成功: output/log/2026-08-10.log
[22:10:23][INFO][同步项目开发记录] 上传成功: output/sync_meta/sync_meta_4ae831e3-0263-4912-b1f5-379b2263c7ad.json
[22:10:28][INFO][同步项目开发记录] 上传成功: output/log/2026-08-10.log
[22:10:28][INFO][同步项目开发记录] 上传成功: output/sync_meta/sync_meta_4ae831e3-0263-4912-b1f5-379b2263c7ad.json
[22:10:33][INFO][同步项目开发记录] 上传成功: output/log/2026-08-10.log
[22:10:33][INFO][同步项目开发记录] 上传成功: output/sync_meta/sync_meta_4ae831e3-0263-4912-b1f5-379b2263c7ad.json
[22:10:38][INFO][同步项目开发记录] 上传成功: output/log/2026-08-10.log
[22:10:38][INFO][同步项目开发记录] 上传成功: output/sync_meta/sync_meta_4ae831e3-0263-4912-b1f5-379b2263c7ad.json
[22:10:43][INFO][同步项目开发记录] 上传成功: output/log/2026-08-10.log
[22:10:43][INFO][同步项目开发记录] 上传成功: output/sync_meta/sync_meta_4ae831e3-0263-4912-b1f5-379b2263c7ad.json
[22:10:48][INFO][同步项目开发记录] 上传成功: output/log/2026-08-10.log
[22:10:48][INFO][同步项目开发记录] 上传成功: output/sync_meta/sync_meta_4ae831e3-0263-4912-b1f5-379b2263c7ad.json
[22:10:53][INFO][同步项目开发记录] 上传成功: output/log/2026-08-10.log
[22:10:53][INFO][同步项目开发记录] 上传成功: output/sync_meta/sync_meta_4ae831e3-0263-4912-b1f5-379b2263c7ad.json
[22:10:58][INFO][同步项目开发记录] 上传成功: output/log/2026-08-10.log
[22:10:58][INFO][同步项目开发记录] 上传成功: output/sync_meta/sync_meta_4ae831e3-0263-4912-b1f5-379b2263c7ad.json
[22:11:03][INFO][同步项目开发记录] 上传成功: output/log/2026-08-10.log
[22:11:03][INFO][同步项目开发记录] 上传成功: output/sync_meta/sync_meta_4ae831e3-0263-4912-b1f5-379b2263c7ad.json
[22:11:08][INFO][同步项目开发记录] 上传成功: output/log/2026-08-10.log
[22:11:08][INFO][同步项目开发记录] 上传成功: output/sync_meta/sync_meta_4ae831e3-0263-4912-b1f5-379b2263c7ad.json
[22:11:13][INFO][同步项目开发记录] 上传成功: output/log/2026-08-10.log
[22:11:13][INFO][同步项目开发记录] 上传成功: output/sync_meta/sync_meta_4ae831e3-0263-4912-b1f5-379b2263c7ad.json
[22:11:18][INFO][同步项目开发记录] 上传成功: output/log/2026-08-10.log
[22:11:18][INFO][同步项目开发记录] 上传成功: output/sync_meta/sync_meta_4ae831e3-0263-4912-b1f5-379b2263c7ad.json
[22:11:23][INFO][同步项目开发记录] 上传成功: output/log/2026-08-10.log
[22:11:23][INFO][同步项目开发记录] 上传成功: output/sync_meta/sync_meta_4ae831e3-0263-4912-b1f5-379b2263c7ad.json
[22:11:28][INFO][同步项目开发记录] 上传成功: output/log/2026-08-10.log
[22:11:28][INFO][同步项目开发记录] 上传成功: output/sync_meta/sync_meta_4ae831e3-0263-4912-b1f5-379b2263c7ad.json
[22:11:33][INFO][同步项目开发记录] 上传成功: output/log/2026-08-10.log
[22:11:33][INFO][同步项目开发记录] 上传成功: output/sync_meta/sync_meta_4ae831e3-0263-4912-b1f5-379b2263c7ad.json
[22:11:38][INFO][同步项目开发记录] 上传成功: output/log/2026-08-10.log
[22:11:38][INFO][同步项目开发记录] 上传成功: output/sync_meta/sync_meta_4ae831e3-0263-4912-b1f5-379b2263c7ad.json
[22:11:43][INFO][同步项目开发记录] 上传成功: output/log/2026-08-10.log
[22:11:43][INFO][同步项目开发记录] 上传成功: output/sync_meta/sync_meta_4ae831e3-0263-4912-b1f5-379b2263c7ad.json
[22:11:48][INFO][同步项目开发记录] 上传成功: output/log/2026-08-10.log
[22:11:48][INFO][同步项目开发记录] 上传成功: output/sync_meta/sync_meta_4ae831e3-0263-4912-b1f5-379b2263c7ad.json
[22:11:53][INFO][同步项目开发记录] 上传成功: output/log/2026-08-10.log
[22:11:53][INFO][同步项目开发记录] 上传成功: output/sync_meta/sync_meta_4ae831e3-0263-4912-b1f5-379b2263c7ad.json
[22:11:58][INFO][同步项目开发记录] 上传成功: output/log/2026-08-10.log
[22:11:58][INFO][同步项目开发记录] 上传成功: output/sync_meta/sync_meta_4ae831e3-0263-4912-b1f5-379b2263c7ad.json
[22:12:03][INFO][同步项目开发记录] 上传成功: output/log/2026-08-10.log
[22:12:03][INFO][同步项目开发记录] 上传成功: output/sync_meta/sync_meta_4ae831e3-0263-4912-b1f5-379b2263c7ad.json
[22:12:08][INFO][同步项目开发记录] 上传成功: output/log/2026-08-10.log
[22:12:08][INFO][同步项目开发记录] 上传成功: output/sync_meta/sync_meta_4ae831e3-0263-4912-b1f5-379b2263c7ad.json
[22:12:13][INFO][同步项目开发记录] 上传成功: output/log/2026-08-10.log
[22:12:13][INFO][同步项目开发记录] 上传成功: output/sync_meta/sync_meta_4ae831e3-0263-4912-b1f5-379b2263c7ad.json
[22:12:18][INFO][同步项目开发记录] 上传成功: output/log/2026-08-10.log
[22:12:18][INFO][同步项目开发记录] 上传成功: output/sync_meta/sync_meta_4ae831e3-0263-4912-b1f5-379b2263c7ad.json
[22:12:23][INFO][同步项目开发记录] 上传成功: output/log/2026-08-10.log
[22:12:23][INFO][同步项目开发记录] 上传成功: output/sync_meta/sync_meta_4ae831e3-0263-4912-b1f5-379b2263c7ad.json
[22:12:28][INFO][同步项目开发记录] 上传成功: output/log/2026-08-10.log
[22:12:28][INFO][同步项目开发记录] 上传成功: output/sync_meta/sync_meta_4ae831e3-0263-4912-b1f5-379b2263c7ad.json
[22:12:33][INFO][同步项目开发记录] 上传成功: output/log/2026-08-10.log
[22:12:33][INFO][同步项目开发记录] 上传成功: output/sync_meta/sync_meta_4ae831e3-0263-4912-b1f5-379b2263c7ad.json
[22:12:38][INFO][同步项目开发记录] 上传成功: output/log/2026-08-10.log
[22:12:38][INFO][同步项目开发记录] 上传成功: output/sync_meta/sync_meta_4ae831e3-0263-4912-b1f5-379b2263c7ad.json
[22:12:43][INFO][同步项目开发记录] 上传成功: output/log/2026-08-10.log
[22:12:43][INFO][同步项目开发记录] 上传成功: output/sync_meta/sync_meta_4ae831e3-0263-4912-b1f5-379b2263c7ad.json
[22:12:48][INFO][同步项目开发记录] 上传成功: output/log/2026-08-10.log
[22:12:48][INFO][同步项目开发记录] 上传成功: output/sync_meta/sync_meta_4ae831e3-0263-4912-b1f5-379b2263c7ad.json
[22:12:53][INFO][同步项目开发记录] 上传成功: output/log/2026-08-10.log
[22:12:53][INFO][同步项目开发记录] 上传成功: output/sync_meta/sync_meta_4ae831e3-0263-4912-b1f5-379b2263c7ad.json
[22:12:58][INFO][同步项目开发记录] 上传成功: output/log/2026-08-10.log
[22:12:58][INFO][同步项目开发记录] 上传成功: output/sync_meta/sync_meta_4ae831e3-0263-4912-b1f5-379b2263c7ad.json
[22:13:03][INFO][同步项目开发记录] 上传成功: output/log/2026-08-10.log
[22:13:03][INFO][同步项目开发记录] 上传成功: output/sync_meta/sync_meta_4ae831e3-0263-4912-b1f5-379b2263c7ad.json
[22:13:08][INFO][同步项目开发记录] 上传成功: output/log/2026-08-10.log
[22:13:08][INFO][同步项目开发记录] 上传成功: output/sync_meta/sync_meta_4ae831e3-0263-4912-b1f5-379b2263c7ad.json
[22:13:13][INFO][同步项目开发记录] 上传成功: output/log/2026-08-10.log
[22:13:13][INFO][同步项目开发记录] 上传成功: output/sync_meta/sync_meta_4ae831e3-0263-4912-b1f5-379b2263c7ad.json
[22:13:18][INFO][同步项目开发记录] 上传成功: output/log/2026-08-10.log
[22:13:18][INFO][同步项目开发记录] 上传成功: output/sync_meta/sync_meta_4ae831e3-0263-4912-b1f5-379b2263c7ad.json
[22:13:23][INFO][同步项目开发记录] 上传成功: output/log/2026-08-10.log
[22:13:23][INFO][同步项目开发记录] 上传成功: output/sync_meta/sync_meta_4ae831e3-0263-4912-b1f5-379b2263c7ad.json
[22:13:28][INFO][同步项目开发记录] 上传成功: output/log/2026-08-10.log
[22:13:28][INFO][同步项目开发记录] 上传成功: output/sync_meta/sync_meta_4ae831e3-0263-4912-b1f5-379b2263c7ad.json
[22:13:33][INFO][同步项目开发记录] 上传成功: output/log/2026-08-10.log
[22:13:33][INFO][同步项目开发记录] 上传成功: output/sync_meta/sync_meta_4ae831e3-0263-4912-b1f5-379b2263c7ad.json
[22:13:38][INFO][同步项目开发记录] 上传成功: output/log/2026-08-10.log
[22:13:38][INFO][同步项目开发记录] 上传成功: output/sync_meta/sync_meta_4ae831e3-0263-4912-b1f5-379b2263c7ad.json
[22:13:43][INFO][同步项目开发记录] 上传成功: output/log/2026-08-10.log
[22:13:43][INFO][同步项目开发记录] 上传成功: output/sync_meta/sync_meta_4ae831e3-0263-4912-b1f5-379b2263c7ad.json
[22:13:48][INFO][同步项目开发记录] 上传成功: output/log/2026-08-10.log
[22:13:48][INFO][同步项目开发记录] 上传成功: output/sync_meta/sync_meta_4ae831e3-0263-4912-b1f5-379b2263c7ad.json
[22:13:53][INFO][同步项目开发记录] 上传成功: output/log/2026-08-10.log
[22:13:53][INFO][同步项目开发记录] 上传成功: output/sync_meta/sync_meta_4ae831e3-0263-4912-b1f5-379b2263c7ad.json
[22:13:58][INFO][同步项目开发记录] 上传成功: output/log/2026-08-10.log
[22:13:58][INFO][同步项目开发记录] 上传成功: output/sync_meta/sync_meta_4ae831e3-0263-4912-b1f5-379b2263c7ad.json
[22:14:03][INFO][同步项目开发记录] 上传成功: output/log/2026-08-10.log
[22:14:03][INFO][同步项目开发记录] 上传成功: output/sync_meta/sync_meta_4ae831e3-0263-4912-b1f5-379b2263c7ad.json
[22:14:08][INFO][同步项目开发记录] 上传成功: output/log/2026-08-10.log
[22:14:08][INFO][同步项目开发记录] 上传成功: output/sync_meta/sync_meta_4ae831e3-0263-4912-b1f5-379b2263c7ad.json
[22:14:13][INFO][同步项目开发记录] 上传成功: output/log/2026-08-10.log
[22:14:13][INFO][同步项目开发记录] 上传成功: output/sync_meta/sync_meta_4ae831e3-0263-4912-b1f5-379b2263c7ad.json
[22:14:18][INFO][同步项目开发记录] 上传成功: output/log/2026-08-10.log
[22:14:18][INFO][同步项目开发记录] 上传成功: output/sync_meta/sync_meta_4ae831e3-0263-4912-b1f5-379b2263c7ad.json
[22:14:23][INFO][同步项目开发记录] 上传成功: output/log/2026-08-10.log
[22:14:23][INFO][同步项目开发记录] 上传成功: output/sync_meta/sync_meta_4ae831e3-0263-4912-b1f5-379b2263c7ad.json
[22:14:28][INFO][同步项目开发记录] 上传成功: output/log/2026-08-10.log
[22:14:28][INFO][同步项目开发记录] 上传成功: output/sync_meta/sync_meta_4ae831e3-0263-4912-b1f5-379b2263c7ad.json
[22:14:33][INFO][同步项目开发记录] 上传成功: output/log/2026-08-10.log
[22:14:33][INFO][同步项目开发记录] 上传成功: output/sync_meta/sync_meta_4ae831e3-0263-4912-b1f5-379b2263c7ad.json
[22:14:38][INFO][同步项目开发记录] 上传成功: output/log/2026-08-10.log
[22:14:38][INFO][同步项目开发记录] 上传成功: output/sync_meta/sync_meta_4ae831e3-0263-4912-b1f5-379b2263c7ad.json
[22:14:43][INFO][同步项目开发记录] 上传成功: output/log/2026-08-10.log
[22:14:43][INFO][同步项目开发记录] 上传成功: output/sync_meta/sync_meta_4ae831e3-0263-4912-b1f5-379b2263c7ad.json
[22:14:48][INFO][同步项目开发记录] 上传成功: output/log/2026-08-10.log
[22:14:48][INFO][同步项目开发记录] 上传成功: output/sync_meta/sync_meta_4ae831e3-0263-4912-b1f5-379b2263c7ad.json
[22:14:53][INFO][同步项目开发记录] 上传成功: output/log/2026-08-10.log
[22:14:53][INFO][同步项目开发记录] 上传成功: output/sync_meta/sync_meta_4ae831e3-0263-4912-b1f5-379b2263c7ad.json
[22:14:58][INFO][同步项目开发记录] 上传成功: output/log/2026-08-10.log
[22:14:58][INFO][同步项目开发记录] 上传成功: output/sync_meta/sync_meta_4ae831e3-0263-4912-b1f5-379b2263c7ad.json
[22:15:03][INFO][同步项目开发记录] 上传成功: output/log/2026-08-10.log
[22:15:03][INFO][同步项目开发记录] 上传成功: output/sync_meta/sync_meta_4ae831e3-0263-4912-b1f5-379b2263c7ad.json
[22:15:08][INFO][同步项目开发记录] 上传成功: output/log/2026-08-10.log
[22:15:08][INFO][同步项目开发记录] 上传成功: output/sync_meta/sync_meta_4ae831e3-0263-4912-b1f5-379b2263c7ad.json
[22:15:13][INFO][同步项目开发记录] 上传成功: output/log/2026-08-10.log
[22:15:13][INFO][同步项目开发记录] 上传成功: output/sync_meta/sync_meta_4ae831e3-0263-4912-b1f5-379b2263c7ad.json
[22:15:18][INFO][同步项目开发记录] 上传成功: output/log/2026-08-10.log
[22:15:18][INFO][同步项目开发记录] 上传成功: output/sync_meta/sync_meta_4ae831e3-0263-4912-b1f5-379b2263c7ad.json
[22:15:23][INFO][同步项目开发记录] 上传成功: output/log/2026-08-10.log
[22:15:23][INFO][同步项目开发记录] 上传成功: output/sync_meta/sync_meta_4ae831e3-0263-4912-b1f5-379b2263c7ad.json
[22:15:28][INFO][同步项目开发记录] 上传成功: output/log/2026-08-10.log
[22:15:28][INFO][同步项目开发记录] 上传成功: output/sync_meta/sync_meta_4ae831e3-0263-4912-b1f5-379b2263c7ad.json
[22:15:33][INFO][同步项目开发记录] 上传成功: output/log/2026-08-10.log
[22:15:33][INFO][同步项目开发记录] 上传成功: output/sync_meta/sync_meta_4ae831e3-0263-4912-b1f5-379b2263c7ad.json
[22:15:38][INFO][同步项目开发记录] 上传成功: output/log/2026-08-10.log
[22:15:38][INFO][同步项目开发记录] 上传成功: output/sync_meta/sync_meta_4ae831e3-0263-4912-b1f5-379b2263c7ad.json
[22:15:43][INFO][同步项目开发记录] 上传成功: output/log/2026-08-10.log
[22:15:43][INFO][同步项目开发记录] 上传成功: output/sync_meta/sync_meta_4ae831e3-0263-4912-b1f5-379b2263c7ad.json
[22:15:48][INFO][同步项目开发记录] 上传成功: output/log/2026-08-10.log
[22:15:48][INFO][同步项目开发记录] 上传成功: output/sync_meta/sync_meta_4ae831e3-0263-4912-b1f5-379b2263c7ad.json
[22:15:53][INFO][同步项目开发记录] 上传成功: output/log/2026-08-10.log
[22:15:53][INFO][同步项目开发记录] 上传成功: output/sync_meta/sync_meta_4ae831e3-0263-4912-b1f5-379b2263c7ad.json
[22:15:58][INFO][同步项目开发记录] 上传成功: output/log/2026-08-10.log
[22:15:58][INFO][同步项目开发记录] 上传成功: output/sync_meta/sync_meta_4ae831e3-0263-4912-b1f5-379b2263c7ad.json
[22:16:03][INFO][同步项目开发记录] 上传成功: output/log/2026-08-10.log
[22:16:03][INFO][同步项目开发记录] 上传成功: output/sync_meta/sync_meta_4ae831e3-0263-4912-b1f5-379b2263c7ad.json
[22:16:08][INFO][同步项目开发记录] 上传成功: output/log/2026-08-10.log
[22:16:08][INFO][同步项目开发记录] 上传成功: output/sync_meta/sync_meta_4ae831e3-0263-4912-b1f5-379b2263c7ad.json
[22:16:13][INFO][同步项目开发记录] 上传成功: output/log/2026-08-10.log
[22:16:13][INFO][同步项目开发记录] 上传成功: output/sync_meta/sync_meta_4ae831e3-0263-4912-b1f5-379b2263c7ad.json
[22:16:18][INFO][同步项目开发记录] 上传成功: output/log/2026-08-10.log
[22:16:18][INFO][同步项目开发记录] 上传成功: output/sync_meta/sync_meta_4ae831e3-0263-4912-b1f5-379b2263c7ad.json
[22:16:23][INFO][同步项目开发记录] 上传成功: output/log/2026-08-10.log
[22:16:23][INFO][同步项目开发记录] 上传成功: output/sync_meta/sync_meta_4ae831e3-0263-4912-b1f5-379b2263c7ad.json
[22:16:28][INFO][同步项目开发记录] 上传成功: output/log/2026-08-10.log
[22:16:28][INFO][同步项目开发记录] 上传成功: output/sync_meta/sync_meta_4ae831e3-0263-4912-b1f5-379b2263c7ad.json
[22:16:33][INFO][同步项目开发记录] 上传成功: output/log/2026-08-10.log
[22:16:33][INFO][同步项目开发记录] 上传成功: output/sync_meta/sync_meta_4ae831e3-0263-4912-b1f5-379b2263c7ad.json
[22:16:38][INFO][同步项目开发记录] 上传成功: output/log/2026-08-10.log
[22:16:38][INFO][同步项目开发记录] 上传成功: output/sync_meta/sync_meta_4ae831e3-0263-4912-b1f5-379b2263c7ad.json
[22:16:43][INFO][同步项目开发记录] 上传成功: output/log/2026-08-10.log
[22:16:43][INFO][同步项目开发记录] 上传成功: output/sync_meta/sync_meta_4ae831e3-0263-4912-b1f5-379b2263c7ad.json
[22:16:48][INFO][同步项目开发记录] 上传成功: output/log/2026-08-10.log
[22:16:48][INFO][同步项目开发记录] 上传成功: output/sync_meta/sync_meta_4ae831e3-0263-4912-b1f5-379b2263c7ad.json
[22:16:53][INFO][同步项目开发记录] 上传成功: output/log/2026-08-10.log
[22:16:53][INFO][同步项目开发记录] 上传成功: output/sync_meta/sync_meta_4ae831e3-0263-4912-b1f5-379b2263c7ad.json
[22:16:58][INFO][同步项目开发记录] 上传成功: output/log/2026-08-10.log
[22:16:58][INFO][同步项目开发记录] 上传成功: output/sync_meta/sync_meta_4ae831e3-0263-4912-b1f5-379b2263c7ad.json
[22:17:03][INFO][同步项目开发记录] 上传成功: output/log/2026-08-10.log
[22:17:03][INFO][同步项目开发记录] 上传成功: output/sync_meta/sync_meta_4ae831e3-0263-4912-b1f5-379b2263c7ad.json
[22:17:08][INFO][同步项目开发记录] 上传成功: output/log/2026-08-10.log
[22:17:08][INFO][同步项目开发记录] 上传成功: output/sync_meta/sync_meta_4ae831e3-0263-4912-b1f5-379b2263c7ad.json
[22:17:13][INFO][同步项目开发记录] 上传成功: output/log/2026-08-10.log
[22:17:13][INFO][同步项目开发记录] 上传成功: output/sync_meta/sync_meta_4ae831e3-0263-4912-b1f5-379b2263c7ad.json
[22:17:18][INFO][同步项目开发记录] 上传成功: output/log/2026-08-10.log
[22:17:18][INFO][同步项目开发记录] 上传成功: output/sync_meta/sync_meta_4ae831e3-0263-4912-b1f5-379b2263c7ad.json
[22:17:23][INFO][同步项目开发记录] 上传成功: output/log/2026-08-10.log
[22:17:23][INFO][同步项目开发记录] 上传成功: output/sync_meta/sync_meta_4ae831e3-0263-4912-b1f5-379b2263c7ad.json
[22:17:28][INFO][同步项目开发记录] 上传成功: output/log/2026-08-10.log
[22:17:28][INFO][同步项目开发记录] 上传成功: output/sync_meta/sync_meta_4ae831e3-0263-4912-b1f5-379b2263c7ad.json
[22:17:33][INFO][同步项目开发记录] 上传成功: output/log/2026-08-10.log
[22:17:33][INFO][同步项目开发记录] 上传成功: output/sync_meta/sync_meta_4ae831e3-0263-4912-b1f5-379b2263c7ad.json
[22:17:38][INFO][同步项目开发记录] 上传成功: output/log/2026-08-10.log
[22:17:38][INFO][同步项目开发记录] 上传成功: output/sync_meta/sync_meta_4ae831e3-0263-4912-b1f5-379b2263c7ad.json
[22:17:43][INFO][同步项目开发记录] 上传成功: output/log/2026-08-10.log
[22:17:43][INFO][同步项目开发记录] 上传成功: output/sync_meta/sync_meta_4ae831e3-0263-4912-b1f5-379b2263c7ad.json
[22:17:48][INFO][同步项目开发记录] 上传成功: output/log/2026-08-10.log
[22:17:48][INFO][同步项目开发记录] 上传成功: output/sync_meta/sync_meta_4ae831e3-0263-4912-b1f5-379b2263c7ad.json
[22:17:53][INFO][同步项目开发记录] 上传成功: output/log/2026-08-10.log
[22:17:53][INFO][同步项目开发记录] 上传成功: output/sync_meta/sync_meta_4ae831e3-0263-4912-b1f5-379b2263c7ad.json
[22:17:58][INFO][同步项目开发记录] 上传成功: output/log/2026-08-10.log
[22:17:58][INFO][同步项目开发记录] 上传成功: output/sync_meta/sync_meta_4ae831e3-0263-4912-b1f5-379b2263c7ad.json
[22:18:03][INFO][同步项目开发记录] 上传成功: output/log/2026-08-10.log
[22:18:03][INFO][同步项目开发记录] 上传成功: output/sync_meta/sync_meta_4ae831e3-0263-4912-b1f5-379b2263c7ad.json
[22:18:08][INFO][同步项目开发记录] 上传成功: output/log/2026-08-10.log
[22:18:08][INFO][同步项目开发记录] 上传成功: output/sync_meta/sync_meta_4ae831e3-0263-4912-b1f5-379b2263c7ad.json
[22:18:13][INFO][同步项目开发记录] 上传成功: output/log/2026-08-10.log
[22:18:13][INFO][同步项目开发记录] 上传成功: output/sync_meta/sync_meta_4ae831e3-0263-4912-b1f5-379b2263c7ad.json
[22:18:18][INFO][同步项目开发记录] 上传成功: output/log/2026-08-10.log
[22:18:18][INFO][同步项目开发记录] 上传成功: output/sync_meta/sync_meta_4ae831e3-0263-4912-b1f5-379b2263c7ad.json
[22:18:23][INFO][同步项目开发记录] 上传成功: output/log/2026-08-10.log
[22:18:23][INFO][同步项目开发记录] 上传成功: output/sync_meta/sync_meta_4ae831e3-0263-4912-b1f5-379b2263c7ad.json
[22:18:28][INFO][同步项目开发记录] 上传成功: output/log/2026-08-10.log
[22:18:28][INFO][同步项目开发记录] 上传成功: output/sync_meta/sync_meta_4ae831e3-0263-4912-b1f5-379b2263c7ad.json
[22:18:33][INFO][同步项目开发记录] 上传成功: output/log/2026-08-10.log
[22:18:33][INFO][同步项目开发记录] 上传成功: output/sync_meta/sync_meta_4ae831e3-0263-4912-b1f5-379b2263c7ad.json
[22:18:38][INFO][同步项目开发记录] 上传成功: output/log/2026-08-10.log
[22:18:38][INFO][同步项目开发记录] 上传成功: output/sync_meta/sync_meta_4ae831e3-0263-4912-b1f5-379b2263c7ad.json
[22:18:43][INFO][同步项目开发记录] 上传成功: output/log/2026-08-10.log
[22:18:43][INFO][同步项目开发记录] 上传成功: output/sync_meta/sync_meta_4ae831e3-0263-4912-b1f5-379b2263c7ad.json
[22:18:48][INFO][同步项目开发记录] 上传成功: output/log/2026-08-10.log
[22:18:48][INFO][同步项目开发记录] 上传成功: output/sync_meta/sync_meta_4ae831e3-0263-4912-b1f5-379b2263c7ad.json
[22:18:53][INFO][同步项目开发记录] 上传成功: output/log/2026-08-10.log
[22:18:53][INFO][同步项目开发记录] 上传成功: output/sync_meta/sync_meta_4ae831e3-0263-4912-b1f5-379b2263c7ad.json
[22:18:58][INFO][同步项目开发记录] 上传成功: output/log/2026-08-10.log
[22:18:58][INFO][同步项目开发记录] 上传成功: output/sync_meta/sync_meta_4ae831e3-0263-4912-b1f5-379b2263c7ad.json
[22:19:03][INFO][同步项目开发记录] 上传成功: output/log/2026-08-10.log
[22:19:03][INFO][同步项目开发记录] 上传成功: output/sync_meta/sync_meta_4ae831e3-0263-4912-b1f5-379b2263c7ad.json
[22:19:08][INFO][同步项目开发记录] 上传成功: output/log/2026-08-10.log
[22:19:08][INFO][同步项目开发记录] 上传成功: output/sync_meta/sync_meta_4ae831e3-0263-4912-b1f5-379b2263c7ad.json
[22:19:13][INFO][同步项目开发记录] 上传成功: output/log/2026-08-10.log
[22:19:13][INFO][同步项目开发记录] 上传成功: output/sync_meta/sync_meta_4ae831e3-0263-4912-b1f5-379b2263c7ad.json
[22:19:18][INFO][同步项目开发记录] 上传成功: output/log/2026-08-10.log
[22:19:18][INFO][同步项目开发记录] 上传成功: output/sync_meta/sync_meta_4ae831e3-0263-4912-b1f5-379b2263c7ad.json
[22:19:23][INFO][同步项目开发记录] 上传成功: output/log/2026-08-10.log
[22:19:23][INFO][同步项目开发记录] 上传成功: output/sync_meta/sync_meta_4ae831e3-0263-4912-b1f5-379b2263c7ad.json
[22:19:28][INFO][同步项目开发记录] 上传成功: output/log/2026-08-10.log
[22:19:28][INFO][同步项目开发记录] 上传成功: output/sync_meta/sync_meta_4ae831e3-0263-4912-b1f5-379b2263c7ad.json
[22:19:33][INFO][同步项目开发记录] 上传成功: output/log/2026-08-10.log
[22:19:33][INFO][同步项目开发记录] 上传成功: output/sync_meta/sync_meta_4ae831e3-0263-4912-b1f5-379b2263c7ad.json
[22:19:38][INFO][同步项目开发记录] 上传成功: output/log/2026-08-10.log
[22:19:38][INFO][同步项目开发记录] 上传成功: output/sync_meta/sync_meta_4ae831e3-0263-4912-b1f5-379b2263c7ad.json
[22:19:43][INFO][同步项目开发记录] 上传成功: output/log/2026-08-10.log
[22:19:43][INFO][同步项目开发记录] 上传成功: output/sync_meta/sync_meta_4ae831e3-0263-4912-b1f5-379b2263c7ad.json
[22:19:48][INFO][同步项目开发记录] 上传成功: output/log/2026-08-10.log
[22:19:48][INFO][同步项目开发记录] 上传成功: output/sync_meta/sync_meta_4ae831e3-0263-4912-b1f5-379b2263c7ad.json
[22:19:53][INFO][同步项目开发记录] 上传成功: output/log/2026-08-10.log
[22:19:53][INFO][同步项目开发记录] 上传成功: output/sync_meta/sync_meta_4ae831e3-0263-4912-b1f5-379b2263c7ad.json
[22:19:58][INFO][同步项目开发记录] 上传成功: output/log/2026-08-10.log
[22:19:58][INFO][同步项目开发记录] 上传成功: output/sync_meta/sync_meta_4ae831e3-0263-4912-b1f5-379b2263c7ad.json
[22:20:03][INFO][同步项目开发记录] 上传成功: output/log/2026-08-10.log
[22:20:03][INFO][同步项目开发记录] 上传成功: output/sync_meta/sync_meta_4ae831e3-0263-4912-b1f5-379b2263c7ad.json
[22:20:08][INFO][同步项目开发记录] 上传成功: output/log/2026-08-10.log
[22:20:08][INFO][同步项目开发记录] 上传成功: output/sync_meta/sync_meta_4ae831e3-0263-4912-b1f5-379b2263c7ad.json
[22:20:13][INFO][同步项目开发记录] 上传成功: output/log/2026-08-10.log
[22:20:13][INFO][同步项目开发记录] 上传成功: output/sync_meta/sync_meta_4ae831e3-0263-4912-b1f5-379b2263c7ad.json
[22:20:18][INFO][同步项目开发记录] 上传成功: output/log/2026-08-10.log
[22:20:18][INFO][同步项目开发记录] 上传成功: output/sync_meta/sync_meta_4ae831e3-0263-4912-b1f5-379b2263c7ad.json
[22:20:23][INFO][同步项目开发记录] 上传成功: output/log/2026-08-10.log
[22:20:23][INFO][同步项目开发记录] 上传成功: output/sync_meta/sync_meta_4ae831e3-0263-4912-b1f5-379b2263c7ad.json
[22:20:28][INFO][同步项目开发记录] 上传成功: output/log/2026-08-10.log
[22:20:28][INFO][同步项目开发记录] 上传成功: output/sync_meta/sync_meta_4ae831e3-0263-4912-b1f5-379b2263c7ad.json
[22:20:33][INFO][同步项目开发记录] 上传成功: output/log/2026-08-10.log
[22:20:33][INFO][同步项目开发记录] 上传成功: output/sync_meta/sync_meta_4ae831e3-0263-4912-b1f5-379b2263c7ad.json
[22:20:38][INFO][同步项目开发记录] 上传成功: output/log/2026-08-10.log
[22:20:38][INFO][同步项目开发记录] 上传成功: output/sync_meta/sync_meta_4ae831e3-0263-4912-b1f5-379b2263c7ad.json
[22:20:43][INFO][同步项目开发记录] 上传成功: output/log/2026-08-10.log
[22:20:43][INFO][同步项目开发记录] 上传成功: output/sync_meta/sync_meta_4ae831e3-0263-4912-b1f5-379b2263c7ad.json
[22:20:48][INFO][同步项目开发记录] 上传成功: output/log/2026-08-10.log
[22:20:48][INFO][同步项目开发记录] 上传成功: output/sync_meta/sync_meta_4ae831e3-0263-4912-b1f5-379b2263c7ad.json
[22:20:53][INFO][同步项目开发记录] 上传成功: output/log/2026-08-10.log
[22:20:53][INFO][同步项目开发记录] 上传成功: output/sync_meta/sync_meta_4ae831e3-0263-4912-b1f5-379b2263c7ad.json
[22:20:58][INFO][同步项目开发记录] 上传成功: output/log/2026-08-10.log
[22:20:58][INFO][同步项目开发记录] 上传成功: output/sync_meta/sync_meta_4ae831e3-0263-4912-b1f5-379b2263c7ad.json
[22:21:03][INFO][同步项目开发记录] 上传成功: output/log/2026-08-10.log
[22:21:03][INFO][同步项目开发记录] 上传成功: output/sync_meta/sync_meta_4ae831e3-0263-4912-b1f5-379b2263c7ad.json
[22:21:08][INFO][同步项目开发记录] 上传成功: output/log/2026-08-10.log
[22:21:08][INFO][同步项目开发记录] 上传成功: output/sync_meta/sync_meta_4ae831e3-0263-4912-b1f5-379b2263c7ad.json
[22:21:13][INFO][同步项目开发记录] 上传成功: output/log/2026-08-10.log
[22:21:13][INFO][同步项目开发记录] 上传成功: output/sync_meta/sync_meta_4ae831e3-0263-4912-b1f5-379b2263c7ad.json
[22:21:18][INFO][同步项目开发记录] 上传成功: output/log/2026-08-10.log
[22:21:18][INFO][同步项目开发记录] 上传成功: output/sync_meta/sync_meta_4ae831e3-0263-4912-b1f5-379b2263c7ad.json
[22:21:23][INFO][同步项目开发记录] 上传成功: output/log/2026-08-10.log
[22:21:23][INFO][同步项目开发记录] 上传成功: output/sync_meta/sync_meta_4ae831e3-0263-4912-b1f5-379b2263c7ad.json
[22:21:28][INFO][同步项目开发记录] 上传成功: output/log/2026-08-10.log
[22:21:28][INFO][同步项目开发记录] 上传成功: output/sync_meta/sync_meta_4ae831e3-0263-4912-b1f5-379b2263c7ad.json
[22:21:33][INFO][同步项目开发记录] 上传成功: output/log/2026-08-10.log
[22:21:33][INFO][同步项目开发记录] 上传成功: output/sync_meta/sync_meta_4ae831e3-0263-4912-b1f5-379b2263c7ad.json
[22:21:38][INFO][同步项目开发记录] 上传成功: output/log/2026-08-10.log
[22:21:38][INFO][同步项目开发记录] 上传成功: output/sync_meta/sync_meta_4ae831e3-0263-4912-b1f5-379b2263c7ad.json
[22:21:43][INFO][同步项目开发记录] 上传成功: output/log/2026-08-10.log
[22:21:43][INFO][同步项目开发记录] 上传成功: output/sync_meta/sync_meta_4ae831e3-0263-4912-b1f5-379b2263c7ad.json
[22:21:48][INFO][同步项目开发记录] 上传成功: output/log/2026-08-10.log
[22:21:48][INFO][同步项目开发记录] 上传成功: output/sync_meta/sync_meta_4ae831e3-0263-4912-b1f5-379b2263c7ad.json
[22:21:53][INFO][同步项目开发记录] 上传成功: output/log/2026-08-10.log
[22:21:53][INFO][同步项目开发记录] 上传成功: output/sync_meta/sync_meta_4ae831e3-0263-4912-b1f5-379b2263c7ad.json
[22:21:58][INFO][同步项目开发记录] 上传成功: output/log/2026-08-10.log
[22:21:58][INFO][同步项目开发记录] 上传成功: output/sync_meta/sync_meta_4ae831e3-0263-4912-b1f5-379b2263c7ad.json
[22:22:03][INFO][同步项目开发记录] 上传成功: output/log/2026-08-10.log
[22:22:03][INFO][同步项目开发记录] 上传成功: output/sync_meta/sync_meta_4ae831e3-0263-4912-b1f5-379b2263c7ad.json
[22:22:08][INFO][同步项目开发记录] 上传成功: output/log/2026-08-10.log
[22:22:08][INFO][同步项目开发记录] 上传成功: output/sync_meta/sync_meta_4ae831e3-0263-4912-b1f5-379b2263c7ad.json
[22:22:13][INFO][同步项目开发记录] 上传成功: output/log/2026-08-10.log
[22:22:13][INFO][同步项目开发记录] 上传成功: output/sync_meta/sync_meta_4ae831e3-0263-4912-b1f5-379b2263c7ad.json
[22:22:18][INFO][同步项目开发记录] 上传成功: output/log/2026-08-10.log
[22:22:18][INFO][同步项目开发记录] 上传成功: output/sync_meta/sync_meta_4ae831e3-0263-4912-b1f5-379b2263c7ad.json
[22:22:23][INFO][同步项目开发记录] 上传成功: output/log/2026-08-10.log
[22:22:23][INFO][同步项目开发记录] 上传成功: output/sync_meta/sync_meta_4ae831e3-0263-4912-b1f5-379b2263c7ad.json
[22:22:28][INFO][同步项目开发记录] 上传成功: output/log/2026-08-10.log
[22:22:28][INFO][同步项目开发记录] 上传成功: output/sync_meta/sync_meta_4ae831e3-0263-4912-b1f5-379b2263c7ad.json
[22:22:33][INFO][同步项目开发记录] 上传成功: output/log/2026-08-10.log
[22:22:33][INFO][同步项目开发记录] 上传成功: output/sync_meta/sync_meta_4ae831e3-0263-4912-b1f5-379b2263c7ad.json
[22:22:38][INFO][同步项目开发记录] 上传成功: output/log/2026-08-10.log
[22:22:38][INFO][同步项目开发记录] 上传成功: output/sync_meta/sync_meta_4ae831e3-0263-4912-b1f5-379b2263c7ad.json
[22:22:43][INFO][同步项目开发记录] 上传成功: output/log/2026-08-10.log
[22:22:43][INFO][同步项目开发记录] 上传成功: output/sync_meta/sync_meta_4ae831e3-0263-4912-b1f5-379b2263c7ad.json
[22:22:48][INFO][同步项目开发记录] 上传成功: output/log/2026-08-10.log
[22:22:48][INFO][同步项目开发记录] 上传成功: output/sync_meta/sync_meta_4ae831e3-0263-4912-b1f5-379b2263c7ad.json
[22:22:53][INFO][同步项目开发记录] 上传成功: output/log/2026-08-10.log
[22:22:53][INFO][同步项目开发记录] 上传成功: output/sync_meta/sync_meta_4ae831e3-0263-4912-b1f5-379b2263c7ad.json
[22:22:58][INFO][同步项目开发记录] 上传成功: output/log/2026-08-10.log
[22:22:58][INFO][同步项目开发记录] 上传成功: output/sync_meta/sync_meta_4ae831e3-0263-4912-b1f5-379b2263c7ad.json
[22:23:03][INFO][同步项目开发记录] 上传成功: output/log/2026-08-10.log
[22:23:03][INFO][同步项目开发记录] 上传成功: output/sync_meta/sync_meta_4ae831e3-0263-4912-b1f5-379b2263c7ad.json
[22:23:08][INFO][同步项目开发记录] 上传成功: output/log/2026-08-10.log
[22:23:08][INFO][同步项目开发记录] 上传成功: output/sync_meta/sync_meta_4ae831e3-0263-4912-b1f5-379b2263c7ad.json
[22:23:13][INFO][同步项目开发记录] 上传成功: output/log/2026-08-10.log
[22:23:13][INFO][同步项目开发记录] 上传成功: output/sync_meta/sync_meta_4ae831e3-0263-4912-b1f5-379b2263c7ad.json
[22:23:18][INFO][同步项目开发记录] 上传成功: output/log/2026-08-10.log
[22:23:18][INFO][同步项目开发记录] 上传成功: output/sync_meta/sync_meta_4ae831e3-0263-4912-b1f5-379b2263c7ad.json
[22:23:23][INFO][同步项目开发记录] 上传成功: output/log/2026-08-10.log
[22:23:23][INFO][同步项目开发记录] 上传成功: output/sync_meta/sync_meta_4ae831e3-0263-4912-b1f5-379b2263c7ad.json
[22:23:28][INFO][同步项目开发记录] 上传成功: output/log/2026-08-10.log
[22:23:28][INFO][同步项目开发记录] 上传成功: output/sync_meta/sync_meta_4ae831e3-0263-4912-b1f5-379b2263c7ad.json
[22:23:33][INFO][同步项目开发记录] 上传成功: output/log/2026-08-10.log
[22:23:33][INFO][同步项目开发记录] 上传成功: output/sync_meta/sync_meta_4ae831e3-0263-4912-b1f5-379b2263c7ad.json
[22:23:38][INFO][同步项目开发记录] 上传成功: output/log/2026-08-10.log
[22:23:38][INFO][同步项目开发记录] 上传成功: output/sync_meta/sync_meta_4ae831e3-0263-4912-b1f5-379b2263c7ad.json
[22:23:43][INFO][同步项目开发记录] 上传成功: output/log/2026-08-10.log
[22:23:43][INFO][同步项目开发记录] 上传成功: output/sync_meta/sync_meta_4ae831e3-0263-4912-b1f5-379b2263c7ad.json
[22:23:48][INFO][同步项目开发记录] 上传成功: output/log/2026-08-10.log
[22:23:48][INFO][同步项目开发记录] 上传成功: output/sync_meta/sync_meta_4ae831e3-0263-4912-b1f5-379b2263c7ad.json
[22:23:53][INFO][同步项目开发记录] 上传成功: output/log/2026-08-10.log
[22:23:53][INFO][同步项目开发记录] 上传成功: output/sync_meta/sync_meta_4ae831e3-0263-4912-b1f5-379b2263c7ad.json
[22:23:58][INFO][同步项目开发记录] 上传成功: output/log/2026-08-10.log
[22:23:58][INFO][同步项目开发记录] 上传成功: output/sync_meta/sync_meta_4ae831e3-0263-4912-b1f5-379b2263c7ad.json
[22:24:03][INFO][同步项目开发记录] 上传成功: output/log/2026-08-10.log
[22:24:03][INFO][同步项目开发记录] 上传成功: output/sync_meta/sync_meta_4ae831e3-0263-4912-b1f5-379b2263c7ad.json
[22:24:08][INFO][同步项目开发记录] 上传成功: output/log/2026-08-10.log
[22:24:08][INFO][同步项目开发记录] 上传成功: output/sync_meta/sync_meta_4ae831e3-0263-4912-b1f5-379b2263c7ad.json
[22:24:13][INFO][同步项目开发记录] 上传成功: output/log/2026-08-10.log
[22:24:13][INFO][同步项目开发记录] 上传成功: output/sync_meta/sync_meta_4ae831e3-0263-4912-b1f5-379b2263c7ad.json
[22:24:18][INFO][同步项目开发记录] 上传成功: output/log/2026-08-10.log
[22:24:18][INFO][同步项目开发记录] 上传成功: output/sync_meta/sync_meta_4ae831e3-0263-4912-b1f5-379b2263c7ad.json
[22:24:23][INFO][同步项目开发记录] 上传成功: output/log/2026-08-10.log
[22:24:23][INFO][同步项目开发记录] 上传成功: output/sync_meta/sync_meta_4ae831e3-0263-4912-b1f5-379b2263c7ad.json
[22:24:28][INFO][同步项目开发记录] 上传成功: output/log/2026-08-10.log
[22:24:28][INFO][同步项目开发记录] 上传成功: output/sync_meta/sync_meta_4ae831e3-0263-4912-b1f5-379b2263c7ad.json
[22:24:33][INFO][同步项目开发记录] 上传成功: output/log/2026-08-10.log
[22:24:33][INFO][同步项目开发记录] 上传成功: output/sync_meta/sync_meta_4ae831e3-0263-4912-b1f5-379b2263c7ad.json
[22:24:38][INFO][同步项目开发记录] 上传成功: output/log/2026-08-10.log
[22:24:38][INFO][同步项目开发记录] 上传成功: output/sync_meta/sync_meta_4ae831e3-0263-4912-b1f5-379b2263c7ad.json
[22:24:43][INFO][同步项目开发记录] 上传成功: output/log/2026-08-10.log
[22:24:43][INFO][同步项目开发记录] 上传成功: output/sync_meta/sync_meta_4ae831e3-0263-4912-b1f5-379b2263c7ad.json
[22:24:48][INFO][同步项目开发记录] 上传成功: output/log/2026-08-10.log
[22:24:48][INFO][同步项目开发记录] 上传成功: output/sync_meta/sync_meta_4ae831e3-0263-4912-b1f5-379b2263c7ad.json
[22:24:53][INFO][同步项目开发记录] 上传成功: output/log/2026-08-10.log
[22:24:53][INFO][同步项目开发记录] 上传成功: output/sync_meta/sync_meta_4ae831e3-0263-4912-b1f5-379b2263c7ad.json
[22:24:58][INFO][同步项目开发记录] 上传成功: output/log/2026-08-10.log
[22:24:58][INFO][同步项目开发记录] 上传成功: output/sync_meta/sync_meta_4ae831e3-0263-4912-b1f5-379b2263c7ad.json
[22:25:03][INFO][同步项目开发记录] 上传成功: output/log/2026-08-10.log
[22:25:03][INFO][同步项目开发记录] 上传成功: output/sync_meta/sync_meta_4ae831e3-0263-4912-b1f5-379b2263c7ad.json
[22:25:08][INFO][同步项目开发记录] 上传成功: output/log/2026-08-10.log
[22:25:08][INFO][同步项目开发记录] 上传成功: output/sync_meta/sync_meta_4ae831e3-0263-4912-b1f5-379b2263c7ad.json
[22:25:13][INFO][同步项目开发记录] 上传成功: output/log/2026-08-10.log
[22:25:13][INFO][同步项目开发记录] 上传成功: output/sync_meta/sync_meta_4ae831e3-0263-4912-b1f5-379b2263c7ad.json
[22:25:18][INFO][同步项目开发记录] 上传成功: output/log/2026-08-10.log
[22:25:18][INFO][同步项目开发记录] 上传成功: output/sync_meta/sync_meta_4ae831e3-0263-4912-b1f5-379b2263c7ad.json
[22:25:23][INFO][同步项目开发记录] 上传成功: output/log/2026-08-10.log
[22:25:23][INFO][同步项目开发记录] 上传成功: output/sync_meta/sync_meta_4ae831e3-0263-4912-b1f5-379b2263c7ad.json
[22:25:28][INFO][同步项目开发记录] 上传成功: output/log/2026-08-10.log
[22:25:28][INFO][同步项目开发记录] 上传成功: output/sync_meta/sync_meta_4ae831e3-0263-4912-b1f5-379b2263c7ad.json
[22:25:33][INFO][同步项目开发记录] 上传成功: output/log/2026-08-10.log
[22:25:33][INFO][同步项目开发记录] 上传成功: output/sync_meta/sync_meta_4ae831e3-0263-4912-b1f5-379b2263c7ad.json
[22:25:38][INFO][同步项目开发记录] 上传成功: output/log/2026-08-10.log
[22:25:38][INFO][同步项目开发记录] 上传成功: output/sync_meta/sync_meta_4ae831e3-0263-4912-b1f5-379b2263c7ad.json
[22:25:43][INFO][同步项目开发记录] 上传成功: output/log/2026-08-10.log
[22:25:43][INFO][同步项目开发记录] 上传成功: output/sync_meta/sync_meta_4ae831e3-0263-4912-b1f5-379b2263c7ad.json
[22:25:48][INFO][同步项目开发记录] 上传成功: output/log/2026-08-10.log
[22:25:48][INFO][同步项目开发记录] 上传成功: output/sync_meta/sync_meta_4ae831e3-0263-4912-b1f5-379b2263c7ad.json
[22:25:53][INFO][同步项目开发记录] 上传成功: output/log/2026-08-10.log
[22:25:53][INFO][同步项目开发记录] 上传成功: output/sync_meta/sync_meta_4ae831e3-0263-4912-b1f5-379b2263c7ad.json
[22:25:58][INFO][同步项目开发记录] 上传成功: output/log/2026-08-10.log
[22:25:58][INFO][同步项目开发记录] 上传成功: output/sync_meta/sync_meta_4ae831e3-0263-4912-b1f5-379b2263c7ad.json
[22:26:03][INFO][同步项目开发记录] 上传成功: output/log/2026-08-10.log
[22:26:03][INFO][同步项目开发记录] 上传成功: output/sync_meta/sync_meta_4ae831e3-0263-4912-b1f5-379b2263c7ad.json
[22:26:08][INFO][同步项目开发记录] 上传成功: output/log/2026-08-10.log
[22:26:08][INFO][同步项目开发记录] 上传成功: output/sync_meta/sync_meta_4ae831e3-0263-4912-b1f5-379b2263c7ad.json
[22:26:13][INFO][同步项目开发记录] 上传成功: output/log/2026-08-10.log
[22:26:13][INFO][同步项目开发记录] 上传成功: output/sync_meta/sync_meta_4ae831e3-0263-4912-b1f5-379b2263c7ad.json
[22:26:18][INFO][同步项目开发记录] 上传成功: output/log/2026-08-10.log
[22:26:18][INFO][同步项目开发记录] 上传成功: output/sync_meta/sync_meta_4ae831e3-0263-4912-b1f5-379b2263c7ad.json
[22:26:23][INFO][同步项目开发记录] 上传成功: output/log/2026-08-10.log
[22:26:23][INFO][同步项目开发记录] 上传成功: output/sync_meta/sync_meta_4ae831e3-0263-4912-b1f5-379b2263c7ad.json
[22:26:28][INFO][同步项目开发记录] 上传成功: output/log/2026-08-10.log
[22:26:28][INFO][同步项目开发记录] 上传成功: output/sync_meta/sync_meta_4ae831e3-0263-4912-b1f5-379b2263c7ad.json
[22:26:33][INFO][同步项目开发记录] 上传成功: output/log/2026-08-10.log
[22:26:33][INFO][同步项目开发记录] 上传成功: output/sync_meta/sync_meta_4ae831e3-0263-4912-b1f5-379b2263c7ad.json
[22:26:38][INFO][同步项目开发记录] 上传成功: output/log/2026-08-10.log
[22:26:38][INFO][同步项目开发记录] 上传成功: output/sync_meta/sync_meta_4ae831e3-0263-4912-b1f5-379b2263c7ad.json
[22:26:43][INFO][同步项目开发记录] 上传成功: output/log/2026-08-10.log
[22:26:43][INFO][同步项目开发记录] 上传成功: output/sync_meta/sync_meta_4ae831e3-0263-4912-b1f5-379b2263c7ad.json
[22:26:48][INFO][同步项目开发记录] 上传成功: output/log/2026-08-10.log
[22:26:48][INFO][同步项目开发记录] 上传成功: output/sync_meta/sync_meta_4ae831e3-0263-4912-b1f5-379b2263c7ad.json
[22:26:53][INFO][同步项目开发记录] 上传成功: output/log/2026-08-10.log
[22:26:53][INFO][同步项目开发记录] 上传成功: output/sync_meta/sync_meta_4ae831e3-0263-4912-b1f5-379b2263c7ad.json
[22:26:58][INFO][同步项目开发记录] 上传成功: output/log/2026-08-10.log
[22:26:58][INFO][同步项目开发记录] 上传成功: output/sync_meta/sync_meta_4ae831e3-0263-4912-b1f5-379b2263c7ad.json
[22:27:03][INFO][同步项目开发记录] 上传成功: output/log/2026-08-10.log
[22:27:03][INFO][同步项目开发记录] 上传成功: output/sync_meta/sync_meta_4ae831e3-0263-4912-b1f5-379b2263c7ad.json
[22:27:08][INFO][同步项目开发记录] 上传成功: output/log/2026-08-10.log
[22:27:08][INFO][同步项目开发记录] 上传成功: output/sync_meta/sync_meta_4ae831e3-0263-4912-b1f5-379b2263c7ad.json
[22:27:13][INFO][同步项目开发记录] 上传成功: output/log/2026-08-10.log
[22:27:13][INFO][同步项目开发记录] 上传成功: output/sync_meta/sync_meta_4ae831e3-0263-4912-b1f5-379b2263c7ad.json
[22:27:18][INFO][同步项目开发记录] 上传成功: output/log/2026-08-10.log
[22:27:18][INFO][同步项目开发记录] 上传成功: output/sync_meta/sync_meta_4ae831e3-0263-4912-b1f5-379b2263c7ad.json
[22:27:23][INFO][同步项目开发记录] 上传成功: output/log/2026-08-10.log
[22:27:23][INFO][同步项目开发记录] 上传成功: output/sync_meta/sync_meta_4ae831e3-0263-4912-b1f5-379b2263c7ad.json
[22:27:28][INFO][同步项目开发记录] 上传成功: output/log/2026-08-10.log
[22:27:28][INFO][同步项目开发记录] 上传成功: output/sync_meta/sync_meta_4ae831e3-0263-4912-b1f5-379b2263c7ad.json
[22:27:33][INFO][同步项目开发记录] 上传成功: output/log/2026-08-10.log
[22:27:33][INFO][同步项目开发记录] 上传成功: output/sync_meta/sync_meta_4ae831e3-0263-4912-b1f5-379b2263c7ad.json
[22:27:38][INFO][同步项目开发记录] 上传成功: output/log/2026-08-10.log
[22:27:38][INFO][同步项目开发记录] 上传成功: output/sync_meta/sync_meta_4ae831e3-0263-4912-b1f5-379b2263c7ad.json
[22:27:43][INFO][同步项目开发记录] 上传成功: output/log/2026-08-10.log
[22:27:43][INFO][同步项目开发记录] 上传成功: output/sync_meta/sync_meta_4ae831e3-0263-4912-b1f5-379b2263c7ad.json
[22:27:48][INFO][同步项目开发记录] 上传成功: output/log/2026-08-10.log
[22:27:48][INFO][同步项目开发记录] 上传成功: output/sync_meta/sync_meta_4ae831e3-0263-4912-b1f5-379b2263c7ad.json
[22:27:53][INFO][同步项目开发记录] 上传成功: output/log/2026-08-10.log
[22:27:53][INFO][同步项目开发记录] 上传成功: output/sync_meta/sync_meta_4ae831e3-0263-4912-b1f5-379b2263c7ad.json
[22:27:58][INFO][同步项目开发记录] 上传成功: output/log/2026-08-10.log
[22:27:58][INFO][同步项目开发记录] 上传成功: output/sync_meta/sync_meta_4ae831e3-0263-4912-b1f5-379b2263c7ad.json
[22:28:03][INFO][同步项目开发记录] 上传成功: output/log/2026-08-10.log
[22:28:03][INFO][同步项目开发记录] 上传成功: output/sync_meta/sync_meta_4ae831e3-0263-4912-b1f5-379b2263c7ad.json
[22:28:08][INFO][同步项目开发记录] 上传成功: output/log/2026-08-10.log
[22:28:08][INFO][同步项目开发记录] 上传成功: output/sync_meta/sync_meta_4ae831e3-0263-4912-b1f5-379b2263c7ad.json
[22:28:13][INFO][同步项目开发记录] 上传成功: output/log/2026-08-10.log
[22:28:13][INFO][同步项目开发记录] 上传成功: output/sync_meta/sync_meta_4ae831e3-0263-4912-b1f5-379b2263c7ad.json
[22:28:18][INFO][同步项目开发记录] 上传成功: output/log/2026-08-10.log
[22:28:18][INFO][同步项目开发记录] 上传成功: output/sync_meta/sync_meta_4ae831e3-0263-4912-b1f5-379b2263c7ad.json
[22:28:23][INFO][同步项目开发记录] 上传成功: output/log/2026-08-10.log
[22:28:23][INFO][同步项目开发记录] 上传成功: output/sync_meta/sync_meta_4ae831e3-0263-4912-b1f5-379b2263c7ad.json
[22:28:28][INFO][同步项目开发记录] 上传成功: output/log/2026-08-10.log
[22:28:28][INFO][同步项目开发记录] 上传成功: output/sync_meta/sync_meta_4ae831e3-0263-4912-b1f5-379b2263c7ad.json
[22:28:33][INFO][同步项目开发记录] 上传成功: output/log/2026-08-10.log
[22:28:33][INFO][同步项目开发记录] 上传成功: output/sync_meta/sync_meta_4ae831e3-0263-4912-b1f5-379b2263c7ad.json
[22:28:38][INFO][同步项目开发记录] 上传成功: output/log/2026-08-10.log
[22:28:38][INFO][同步项目开发记录] 上传成功: output/sync_meta/sync_meta_4ae831e3-0263-4912-b1f5-379b2263c7ad.json
[22:28:43][INFO][同步项目开发记录] 上传成功: output/log/2026-08-10.log
[22:28:43][INFO][同步项目开发记录] 上传成功: output/sync_meta/sync_meta_4ae831e3-0263-4912-b1f5-379b2263c7ad.json
[22:28:48][INFO][同步项目开发记录] 上传成功: output/log/2026-08-10.log
[22:28:48][INFO][同步项目开发记录] 上传成功: output/sync_meta/sync_meta_4ae831e3-0263-4912-b1f5-379b2263c7ad.json
[22:28:53][INFO][同步项目开发记录] 上传成功: output/log/2026-08-10.log
[22:28:53][INFO][同步项目开发记录] 上传成功: output/sync_meta/sync_meta_4ae831e3-0263-4912-b1f5-379b2263c7ad.json
[22:28:58][INFO][同步项目开发记录] 上传成功: output/log/2026-08-10.log
[22:28:58][INFO][同步项目开发记录] 上传成功: output/sync_meta/sync_meta_4ae831e3-0263-4912-b1f5-379b2263c7ad.json
[22:29:03][INFO][同步项目开发记录] 上传成功: output/log/2026-08-10.log
[22:29:03][INFO][同步项目开发记录] 上传成功: output/sync_meta/sync_meta_4ae831e3-0263-4912-b1f5-379b2263c7ad.json
[22:29:08][INFO][同步项目开发记录] 上传成功: output/log/2026-08-10.log
[22:29:08][INFO][同步项目开发记录] 上传成功: output/sync_meta/sync_meta_4ae831e3-0263-4912-b1f5-379b2263c7ad.json
[22:29:13][INFO][同步项目开发记录] 上传成功: output/log/2026-08-10.log
[22:29:13][INFO][同步项目开发记录] 上传成功: output/sync_meta/sync_meta_4ae831e3-0263-4912-b1f5-379b2263c7ad.json
[22:29:18][INFO][同步项目开发记录] 上传成功: output/log/2026-08-10.log
[22:29:18][INFO][同步项目开发记录] 上传成功: output/sync_meta/sync_meta_4ae831e3-0263-4912-b1f5-379b2263c7ad.json
[22:29:23][INFO][同步项目开发记录] 上传成功: output/log/2026-08-10.log
[22:29:23][INFO][同步项目开发记录] 上传成功: output/sync_meta/sync_meta_4ae831e3-0263-4912-b1f5-379b2263c7ad.json
[22:29:28][INFO][同步项目开发记录] 上传成功: output/log/2026-08-10.log
[22:29:28][INFO][同步项目开发记录] 上传成功: output/sync_meta/sync_meta_4ae831e3-0263-4912-b1f5-379b2263c7ad.json
[22:29:33][INFO][同步项目开发记录] 上传成功: output/log/2026-08-10.log
[22:29:33][INFO][同步项目开发记录] 上传成功: output/sync_meta/sync_meta_4ae831e3-0263-4912-b1f5-379b2263c7ad.json
[22:29:38][INFO][同步项目开发记录] 上传成功: output/log/2026-08-10.log
[22:29:38][INFO][同步项目开发记录] 上传成功: output/sync_meta/sync_meta_4ae831e3-0263-4912-b1f5-379b2263c7ad.json
[22:29:43][INFO][同步项目开发记录] 上传成功: output/log/2026-08-10.log
[22:29:43][INFO][同步项目开发记录] 上传成功: output/sync_meta/sync_meta_4ae831e3-0263-4912-b1f5-379b2263c7ad.json
[22:29:48][INFO][同步项目开发记录] 上传成功: output/log/2026-08-10.log
[22:29:48][INFO][同步项目开发记录] 上传成功: output/sync_meta/sync_meta_4ae831e3-0263-4912-b1f5-379b2263c7ad.json
[22:29:53][INFO][同步项目开发记录] 上传成功: output/log/2026-08-10.log
[22:29:53][INFO][同步项目开发记录] 上传成功: output/sync_meta/sync_meta_4ae831e3-0263-4912-b1f5-379b2263c7ad.json
[22:29:58][INFO][同步项目开发记录] 上传成功: output/log/2026-08-10.log
[22:29:58][INFO][同步项目开发记录] 上传成功: output/sync_meta/sync_meta_4ae831e3-0263-4912-b1f5-379b2263c7ad.json
[22:30:03][INFO][同步项目开发记录] 上传成功: output/log/2026-08-10.log
[22:30:03][INFO][同步项目开发记录] 上传成功: output/sync_meta/sync_meta_4ae831e3-0263-4912-b1f5-379b2263c7ad.json
[22:30:08][INFO][同步项目开发记录] 上传成功: output/log/2026-08-10.log
[22:30:08][INFO][同步项目开发记录] 上传成功: output/sync_meta/sync_meta_4ae831e3-0263-4912-b1f5-379b2263c7ad.json
[22:30:13][INFO][同步项目开发记录] 上传成功: output/log/2026-08-10.log
[22:30:13][INFO][同步项目开发记录] 上传成功: output/sync_meta/sync_meta_4ae831e3-0263-4912-b1f5-379b2263c7ad.json
[22:30:18][INFO][同步项目开发记录] 上传成功: output/log/2026-08-10.log
[22:30:18][INFO][同步项目开发记录] 上传成功: output/sync_meta/sync_meta_4ae831e3-0263-4912-b1f5-379b2263c7ad.json
[22:30:23][INFO][同步项目开发记录] 上传成功: output/log/2026-08-10.log
[22:30:23][INFO][同步项目开发记录] 上传成功: output/sync_meta/sync_meta_4ae831e3-0263-4912-b1f5-379b2263c7ad.json
[22:30:28][INFO][同步项目开发记录] 上传成功: output/log/2026-08-10.log
[22:30:28][INFO][同步项目开发记录] 上传成功: output/sync_meta/sync_meta_4ae831e3-0263-4912-b1f5-379b2263c7ad.json
[22:30:33][INFO][同步项目开发记录] 上传成功: output/log/2026-08-10.log
[22:30:33][INFO][同步项目开发记录] 上传成功: output/sync_meta/sync_meta_4ae831e3-0263-4912-b1f5-379b2263c7ad.json
[22:30:38][INFO][同步项目开发记录] 上传成功: output/log/2026-08-10.log
[22:30:38][INFO][同步项目开发记录] 上传成功: output/sync_meta/sync_meta_4ae831e3-0263-4912-b1f5-379b2263c7ad.json
[22:30:43][INFO][同步项目开发记录] 上传成功: output/log/2026-08-10.log
[22:30:43][INFO][同步项目开发记录] 上传成功: output/sync_meta/sync_meta_4ae831e3-0263-4912-b1f5-379b2263c7ad.json
[22:30:48][INFO][同步项目开发记录] 上传成功: output/log/2026-08-10.log
[22:30:48][INFO][同步项目开发记录] 上传成功: output/sync_meta/sync_meta_4ae831e3-0263-4912-b1f5-379b2263c7ad.json
[22:30:53][INFO][同步项目开发记录] 上传成功: output/log/2026-08-10.log
[22:30:53][INFO][同步项目开发记录] 上传成功: output/sync_meta/sync_meta_4ae831e3-0263-4912-b1f5-379b2263c7ad.json
[22:30:58][INFO][同步项目开发记录] 上传成功: output/log/2026-08-10.log
[22:30:58][INFO][同步项目开发记录] 上传成功: output/sync_meta/sync_meta_4ae831e3-0263-4912-b1f5-379b2263c7ad.json
[22:31:03][INFO][同步项目开发记录] 上传成功: output/log/2026-08-10.log
[22:31:03][INFO][同步项目开发记录] 上传成功: output/sync_meta/sync_meta_4ae831e3-0263-4912-b1f5-379b2263c7ad.json
[22:31:08][INFO][同步项目开发记录] 上传成功: output/log/2026-08-10.log
[22:31:08][INFO][同步项目开发记录] 上传成功: output/sync_meta/sync_meta_4ae831e3-0263-4912-b1f5-379b2263c7ad.json
[22:31:13][INFO][同步项目开发记录] 上传成功: output/log/2026-08-10.log
[22:31:13][INFO][同步项目开发记录] 上传成功: output/sync_meta/sync_meta_4ae831e3-0263-4912-b1f5-379b2263c7ad.json
[22:31:18][INFO][同步项目开发记录] 上传成功: output/log/2026-08-10.log
[22:31:18][INFO][同步项目开发记录] 上传成功: output/sync_meta/sync_meta_4ae831e3-0263-4912-b1f5-379b2263c7ad.json
[22:31:23][INFO][同步项目开发记录] 上传成功: output/log/2026-08-10.log
[22:31:23][INFO][同步项目开发记录] 上传成功: output/sync_meta/sync_meta_4ae831e3-0263-4912-b1f5-379b2263c7ad.json
[22:31:28][INFO][同步项目开发记录] 上传成功: output/log/2026-08-10.log
[22:31:28][INFO][同步项目开发记录] 上传成功: output/sync_meta/sync_meta_4ae831e3-0263-4912-b1f5-379b2263c7ad.json
[22:31:33][INFO][同步项目开发记录] 上传成功: output/log/2026-08-10.log
[22:31:33][INFO][同步项目开发记录] 上传成功: output/sync_meta/sync_meta_4ae831e3-0263-4912-b1f5-379b2263c7ad.json
[22:31:38][INFO][同步项目开发记录] 上传成功: output/log/2026-08-10.log
[22:31:38][INFO][同步项目开发记录] 上传成功: output/sync_meta/sync_meta_4ae831e3-0263-4912-b1f5-379b2263c7ad.json
[22:31:43][INFO][同步项目开发记录] 上传成功: output/log/2026-08-10.log
[22:31:43][INFO][同步项目开发记录] 上传成功: output/sync_meta/sync_meta_4ae831e3-0263-4912-b1f5-379b2263c7ad.json
[22:31:48][INFO][同步项目开发记录] 上传成功: output/log/2026-08-10.log
[22:31:48][INFO][同步项目开发记录] 上传成功: output/sync_meta/sync_meta_4ae831e3-0263-4912-b1f5-379b2263c7ad.json
[22:31:53][INFO][同步项目开发记录] 上传成功: output/log/2026-08-10.log
[22:31:53][INFO][同步项目开发记录] 上传成功: output/sync_meta/sync_meta_4ae831e3-0263-4912-b1f5-379b2263c7ad.json
[22:31:58][INFO][同步项目开发记录] 上传成功: output/log/2026-08-10.log
[22:31:58][INFO][同步项目开发记录] 上传成功: output/sync_meta/sync_meta_4ae831e3-0263-4912-b1f5-379b2263c7ad.json
[22:32:03][INFO][同步项目开发记录] 上传成功: output/log/2026-08-10.log
[22:32:03][INFO][同步项目开发记录] 上传成功: output/sync_meta/sync_meta_4ae831e3-0263-4912-b1f5-379b2263c7ad.json
[22:32:08][INFO][同步项目开发记录] 上传成功: output/log/2026-08-10.log
[22:32:08][INFO][同步项目开发记录] 上传成功: output/sync_meta/sync_meta_4ae831e3-0263-4912-b1f5-379b2263c7ad.json
[22:32:13][INFO][同步项目开发记录] 上传成功: output/log/2026-08-10.log
[22:32:13][INFO][同步项目开发记录] 上传成功: output/sync_meta/sync_meta_4ae831e3-0263-4912-b1f5-379b2263c7ad.json
[22:32:18][INFO][同步项目开发记录] 上传成功: output/log/2026-08-10.log
[22:32:18][INFO][同步项目开发记录] 上传成功: output/sync_meta/sync_meta_4ae831e3-0263-4912-b1f5-379b2263c7ad.json
[22:32:23][INFO][同步项目开发记录] 上传成功: output/log/2026-08-10.log
[22:32:23][INFO][同步项目开发记录] 上传成功: output/sync_meta/sync_meta_4ae831e3-0263-4912-b1f5-379b2263c7ad.json
[22:32:28][INFO][同步项目开发记录] 上传成功: output/log/2026-08-10.log
[22:32:28][INFO][同步项目开发记录] 上传成功: output/sync_meta/sync_meta_4ae831e3-0263-4912-b1f5-379b2263c7ad.json
[22:32:33][INFO][同步项目开发记录] 上传成功: output/log/2026-08-10.log
[22:32:33][INFO][同步项目开发记录] 上传成功: output/sync_meta/sync_meta_4ae831e3-0263-4912-b1f5-379b2263c7ad.json
[22:32:38][INFO][同步项目开发记录] 上传成功: output/log/2026-08-10.log
[22:32:38][INFO][同步项目开发记录] 上传成功: output/sync_meta/sync_meta_4ae831e3-0263-4912-b1f5-379b2263c7ad.json
[22:32:43][INFO][同步项目开发记录] 上传成功: output/log/2026-08-10.log
[22:32:43][INFO][同步项目开发记录] 上传成功: output/sync_meta/sync_meta_4ae831e3-0263-4912-b1f5-379b2263c7ad.json
[22:32:48][INFO][同步项目开发记录] 上传成功: output/log/2026-08-10.log
[22:32:48][INFO][同步项目开发记录] 上传成功: output/sync_meta/sync_meta_4ae831e3-0263-4912-b1f5-379b2263c7ad.json
[22:32:53][INFO][同步项目开发记录] 上传成功: output/log/2026-08-10.log
[22:32:53][INFO][同步项目开发记录] 上传成功: output/sync_meta/sync_meta_4ae831e3-0263-4912-b1f5-379b2263c7ad.json
[22:32:58][INFO][同步项目开发记录] 上传成功: output/log/2026-08-10.log
[22:32:58][INFO][同步项目开发记录] 上传成功: output/sync_meta/sync_meta_4ae831e3-0263-4912-b1f5-379b2263c7ad.json
[22:33:03][INFO][同步项目开发记录] 上传成功: output/log/2026-08-10.log
[22:33:03][INFO][同步项目开发记录] 上传成功: output/sync_meta/sync_meta_4ae831e3-0263-4912-b1f5-379b2263c7ad.json
[22:33:08][INFO][同步项目开发记录] 上传成功: output/log/2026-08-10.log
[22:33:08][INFO][同步项目开发记录] 上传成功: output/sync_meta/sync_meta_4ae831e3-0263-4912-b1f5-379b2263c7ad.json
[22:33:13][INFO][同步项目开发记录] 上传成功: output/log/2026-08-10.log
[22:33:13][INFO][同步项目开发记录] 上传成功: output/sync_meta/sync_meta_4ae831e3-0263-4912-b1f5-379b2263c7ad.json
[22:33:18][INFO][同步项目开发记录] 上传成功: output/log/2026-08-10.log
[22:33:18][INFO][同步项目开发记录] 上传成功: output/sync_meta/sync_meta_4ae831e3-0263-4912-b1f5-379b2263c7ad.json
[22:33:23][INFO][同步项目开发记录] 上传成功: output/log/2026-08-10.log
[22:33:23][INFO][同步项目开发记录] 上传成功: output/sync_meta/sync_meta_4ae831e3-0263-4912-b1f5-379b2263c7ad.json
[22:33:28][INFO][同步项目开发记录] 上传成功: output/log/2026-08-10.log
[22:33:28][INFO][同步项目开发记录] 上传成功: output/sync_meta/sync_meta_4ae831e3-0263-4912-b1f5-379b2263c7ad.json
[22:33:33][INFO][同步项目开发记录] 上传成功: output/log/2026-08-10.log
[22:33:33][INFO][同步项目开发记录] 上传成功: output/sync_meta/sync_meta_4ae831e3-0263-4912-b1f5-379b2263c7ad.json
[22:33:38][INFO][同步项目开发记录] 上传成功: output/log/2026-08-10.log
[22:33:38][INFO][同步项目开发记录] 上传成功: output/sync_meta/sync_meta_4ae831e3-0263-4912-b1f5-379b2263c7ad.json
[22:33:43][INFO][同步项目开发记录] 上传成功: output/log/2026-08-10.log
[22:33:43][INFO][同步项目开发记录] 上传成功: output/sync_meta/sync_meta_4ae831e3-0263-4912-b1f5-379b2263c7ad.json
[22:33:48][INFO][同步项目开发记录] 上传成功: output/log/2026-08-10.log
[22:33:48][INFO][同步项目开发记录] 上传成功: output/sync_meta/sync_meta_4ae831e3-0263-4912-b1f5-379b2263c7ad.json
[22:33:53][INFO][同步项目开发记录] 上传成功: output/log/2026-08-10.log
[22:33:53][INFO][同步项目开发记录] 上传成功: output/sync_meta/sync_meta_4ae831e3-0263-4912-b1f5-379b2263c7ad.json
[22:33:58][INFO][同步项目开发记录] 上传成功: output/log/2026-08-10.log
[22:33:58][INFO][同步项目开发记录] 上传成功: output/sync_meta/sync_meta_4ae831e3-0263-4912-b1f5-379b2263c7ad.json
[22:34:03][INFO][同步项目开发记录] 上传成功: output/log/2026-08-10.log
[22:34:03][INFO][同步项目开发记录] 上传成功: output/sync_meta/sync_meta_4ae831e3-0263-4912-b1f5-379b2263c7ad.json
[22:34:08][INFO][同步项目开发记录] 上传成功: output/log/2026-08-10.log
[22:34:08][INFO][同步项目开发记录] 上传成功: output/sync_meta/sync_meta_4ae831e3-0263-4912-b1f5-379b2263c7ad.json
[22:34:13][INFO][同步项目开发记录] 上传成功: output/log/2026-08-10.log
[22:34:13][INFO][同步项目开发记录] 上传成功: output/sync_meta/sync_meta_4ae831e3-0263-4912-b1f5-379b2263c7ad.json
[22:34:18][INFO][同步项目开发记录] 上传成功: output/log/2026-08-10.log
[22:34:18][INFO][同步项目开发记录] 上传成功: output/sync_meta/sync_meta_4ae831e3-0263-4912-b1f5-379b2263c7ad.json
[22:34:23][INFO][同步项目开发记录] 上传成功: output/log/2026-08-10.log
[22:34:23][INFO][同步项目开发记录] 上传成功: output/sync_meta/sync_meta_4ae831e3-0263-4912-b1f5-379b2263c7ad.json
[22:34:28][INFO][同步项目开发记录] 上传成功: output/log/2026-08-10.log
[22:34:28][INFO][同步项目开发记录] 上传成功: output/sync_meta/sync_meta_4ae831e3-0263-4912-b1f5-379b2263c7ad.json
[22:34:33][INFO][同步项目开发记录] 上传成功: output/log/2026-08-10.log
[22:34:33][INFO][同步项目开发记录] 上传成功: output/sync_meta/sync_meta_4ae831e3-0263-4912-b1f5-379b2263c7ad.json
[22:34:38][INFO][同步项目开发记录] 上传成功: output/log/2026-08-10.log
[22:34:38][INFO][同步项目开发记录] 上传成功: output/sync_meta/sync_meta_4ae831e3-0263-4912-b1f5-379b2263c7ad.json
[22:34:43][INFO][同步项目开发记录] 上传成功: output/log/2026-08-10.log
[22:34:43][INFO][同步项目开发记录] 上传成功: output/sync_meta/sync_meta_4ae831e3-0263-4912-b1f5-379b2263c7ad.json
[22:34:48][INFO][同步项目开发记录] 上传成功: output/log/2026-08-10.log
[22:34:48][INFO][同步项目开发记录] 上传成功: output/sync_meta/sync_meta_4ae831e3-0263-4912-b1f5-379b2263c7ad.json
[22:34:53][INFO][同步项目开发记录] 上传成功: output/log/2026-08-10.log
[22:34:53][INFO][同步项目开发记录] 上传成功: output/sync_meta/sync_meta_4ae831e3-0263-4912-b1f5-379b2263c7ad.json
[22:34:58][INFO][同步项目开发记录] 上传成功: output/log/2026-08-10.log
[22:34:58][INFO][同步项目开发记录] 上传成功: output/sync_meta/sync_meta_4ae831e3-0263-4912-b1f5-379b2263c7ad.json
[22:35:03][INFO][同步项目开发记录] 上传成功: output/log/2026-08-10.log
[22:35:03][INFO][同步项目开发记录] 上传成功: output/sync_meta/sync_meta_4ae831e3-0263-4912-b1f5-379b2263c7ad.json
[22:35:08][INFO][同步项目开发记录] 上传成功: output/log/2026-08-10.log
[22:35:08][INFO][同步项目开发记录] 上传成功: output/sync_meta/sync_meta_4ae831e3-0263-4912-b1f5-379b2263c7ad.json
[22:35:13][INFO][同步项目开发记录] 上传成功: output/log/2026-08-10.log
[22:35:13][INFO][同步项目开发记录] 上传成功: output/sync_meta/sync_meta_4ae831e3-0263-4912-b1f5-379b2263c7ad.json
[22:35:18][INFO][同步项目开发记录] 上传成功: output/log/2026-08-10.log
[22:35:18][INFO][同步项目开发记录] 上传成功: output/sync_meta/sync_meta_4ae831e3-0263-4912-b1f5-379b2263c7ad.json
[22:35:23][INFO][同步项目开发记录] 上传成功: output/log/2026-08-10.log
[22:35:23][INFO][同步项目开发记录] 上传成功: output/sync_meta/sync_meta_4ae831e3-0263-4912-b1f5-379b2263c7ad.json
[22:35:28][INFO][同步项目开发记录] 上传成功: output/log/2026-08-10.log
[22:35:28][INFO][同步项目开发记录] 上传成功: output/sync_meta/sync_meta_4ae831e3-0263-4912-b1f5-379b2263c7ad.json
[22:35:33][INFO][同步项目开发记录] 上传成功: output/log/2026-08-10.log
[22:35:33][INFO][同步项目开发记录] 上传成功: output/sync_meta/sync_meta_4ae831e3-0263-4912-b1f5-379b2263c7ad.json
[22:35:38][INFO][同步项目开发记录] 上传成功: output/log/2026-08-10.log
[22:35:38][INFO][同步项目开发记录] 上传成功: output/sync_meta/sync_meta_4ae831e3-0263-4912-b1f5-379b2263c7ad.json
[22:35:43][INFO][同步项目开发记录] 上传成功: output/log/2026-08-10.log
[22:35:43][INFO][同步项目开发记录] 上传成功: output/sync_meta/sync_meta_4ae831e3-0263-4912-b1f5-379b2263c7ad.json
[22:35:48][INFO][同步项目开发记录] 上传成功: output/log/2026-08-10.log
[22:35:48][INFO][同步项目开发记录] 上传成功: output/sync_meta/sync_meta_4ae831e3-0263-4912-b1f5-379b2263c7ad.json
[22:35:53][INFO][同步项目开发记录] 上传成功: output/log/2026-08-10.log
[22:35:53][INFO][同步项目开发记录] 上传成功: output/sync_meta/sync_meta_4ae831e3-0263-4912-b1f5-379b2263c7ad.json
[22:35:58][INFO][同步项目开发记录] 上传成功: output/log/2026-08-10.log
[22:35:58][INFO][同步项目开发记录] 上传成功: output/sync_meta/sync_meta_4ae831e3-0263-4912-b1f5-379b2263c7ad.json
[22:36:03][INFO][同步项目开发记录] 上传成功: output/log/2026-08-10.log
[22:36:03][INFO][同步项目开发记录] 上传成功: output/sync_meta/sync_meta_4ae831e3-0263-4912-b1f5-379b2263c7ad.json
[22:36:08][INFO][同步项目开发记录] 上传成功: output/log/2026-08-10.log
[22:36:08][INFO][同步项目开发记录] 上传成功: output/sync_meta/sync_meta_4ae831e3-0263-4912-b1f5-379b2263c7ad.json
[22:36:13][INFO][同步项目开发记录] 上传成功: output/log/2026-08-10.log
[22:36:13][INFO][同步项目开发记录] 上传成功: output/sync_meta/sync_meta_4ae831e3-0263-4912-b1f5-379b2263c7ad.json
[22:36:18][INFO][同步项目开发记录] 上传成功: output/log/2026-08-10.log
[22:36:18][INFO][同步项目开发记录] 上传成功: output/sync_meta/sync_meta_4ae831e3-0263-4912-b1f5-379b2263c7ad.json
[22:36:23][INFO][同步项目开发记录] 上传成功: output/log/2026-08-10.log
[22:36:23][INFO][同步项目开发记录] 上传成功: output/sync_meta/sync_meta_4ae831e3-0263-4912-b1f5-379b2263c7ad.json
[22:36:28][INFO][同步项目开发记录] 上传成功: output/log/2026-08-10.log
[22:36:28][INFO][同步项目开发记录] 上传成功: output/sync_meta/sync_meta_4ae831e3-0263-4912-b1f5-379b2263c7ad.json
[22:36:33][INFO][同步项目开发记录] 上传成功: output/log/2026-08-10.log
[22:36:33][INFO][同步项目开发记录] 上传成功: output/sync_meta/sync_meta_4ae831e3-0263-4912-b1f5-379b2263c7ad.json
[22:36:38][INFO][同步项目开发记录] 上传成功: output/log/2026-08-10.log
[22:36:38][INFO][同步项目开发记录] 上传成功: output/sync_meta/sync_meta_4ae831e3-0263-4912-b1f5-379b2263c7ad.json
[22:36:43][INFO][同步项目开发记录] 上传成功: output/log/2026-08-10.log
[22:36:43][INFO][同步项目开发记录] 上传成功: output/sync_meta/sync_meta_4ae831e3-0263-4912-b1f5-379b2263c7ad.json
[22:36:48][INFO][同步项目开发记录] 上传成功: output/log/2026-08-10.log
[22:36:48][INFO][同步项目开发记录] 上传成功: output/sync_meta/sync_meta_4ae831e3-0263-4912-b1f5-379b2263c7ad.json
[22:36:53][INFO][同步项目开发记录] 上传成功: output/log/2026-08-10.log
[22:36:53][INFO][同步项目开发记录] 上传成功: output/sync_meta/sync_meta_4ae831e3-0263-4912-b1f5-379b2263c7ad.json
[22:36:58][INFO][同步项目开发记录] 上传成功: output/log/2026-08-10.log
[22:36:58][INFO][同步项目开发记录] 上传成功: output/sync_meta/sync_meta_4ae831e3-0263-4912-b1f5-379b2263c7ad.json
[22:37:03][INFO][同步项目开发记录] 上传成功: output/log/2026-08-10.log
[22:37:03][INFO][同步项目开发记录] 上传成功: output/sync_meta/sync_meta_4ae831e3-0263-4912-b1f5-379b2263c7ad.json
[22:37:08][INFO][同步项目开发记录] 上传成功: output/log/2026-08-10.log
[22:37:08][INFO][同步项目开发记录] 上传成功: output/sync_meta/sync_meta_4ae831e3-0263-4912-b1f5-379b2263c7ad.json
[22:37:13][INFO][同步项目开发记录] 上传成功: output/log/2026-08-10.log
[22:37:13][INFO][同步项目开发记录] 上传成功: output/sync_meta/sync_meta_4ae831e3-0263-4912-b1f5-379b2263c7ad.json
[22:37:18][INFO][同步项目开发记录] 上传成功: output/log/2026-08-10.log
[22:37:18][INFO][同步项目开发记录] 上传成功: output/sync_meta/sync_meta_4ae831e3-0263-4912-b1f5-379b2263c7ad.json
[22:37:23][INFO][同步项目开发记录] 上传成功: output/log/2026-08-10.log
[22:37:23][INFO][同步项目开发记录] 上传成功: output/sync_meta/sync_meta_4ae831e3-0263-4912-b1f5-379b2263c7ad.json
[22:37:28][INFO][同步项目开发记录] 上传成功: output/log/2026-08-10.log
[22:37:28][INFO][同步项目开发记录] 上传成功: output/sync_meta/sync_meta_4ae831e3-0263-4912-b1f5-379b2263c7ad.json
[22:37:33][INFO][同步项目开发记录] 上传成功: output/log/2026-08-10.log
[22:37:33][INFO][同步项目开发记录] 上传成功: output/sync_meta/sync_meta_4ae831e3-0263-4912-b1f5-379b2263c7ad.json
[22:37:38][INFO][同步项目开发记录] 上传成功: output/log/2026-08-10.log
[22:37:38][INFO][同步项目开发记录] 上传成功: output/sync_meta/sync_meta_4ae831e3-0263-4912-b1f5-379b2263c7ad.json
[22:37:43][INFO][同步项目开发记录] 上传成功: output/log/2026-08-10.log
[22:37:43][INFO][同步项目开发记录] 上传成功: output/sync_meta/sync_meta_4ae831e3-0263-4912-b1f5-379b2263c7ad.json
[22:37:48][INFO][同步项目开发记录] 上传成功: output/log/2026-08-10.log
[22:37:48][INFO][同步项目开发记录] 上传成功: output/sync_meta/sync_meta_4ae831e3-0263-4912-b1f5-379b2263c7ad.json
[22:37:53][INFO][同步项目开发记录] 上传成功: output/log/2026-08-10.log
[22:37:53][INFO][同步项目开发记录] 上传成功: output/sync_meta/sync_meta_4ae831e3-0263-4912-b1f5-379b2263c7ad.json
[22:37:58][INFO][同步项目开发记录] 上传成功: output/log/2026-08-10.log
[22:37:58][INFO][同步项目开发记录] 上传成功: output/sync_meta/sync_meta_4ae831e3-0263-4912-b1f5-379b2263c7ad.json
[22:38:03][INFO][同步项目开发记录] 上传成功: output/log/2026-08-10.log
[22:38:03][INFO][同步项目开发记录] 上传成功: output/sync_meta/sync_meta_4ae831e3-0263-4912-b1f5-379b2263c7ad.json
[22:38:08][INFO][同步项目开发记录] 上传成功: output/log/2026-08-10.log
[22:38:08][INFO][同步项目开发记录] 上传成功: output/sync_meta/sync_meta_4ae831e3-0263-4912-b1f5-379b2263c7ad.json
[22:38:13][INFO][同步项目开发记录] 上传成功: output/log/2026-08-10.log
[22:38:13][INFO][同步项目开发记录] 上传成功: output/sync_meta/sync_meta_4ae831e3-0263-4912-b1f5-379b2263c7ad.json
[22:38:18][INFO][同步项目开发记录] 上传成功: output/log/2026-08-10.log
[22:38:18][INFO][同步项目开发记录] 上传成功: output/sync_meta/sync_meta_4ae831e3-0263-4912-b1f5-379b2263c7ad.json
[22:38:23][INFO][同步项目开发记录] 上传成功: output/log/2026-08-10.log
[22:38:23][INFO][同步项目开发记录] 上传成功: output/sync_meta/sync_meta_4ae831e3-0263-4912-b1f5-379b2263c7ad.json
[22:38:28][INFO][同步项目开发记录] 上传成功: output/log/2026-08-10.log
[22:38:28][INFO][同步项目开发记录] 上传成功: output/sync_meta/sync_meta_4ae831e3-0263-4912-b1f5-379b2263c7ad.json
[22:38:33][INFO][同步项目开发记录] 上传成功: output/log/2026-08-10.log
[22:38:33][INFO][同步项目开发记录] 上传成功: output/sync_meta/sync_meta_4ae831e3-0263-4912-b1f5-379b2263c7ad.json
[22:38:38][INFO][同步项目开发记录] 上传成功: output/log/2026-08-10.log
[22:38:38][INFO][同步项目开发记录] 上传成功: output/sync_meta/sync_meta_4ae831e3-0263-4912-b1f5-379b2263c7ad.json
[22:38:43][INFO][同步项目开发记录] 上传成功: output/log/2026-08-10.log
[22:38:43][INFO][同步项目开发记录] 上传成功: output/sync_meta/sync_meta_4ae831e3-0263-4912-b1f5-379b2263c7ad.json
[22:38:48][INFO][同步项目开发记录] 上传成功: output/log/2026-08-10.log
[22:38:48][INFO][同步项目开发记录] 上传成功: output/sync_meta/sync_meta_4ae831e3-0263-4912-b1f5-379b2263c7ad.json
[22:38:53][INFO][同步项目开发记录] 上传成功: output/log/2026-08-10.log
[22:38:53][INFO][同步项目开发记录] 上传成功: output/sync_meta/sync_meta_4ae831e3-0263-4912-b1f5-379b2263c7ad.json
[22:38:58][INFO][同步项目开发记录] 上传成功: output/log/2026-08-10.log
[22:38:58][INFO][同步项目开发记录] 上传成功: output/sync_meta/sync_meta_4ae831e3-0263-4912-b1f5-379b2263c7ad.json
[22:39:03][INFO][同步项目开发记录] 上传成功: output/log/2026-08-10.log
[22:39:03][INFO][同步项目开发记录] 上传成功: output/sync_meta/sync_meta_4ae831e3-0263-4912-b1f5-379b2263c7ad.json
[22:39:08][INFO][同步项目开发记录] 上传成功: output/log/2026-08-10.log
[22:39:08][INFO][同步项目开发记录] 上传成功: output/sync_meta/sync_meta_4ae831e3-0263-4912-b1f5-379b2263c7ad.json
[22:39:13][INFO][同步项目开发记录] 上传成功: output/log/2026-08-10.log
[22:39:13][INFO][同步项目开发记录] 上传成功: output/sync_meta/sync_meta_4ae831e3-0263-4912-b1f5-379b2263c7ad.json
[22:39:18][INFO][同步项目开发记录] 上传成功: output/log/2026-08-10.log
[22:39:18][INFO][同步项目开发记录] 上传成功: output/sync_meta/sync_meta_4ae831e3-0263-4912-b1f5-379b2263c7ad.json
[22:39:23][INFO][同步项目开发记录] 上传成功: output/log/2026-08-10.log
[22:39:23][INFO][同步项目开发记录] 上传成功: output/sync_meta/sync_meta_4ae831e3-0263-4912-b1f5-379b2263c7ad.json
[22:39:28][INFO][同步项目开发记录] 上传成功: output/log/2026-08-10.log
[22:39:28][INFO][同步项目开发记录] 上传成功: output/sync_meta/sync_meta_4ae831e3-0263-4912-b1f5-379b2263c7ad.json
[22:39:33][INFO][同步项目开发记录] 上传成功: output/log/2026-08-10.log
[22:39:33][INFO][同步项目开发记录] 上传成功: output/sync_meta/sync_meta_4ae831e3-0263-4912-b1f5-379b2263c7ad.json
[22:39:38][INFO][同步项目开发记录] 上传成功: output/log/2026-08-10.log
[22:39:38][INFO][同步项目开发记录] 上传成功: output/sync_meta/sync_meta_4ae831e3-0263-4912-b1f5-379b2263c7ad.json
[22:39:43][INFO][同步项目开发记录] 上传成功: output/log/2026-08-10.log
[22:39:43][INFO][同步项目开发记录] 上传成功: output/sync_meta/sync_meta_4ae831e3-0263-4912-b1f5-379b2263c7ad.json
[22:39:48][INFO][同步项目开发记录] 上传成功: output/log/2026-08-10.log
[22:39:48][INFO][同步项目开发记录] 上传成功: output/sync_meta/sync_meta_4ae831e3-0263-4912-b1f5-379b2263c7ad.json
[22:39:53][INFO][同步项目开发记录] 上传成功: output/log/2026-08-10.log
[22:39:53][INFO][同步项目开发记录] 上传成功: output/sync_meta/sync_meta_4ae831e3-0263-4912-b1f5-379b2263c7ad.json
[22:39:58][INFO][同步项目开发记录] 上传成功: output/log/2026-08-10.log
[22:39:58][INFO][同步项目开发记录] 上传成功: output/sync_meta/sync_meta_4ae831e3-0263-4912-b1f5-379b2263c7ad.json
[22:40:03][INFO][同步项目开发记录] 上传成功: output/log/2026-08-10.log
[22:40:03][INFO][同步项目开发记录] 上传成功: output/sync_meta/sync_meta_4ae831e3-0263-4912-b1f5-379b2263c7ad.json
[22:40:08][INFO][同步项目开发记录] 上传成功: output/log/2026-08-10.log
[22:40:08][INFO][同步项目开发记录] 上传成功: output/sync_meta/sync_meta_4ae831e3-0263-4912-b1f5-379b2263c7ad.json
[22:40:13][INFO][同步项目开发记录] 上传成功: output/log/2026-08-10.log
[22:40:13][INFO][同步项目开发记录] 上传成功: output/sync_meta/sync_meta_4ae831e3-0263-4912-b1f5-379b2263c7ad.json
[22:40:18][INFO][同步项目开发记录] 上传成功: output/log/2026-08-10.log
[22:40:18][INFO][同步项目开发记录] 上传成功: output/sync_meta/sync_meta_4ae831e3-0263-4912-b1f5-379b2263c7ad.json
[22:40:23][INFO][同步项目开发记录] 上传成功: output/log/2026-08-10.log
[22:40:23][INFO][同步项目开发记录] 上传成功: output/sync_meta/sync_meta_4ae831e3-0263-4912-b1f5-379b2263c7ad.json
[22:40:28][INFO][同步项目开发记录] 上传成功: output/log/2026-08-10.log
[22:40:28][INFO][同步项目开发记录] 上传成功: output/sync_meta/sync_meta_4ae831e3-0263-4912-b1f5-379b2263c7ad.json
[22:40:33][INFO][同步项目开发记录] 上传成功: output/log/2026-08-10.log
[22:40:33][INFO][同步项目开发记录] 上传成功: output/sync_meta/sync_meta_4ae831e3-0263-4912-b1f5-379b2263c7ad.json
[22:40:38][INFO][同步项目开发记录] 上传成功: output/log/2026-08-10.log
[22:40:38][INFO][同步项目开发记录] 上传成功: output/sync_meta/sync_meta_4ae831e3-0263-4912-b1f5-379b2263c7ad.json
[22:40:43][INFO][同步项目开发记录] 上传成功: output/log/2026-08-10.log
[22:40:43][INFO][同步项目开发记录] 上传成功: output/sync_meta/sync_meta_4ae831e3-0263-4912-b1f5-379b2263c7ad.json
[22:40:48][INFO][同步项目开发记录] 上传成功: output/log/2026-08-10.log
[22:40:48][INFO][同步项目开发记录] 上传成功: output/sync_meta/sync_meta_4ae831e3-0263-4912-b1f5-379b2263c7ad.json
[22:40:53][INFO][同步项目开发记录] 上传成功: output/log/2026-08-10.log
[22:40:53][INFO][同步项目开发记录] 上传成功: output/sync_meta/sync_meta_4ae831e3-0263-4912-b1f5-379b2263c7ad.json
[22:40:58][INFO][同步项目开发记录] 上传成功: output/log/2026-08-10.log
[22:40:58][INFO][同步项目开发记录] 上传成功: output/sync_meta/sync_meta_4ae831e3-0263-4912-b1f5-379b2263c7ad.json
[22:41:03][INFO][同步项目开发记录] 上传成功: output/log/2026-08-10.log
[22:41:03][INFO][同步项目开发记录] 上传成功: output/sync_meta/sync_meta_4ae831e3-0263-4912-b1f5-379b2263c7ad.json
[22:41:08][INFO][同步项目开发记录] 上传成功: output/log/2026-08-10.log
[22:41:08][INFO][同步项目开发记录] 上传成功: output/sync_meta/sync_meta_4ae831e3-0263-4912-b1f5-379b2263c7ad.json
[22:41:13][INFO][同步项目开发记录] 上传成功: output/log/2026-08-10.log
[22:41:13][INFO][同步项目开发记录] 上传成功: output/sync_meta/sync_meta_4ae831e3-0263-4912-b1f5-379b2263c7ad.json
[22:41:18][INFO][同步项目开发记录] 上传成功: output/log/2026-08-10.log
[22:41:18][INFO][同步项目开发记录] 上传成功: output/sync_meta/sync_meta_4ae831e3-0263-4912-b1f5-379b2263c7ad.json
[22:41:23][INFO][同步项目开发记录] 上传成功: output/log/2026-08-10.log
[22:41:23][INFO][同步项目开发记录] 上传成功: output/sync_meta/sync_meta_4ae831e3-0263-4912-b1f5-379b2263c7ad.json
[22:41:28][INFO][同步项目开发记录] 上传成功: output/log/2026-08-10.log
[22:41:28][INFO][同步项目开发记录] 上传成功: output/sync_meta/sync_meta_4ae831e3-0263-4912-b1f5-379b2263c7ad.json
[22:41:33][INFO][同步项目开发记录] 上传成功: output/log/2026-08-10.log
[22:41:33][INFO][同步项目开发记录] 上传成功: output/sync_meta/sync_meta_4ae831e3-0263-4912-b1f5-379b2263c7ad.json
[22:41:38][INFO][同步项目开发记录] 上传成功: output/log/2026-08-10.log
[22:41:38][INFO][同步项目开发记录] 上传成功: output/sync_meta/sync_meta_4ae831e3-0263-4912-b1f5-379b2263c7ad.json
[22:41:43][INFO][同步项目开发记录] 上传成功: output/log/2026-08-10.log
[22:41:43][INFO][同步项目开发记录] 上传成功: output/sync_meta/sync_meta_4ae831e3-0263-4912-b1f5-379b2263c7ad.json
[22:41:48][INFO][同步项目开发记录] 上传成功: output/log/2026-08-10.log
[22:41:48][INFO][同步项目开发记录] 上传成功: output/sync_meta/sync_meta_4ae831e3-0263-4912-b1f5-379b2263c7ad.json
[22:41:53][INFO][同步项目开发记录] 上传成功: output/log/2026-08-10.log
[22:41:53][INFO][同步项目开发记录] 上传成功: output/sync_meta/sync_meta_4ae831e3-0263-4912-b1f5-379b2263c7ad.json
[22:41:58][INFO][同步项目开发记录] 上传成功: output/log/2026-08-10.log
[22:41:58][INFO][同步项目开发记录] 上传成功: output/sync_meta/sync_meta_4ae831e3-0263-4912-b1f5-379b2263c7ad.json
[22:42:03][INFO][同步项目开发记录] 上传成功: output/log/2026-08-10.log
[22:42:03][INFO][同步项目开发记录] 上传成功: output/sync_meta/sync_meta_4ae831e3-0263-4912-b1f5-379b2263c7ad.json
[22:42:08][INFO][同步项目开发记录] 上传成功: output/log/2026-08-10.log
[22:42:08][INFO][同步项目开发记录] 上传成功: output/sync_meta/sync_meta_4ae831e3-0263-4912-b1f5-379b2263c7ad.json
[22:42:13][INFO][同步项目开发记录] 上传成功: output/log/2026-08-10.log
[22:42:13][INFO][同步项目开发记录] 上传成功: output/sync_meta/sync_meta_4ae831e3-0263-4912-b1f5-379b2263c7ad.json
[22:42:18][INFO][同步项目开发记录] 上传成功: output/log/2026-08-10.log
[22:42:18][INFO][同步项目开发记录] 上传成功: output/sync_meta/sync_meta_4ae831e3-0263-4912-b1f5-379b2263c7ad.json
[22:42:23][INFO][同步项目开发记录] 上传成功: output/log/2026-08-10.log
[22:42:23][INFO][同步项目开发记录] 上传成功: output/sync_meta/sync_meta_4ae831e3-0263-4912-b1f5-379b2263c7ad.json
[22:42:28][INFO][同步项目开发记录] 上传成功: output/log/2026-08-10.log
[22:42:28][INFO][同步项目开发记录] 上传成功: output/sync_meta/sync_meta_4ae831e3-0263-4912-b1f5-379b2263c7ad.json
[22:42:33][INFO][同步项目开发记录] 上传成功: output/log/2026-08-10.log
[22:42:33][INFO][同步项目开发记录] 上传成功: output/sync_meta/sync_meta_4ae831e3-0263-4912-b1f5-379b2263c7ad.json
[22:42:38][INFO][同步项目开发记录] 上传成功: output/log/2026-08-10.log
[22:42:38][INFO][同步项目开发记录] 上传成功: output/sync_meta/sync_meta_4ae831e3-0263-4912-b1f5-379b2263c7ad.json
[22:42:43][INFO][同步项目开发记录] 上传成功: output/log/2026-08-10.log
[22:42:43][INFO][同步项目开发记录] 上传成功: output/sync_meta/sync_meta_4ae831e3-0263-4912-b1f5-379b2263c7ad.json
[22:42:48][INFO][同步项目开发记录] 上传成功: output/log/2026-08-10.log
[22:42:48][INFO][同步项目开发记录] 上传成功: output/sync_meta/sync_meta_4ae831e3-0263-4912-b1f5-379b2263c7ad.json
[22:42:53][INFO][同步项目开发记录] 上传成功: output/log/2026-08-10.log
[22:42:53][INFO][同步项目开发记录] 上传成功: output/sync_meta/sync_meta_4ae831e3-0263-4912-b1f5-379b2263c7ad.json
[22:42:58][INFO][同步项目开发记录] 上传成功: output/log/2026-08-10.log
[22:42:58][INFO][同步项目开发记录] 上传成功: output/sync_meta/sync_meta_4ae831e3-0263-4912-b1f5-379b2263c7ad.json
[22:43:03][INFO][同步项目开发记录] 上传成功: output/log/2026-08-10.log
[22:43:03][INFO][同步项目开发记录] 上传成功: output/sync_meta/sync_meta_4ae831e3-0263-4912-b1f5-379b2263c7ad.json
[22:43:08][INFO][同步项目开发记录] 上传成功: output/log/2026-08-10.log
[22:43:08][INFO][同步项目开发记录] 上传成功: output/sync_meta/sync_meta_4ae831e3-0263-4912-b1f5-379b2263c7ad.json
[22:43:13][INFO][同步项目开发记录] 上传成功: output/log/2026-08-10.log
[22:43:13][INFO][同步项目开发记录] 上传成功: output/sync_meta/sync_meta_4ae831e3-0263-4912-b1f5-379b2263c7ad.json
[22:43:18][INFO][同步项目开发记录] 上传成功: output/log/2026-08-10.log
[22:43:18][INFO][同步项目开发记录] 上传成功: output/sync_meta/sync_meta_4ae831e3-0263-4912-b1f5-379b2263c7ad.json
[22:43:23][INFO][同步项目开发记录] 上传成功: output/log/2026-08-10.log
[22:43:23][INFO][同步项目开发记录] 上传成功: output/sync_meta/sync_meta_4ae831e3-0263-4912-b1f5-379b2263c7ad.json
[22:43:28][INFO][同步项目开发记录] 上传成功: output/log/2026-08-10.log
[22:43:28][INFO][同步项目开发记录] 上传成功: output/sync_meta/sync_meta_4ae831e3-0263-4912-b1f5-379b2263c7ad.json
[22:43:33][INFO][同步项目开发记录] 上传成功: output/log/2026-08-10.log
[22:43:33][INFO][同步项目开发记录] 上传成功: output/sync_meta/sync_meta_4ae831e3-0263-4912-b1f5-379b2263c7ad.json
[22:43:38][INFO][同步项目开发记录] 上传成功: output/log/2026-08-10.log
[22:43:38][INFO][同步项目开发记录] 上传成功: output/sync_meta/sync_meta_4ae831e3-0263-4912-b1f5-379b2263c7ad.json
[22:43:43][INFO][同步项目开发记录] 上传成功: output/log/2026-08-10.log
[22:43:43][INFO][同步项目开发记录] 上传成功: output/sync_meta/sync_meta_4ae831e3-0263-4912-b1f5-379b2263c7ad.json
[22:43:48][INFO][同步项目开发记录] 上传成功: output/log/2026-08-10.log
[22:43:48][INFO][同步项目开发记录] 上传成功: output/sync_meta/sync_meta_4ae831e3-0263-4912-b1f5-379b2263c7ad.json
[22:43:53][INFO][同步项目开发记录] 上传成功: output/log/2026-08-10.log
[22:43:53][INFO][同步项目开发记录] 上传成功: output/sync_meta/sync_meta_4ae831e3-0263-4912-b1f5-379b2263c7ad.json
[22:43:58][INFO][同步项目开发记录] 上传成功: output/log/2026-08-10.log
[22:43:58][INFO][同步项目开发记录] 上传成功: output/sync_meta/sync_meta_4ae831e3-0263-4912-b1f5-379b2263c7ad.json
[22:44:03][INFO][同步项目开发记录] 上传成功: output/log/2026-08-10.log
[22:44:03][INFO][同步项目开发记录] 上传成功: output/sync_meta/sync_meta_4ae831e3-0263-4912-b1f5-379b2263c7ad.json
[22:44:08][INFO][同步项目开发记录] 上传成功: output/log/2026-08-10.log
[22:44:08][INFO][同步项目开发记录] 上传成功: output/sync_meta/sync_meta_4ae831e3-0263-4912-b1f5-379b2263c7ad.json
[22:44:13][INFO][同步项目开发记录] 上传成功: output/log/2026-08-10.log
[22:44:13][INFO][同步项目开发记录] 上传成功: output/sync_meta/sync_meta_4ae831e3-0263-4912-b1f5-379b2263c7ad.json
[22:44:18][INFO][同步项目开发记录] 上传成功: output/log/2026-08-10.log
[22:44:18][INFO][同步项目开发记录] 上传成功: output/sync_meta/sync_meta_4ae831e3-0263-4912-b1f5-379b2263c7ad.json
[22:44:23][INFO][同步项目开发记录] 上传成功: output/log/2026-08-10.log
[22:44:23][INFO][同步项目开发记录] 上传成功: output/sync_meta/sync_meta_4ae831e3-0263-4912-b1f5-379b2263c7ad.json
[22:44:28][INFO][同步项目开发记录] 上传成功: output/log/2026-08-10.log
[22:44:28][INFO][同步项目开发记录] 上传成功: output/sync_meta/sync_meta_4ae831e3-0263-4912-b1f5-379b2263c7ad.json
[22:44:33][INFO][同步项目开发记录] 上传成功: output/log/2026-08-10.log
[22:44:33][INFO][同步项目开发记录] 上传成功: output/sync_meta/sync_meta_4ae831e3-0263-4912-b1f5-379b2263c7ad.json
[22:44:38][INFO][同步项目开发记录] 上传成功: output/log/2026-08-10.log
[22:44:38][INFO][同步项目开发记录] 上传成功: output/sync_meta/sync_meta_4ae831e3-0263-4912-b1f5-379b2263c7ad.json
[22:44:43][INFO][同步项目开发记录] 上传成功: output/log/2026-08-10.log
[22:44:43][INFO][同步项目开发记录] 上传成功: output/sync_meta/sync_meta_4ae831e3-0263-4912-b1f5-379b2263c7ad.json
[22:44:48][INFO][同步项目开发记录] 上传成功: output/log/2026-08-10.log
[22:44:48][INFO][同步项目开发记录] 上传成功: output/sync_meta/sync_meta_4ae831e3-0263-4912-b1f5-379b2263c7ad.json
[22:44:53][INFO][同步项目开发记录] 上传成功: output/log/2026-08-10.log
[22:44:53][INFO][同步项目开发记录] 上传成功: output/sync_meta/sync_meta_4ae831e3-0263-4912-b1f5-379b2263c7ad.json
[22:44:58][INFO][同步项目开发记录] 上传成功: output/log/2026-08-10.log
[22:44:58][INFO][同步项目开发记录] 上传成功: output/sync_meta/sync_meta_4ae831e3-0263-4912-b1f5-379b2263c7ad.json
[22:45:03][INFO][同步项目开发记录] 上传成功: output/log/2026-08-10.log
[22:45:03][INFO][同步项目开发记录] 上传成功: output/sync_meta/sync_meta_4ae831e3-0263-4912-b1f5-379b2263c7ad.json
[22:45:08][INFO][同步项目开发记录] 上传成功: output/log/2026-08-10.log
[22:45:08][INFO][同步项目开发记录] 上传成功: output/sync_meta/sync_meta_4ae831e3-0263-4912-b1f5-379b2263c7ad.json
[22:45:13][INFO][同步项目开发记录] 上传成功: output/log/2026-08-10.log
[22:45:13][INFO][同步项目开发记录] 上传成功: output/sync_meta/sync_meta_4ae831e3-0263-4912-b1f5-379b2263c7ad.json
[22:45:18][INFO][同步项目开发记录] 上传成功: output/log/2026-08-10.log
[22:45:18][INFO][同步项目开发记录] 上传成功: output/sync_meta/sync_meta_4ae831e3-0263-4912-b1f5-379b2263c7ad.json
[22:45:23][INFO][同步项目开发记录] 上传成功: output/log/2026-08-10.log
[22:45:23][INFO][同步项目开发记录] 上传成功: output/sync_meta/sync_meta_4ae831e3-0263-4912-b1f5-379b2263c7ad.json
[22:45:28][INFO][同步项目开发记录] 上传成功: output/log/2026-08-10.log
[22:45:28][INFO][同步项目开发记录] 上传成功: output/sync_meta/sync_meta_4ae831e3-0263-4912-b1f5-379b2263c7ad.json
[22:45:33][INFO][同步项目开发记录] 上传成功: output/log/2026-08-10.log
[22:45:33][INFO][同步项目开发记录] 上传成功: output/sync_meta/sync_meta_4ae831e3-0263-4912-b1f5-379b2263c7ad.json
[22:45:38][INFO][同步项目开发记录] 上传成功: output/log/2026-08-10.log
[22:45:38][INFO][同步项目开发记录] 上传成功: output/sync_meta/sync_meta_4ae831e3-0263-4912-b1f5-379b2263c7ad.json
[22:45:43][INFO][同步项目开发记录] 上传成功: output/log/2026-08-10.log
[22:45:43][INFO][同步项目开发记录] 上传成功: output/sync_meta/sync_meta_4ae831e3-0263-4912-b1f5-379b2263c7ad.json
[22:45:48][INFO][同步项目开发记录] 上传成功: output/log/2026-08-10.log
[22:45:48][INFO][同步项目开发记录] 上传成功: output/sync_meta/sync_meta_4ae831e3-0263-4912-b1f5-379b2263c7ad.json
[22:45:53][INFO][同步项目开发记录] 上传成功: output/log/2026-08-10.log
[22:45:53][INFO][同步项目开发记录] 上传成功: output/sync_meta/sync_meta_4ae831e3-0263-4912-b1f5-379b2263c7ad.json
[22:45:58][INFO][同步项目开发记录] 上传成功: output/log/2026-08-10.log
[22:45:58][INFO][同步项目开发记录] 上传成功: output/sync_meta/sync_meta_4ae831e3-0263-4912-b1f5-379b2263c7ad.json
[22:46:03][INFO][同步项目开发记录] 上传成功: output/log/2026-08-10.log
[22:46:03][INFO][同步项目开发记录] 上传成功: output/sync_meta/sync_meta_4ae831e3-0263-4912-b1f5-379b2263c7ad.json
[22:46:08][INFO][同步项目开发记录] 上传成功: output/log/2026-08-10.log
[22:46:08][INFO][同步项目开发记录] 上传成功: output/sync_meta/sync_meta_4ae831e3-0263-4912-b1f5-379b2263c7ad.json
[22:46:13][INFO][同步项目开发记录] 上传成功: output/log/2026-08-10.log
[22:46:13][INFO][同步项目开发记录] 上传成功: output/sync_meta/sync_meta_4ae831e3-0263-4912-b1f5-379b2263c7ad.json
[22:46:18][INFO][同步项目开发记录] 上传成功: output/log/2026-08-10.log
[22:46:18][INFO][同步项目开发记录] 上传成功: output/sync_meta/sync_meta_4ae831e3-0263-4912-b1f5-379b2263c7ad.json
[22:46:23][INFO][同步项目开发记录] 上传成功: output/log/2026-08-10.log
[22:46:23][INFO][同步项目开发记录] 上传成功: output/sync_meta/sync_meta_4ae831e3-0263-4912-b1f5-379b2263c7ad.json
[22:46:28][INFO][同步项目开发记录] 上传成功: output/log/2026-08-10.log
[22:46:28][INFO][同步项目开发记录] 上传成功: output/sync_meta/sync_meta_4ae831e3-0263-4912-b1f5-379b2263c7ad.json
[22:46:33][INFO][同步项目开发记录] 上传成功: output/log/2026-08-10.log
[22:46:33][INFO][同步项目开发记录] 上传成功: output/sync_meta/sync_meta_4ae831e3-0263-4912-b1f5-379b2263c7ad.json
[22:46:38][INFO][同步项目开发记录] 上传成功: output/log/2026-08-10.log
[22:46:38][INFO][同步项目开发记录] 上传成功: output/sync_meta/sync_meta_4ae831e3-0263-4912-b1f5-379b2263c7ad.json
[22:46:43][INFO][同步项目开发记录] 上传成功: output/log/2026-08-10.log
[22:46:43][INFO][同步项目开发记录] 上传成功: output/sync_meta/sync_meta_4ae831e3-0263-4912-b1f5-379b2263c7ad.json
[22:46:48][INFO][同步项目开发记录] 上传成功: output/log/2026-08-10.log
[22:46:48][INFO][同步项目开发记录] 上传成功: output/sync_meta/sync_meta_4ae831e3-0263-4912-b1f5-379b2263c7ad.json
[22:46:53][INFO][同步项目开发记录] 上传成功: output/log/2026-08-10.log
[22:46:53][INFO][同步项目开发记录] 上传成功: output/sync_meta/sync_meta_4ae831e3-0263-4912-b1f5-379b2263c7ad.json
[22:46:58][INFO][同步项目开发记录] 上传成功: output/log/2026-08-10.log
[22:46:58][INFO][同步项目开发记录] 上传成功: output/sync_meta/sync_meta_4ae831e3-0263-4912-b1f5-379b2263c7ad.json
[22:47:03][INFO][同步项目开发记录] 上传成功: output/log/2026-08-10.log
[22:47:03][INFO][同步项目开发记录] 上传成功: output/sync_meta/sync_meta_4ae831e3-0263-4912-b1f5-379b2263c7ad.json
[22:47:08][INFO][同步项目开发记录] 上传成功: output/log/2026-08-10.log
[22:47:08][INFO][同步项目开发记录] 上传成功: output/sync_meta/sync_meta_4ae831e3-0263-4912-b1f5-379b2263c7ad.json
[22:47:13][INFO][同步项目开发记录] 上传成功: output/log/2026-08-10.log
[22:47:13][INFO][同步项目开发记录] 上传成功: output/sync_meta/sync_meta_4ae831e3-0263-4912-b1f5-379b2263c7ad.json
[22:47:18][INFO][同步项目开发记录] 上传成功: output/log/2026-08-10.log
[22:47:18][INFO][同步项目开发记录] 上传成功: output/sync_meta/sync_meta_4ae831e3-0263-4912-b1f5-379b2263c7ad.json
[22:47:23][INFO][同步项目开发记录] 上传成功: output/log/2026-08-10.log
[22:47:23][INFO][同步项目开发记录] 上传成功: output/sync_meta/sync_meta_4ae831e3-0263-4912-b1f5-379b2263c7ad.json
[22:47:28][INFO][同步项目开发记录] 上传成功: output/log/2026-08-10.log
[22:47:28][INFO][同步项目开发记录] 上传成功: output/sync_meta/sync_meta_4ae831e3-0263-4912-b1f5-379b2263c7ad.json
[22:47:33][INFO][同步项目开发记录] 上传成功: output/log/2026-08-10.log
[22:47:33][INFO][同步项目开发记录] 上传成功: output/sync_meta/sync_meta_4ae831e3-0263-4912-b1f5-379b2263c7ad.json
[22:47:38][INFO][同步项目开发记录] 上传成功: output/log/2026-08-10.log
[22:47:38][INFO][同步项目开发记录] 上传成功: output/sync_meta/sync_meta_4ae831e3-0263-4912-b1f5-379b2263c7ad.json
[22:47:43][INFO][同步项目开发记录] 上传成功: output/log/2026-08-10.log
[22:47:43][INFO][同步项目开发记录] 上传成功: output/sync_meta/sync_meta_4ae831e3-0263-4912-b1f5-379b2263c7ad.json
[22:47:48][INFO][同步项目开发记录] 上传成功: output/log/2026-08-10.log
[22:47:48][INFO][同步项目开发记录] 上传成功: output/sync_meta/sync_meta_4ae831e3-0263-4912-b1f5-379b2263c7ad.json
[22:47:53][INFO][同步项目开发记录] 上传成功: output/log/2026-08-10.log
[22:47:53][INFO][同步项目开发记录] 上传成功: output/sync_meta/sync_meta_4ae831e3-0263-4912-b1f5-379b2263c7ad.json
[22:47:58][INFO][同步项目开发记录] 上传成功: output/log/2026-08-10.log
[22:47:58][INFO][同步项目开发记录] 上传成功: output/sync_meta/sync_meta_4ae831e3-0263-4912-b1f5-379b2263c7ad.json
[22:48:03][INFO][同步项目开发记录] 上传成功: output/log/2026-08-10.log
[22:48:03][INFO][同步项目开发记录] 上传成功: output/sync_meta/sync_meta_4ae831e3-0263-4912-b1f5-379b2263c7ad.json
[22:48:08][INFO][同步项目开发记录] 上传成功: output/log/2026-08-10.log
[22:48:08][INFO][同步项目开发记录] 上传成功: output/sync_meta/sync_meta_4ae831e3-0263-4912-b1f5-379b2263c7ad.json
[22:48:13][INFO][同步项目开发记录] 上传成功: output/log/2026-08-10.log
[22:48:13][INFO][同步项目开发记录] 上传成功: output/sync_meta/sync_meta_4ae831e3-0263-4912-b1f5-379b2263c7ad.json
[22:48:18][INFO][同步项目开发记录] 上传成功: output/log/2026-08-10.log
[22:48:18][INFO][同步项目开发记录] 上传成功: output/sync_meta/sync_meta_4ae831e3-0263-4912-b1f5-379b2263c7ad.json
[22:48:23][INFO][同步项目开发记录] 上传成功: output/log/2026-08-10.log
[22:48:23][INFO][同步项目开发记录] 上传成功: output/sync_meta/sync_meta_4ae831e3-0263-4912-b1f5-379b2263c7ad.json
[22:48:28][INFO][同步项目开发记录] 上传成功: output/log/2026-08-10.log
[22:48:28][INFO][同步项目开发记录] 上传成功: output/sync_meta/sync_meta_4ae831e3-0263-4912-b1f5-379b2263c7ad.json
[22:48:33][INFO][同步项目开发记录] 上传成功: output/log/2026-08-10.log
[22:48:33][INFO][同步项目开发记录] 上传成功: output/sync_meta/sync_meta_4ae831e3-0263-4912-b1f5-379b2263c7ad.json
[22:48:38][INFO][同步项目开发记录] 上传成功: output/log/2026-08-10.log
[22:48:38][INFO][同步项目开发记录] 上传成功: output/sync_meta/sync_meta_4ae831e3-0263-4912-b1f5-379b2263c7ad.json
[22:48:43][INFO][同步项目开发记录] 上传成功: output/log/2026-08-10.log
[22:48:43][INFO][同步项目开发记录] 上传成功: output/sync_meta/sync_meta_4ae831e3-0263-4912-b1f5-379b2263c7ad.json
[22:48:48][INFO][同步项目开发记录] 上传成功: output/log/2026-08-10.log
[22:48:48][INFO][同步项目开发记录] 上传成功: output/sync_meta/sync_meta_4ae831e3-0263-4912-b1f5-379b2263c7ad.json
[22:48:53][INFO][同步项目开发记录] 上传成功: output/log/2026-08-10.log
[22:48:53][INFO][同步项目开发记录] 上传成功: output/sync_meta/sync_meta_4ae831e3-0263-4912-b1f5-379b2263c7ad.json
[22:48:58][INFO][同步项目开发记录] 上传成功: output/log/2026-08-10.log
[22:48:58][INFO][同步项目开发记录] 上传成功: output/sync_meta/sync_meta_4ae831e3-0263-4912-b1f5-379b2263c7ad.json
[22:49:03][INFO][同步项目开发记录] 上传成功: output/log/2026-08-10.log
[22:49:03][INFO][同步项目开发记录] 上传成功: output/sync_meta/sync_meta_4ae831e3-0263-4912-b1f5-379b2263c7ad.json
[22:49:08][INFO][同步项目开发记录] 上传成功: output/log/2026-08-10.log
[22:49:08][INFO][同步项目开发记录] 上传成功: output/sync_meta/sync_meta_4ae831e3-0263-4912-b1f5-379b2263c7ad.json
[22:49:13][INFO][同步项目开发记录] 上传成功: output/log/2026-08-10.log
[22:49:13][INFO][同步项目开发记录] 上传成功: output/sync_meta/sync_meta_4ae831e3-0263-4912-b1f5-379b2263c7ad.json
[22:49:18][INFO][同步项目开发记录] 上传成功: output/log/2026-08-10.log
[22:49:18][INFO][同步项目开发记录] 上传成功: output/sync_meta/sync_meta_4ae831e3-0263-4912-b1f5-379b2263c7ad.json
[22:49:23][INFO][同步项目开发记录] 上传成功: output/log/2026-08-10.log
[22:49:23][INFO][同步项目开发记录] 上传成功: output/sync_meta/sync_meta_4ae831e3-0263-4912-b1f5-379b2263c7ad.json
[22:49:28][INFO][同步项目开发记录] 上传成功: output/log/2026-08-10.log
[22:49:28][INFO][同步项目开发记录] 上传成功: output/sync_meta/sync_meta_4ae831e3-0263-4912-b1f5-379b2263c7ad.json
[22:49:33][INFO][同步项目开发记录] 上传成功: output/log/2026-08-10.log
[22:49:33][INFO][同步项目开发记录] 上传成功: output/sync_meta/sync_meta_4ae831e3-0263-4912-b1f5-379b2263c7ad.json
[22:49:38][INFO][同步项目开发记录] 上传成功: output/log/2026-08-10.log
[22:49:38][INFO][同步项目开发记录] 上传成功: output/sync_meta/sync_meta_4ae831e3-0263-4912-b1f5-379b2263c7ad.json
[22:49:43][INFO][同步项目开发记录] 上传成功: output/log/2026-08-10.log
[22:49:43][INFO][同步项目开发记录] 上传成功: output/sync_meta/sync_meta_4ae831e3-0263-4912-b1f5-379b2263c7ad.json
[22:49:48][INFO][同步项目开发记录] 上传成功: output/log/2026-08-10.log
[22:49:48][INFO][同步项目开发记录] 上传成功: output/sync_meta/sync_meta_4ae831e3-0263-4912-b1f5-379b2263c7ad.json
[22:49:53][INFO][同步项目开发记录] 上传成功: output/log/2026-08-10.log
[22:49:53][INFO][同步项目开发记录] 上传成功: output/sync_meta/sync_meta_4ae831e3-0263-4912-b1f5-379b2263c7ad.json
[22:49:58][INFO][同步项目开发记录] 上传成功: output/log/2026-08-10.log
[22:49:58][INFO][同步项目开发记录] 上传成功: output/sync_meta/sync_meta_4ae831e3-0263-4912-b1f5-379b2263c7ad.json
[22:50:03][INFO][同步项目开发记录] 上传成功: output/log/2026-08-10.log
[22:50:03][INFO][同步项目开发记录] 上传成功: output/sync_meta/sync_meta_4ae831e3-0263-4912-b1f5-379b2263c7ad.json
[22:50:08][INFO][同步项目开发记录] 上传成功: output/log/2026-08-10.log
[22:50:08][INFO][同步项目开发记录] 上传成功: output/sync_meta/sync_meta_4ae831e3-0263-4912-b1f5-379b2263c7ad.json
[22:50:13][INFO][同步项目开发记录] 上传成功: output/log/2026-08-10.log
[22:50:13][INFO][同步项目开发记录] 上传成功: output/sync_meta/sync_meta_4ae831e3-0263-4912-b1f5-379b2263c7ad.json
[22:50:18][INFO][同步项目开发记录] 上传成功: output/log/2026-08-10.log
[22:50:18][INFO][同步项目开发记录] 上传成功: output/sync_meta/sync_meta_4ae831e3-0263-4912-b1f5-379b2263c7ad.json
[22:50:23][INFO][同步项目开发记录] 上传成功: output/log/2026-08-10.log
[22:50:23][INFO][同步项目开发记录] 上传成功: output/sync_meta/sync_meta_4ae831e3-0263-4912-b1f5-379b2263c7ad.json
[22:50:28][INFO][同步项目开发记录] 上传成功: output/log/2026-08-10.log
[22:50:28][INFO][同步项目开发记录] 上传成功: output/sync_meta/sync_meta_4ae831e3-0263-4912-b1f5-379b2263c7ad.json
[22:50:33][INFO][同步项目开发记录] 上传成功: output/log/2026-08-10.log
[22:50:33][INFO][同步项目开发记录] 上传成功: output/sync_meta/sync_meta_4ae831e3-0263-4912-b1f5-379b2263c7ad.json
[22:50:38][INFO][同步项目开发记录] 上传成功: output/log/2026-08-10.log
[22:50:38][INFO][同步项目开发记录] 上传成功: output/sync_meta/sync_meta_4ae831e3-0263-4912-b1f5-379b2263c7ad.json
[22:50:43][INFO][同步项目开发记录] 上传成功: output/log/2026-08-10.log
[22:50:43][INFO][同步项目开发记录] 上传成功: output/sync_meta/sync_meta_4ae831e3-0263-4912-b1f5-379b2263c7ad.json
[22:50:48][INFO][同步项目开发记录] 上传成功: output/log/2026-08-10.log
[22:50:48][INFO][同步项目开发记录] 上传成功: output/sync_meta/sync_meta_4ae831e3-0263-4912-b1f5-379b2263c7ad.json
[22:50:53][INFO][同步项目开发记录] 上传成功: output/log/2026-08-10.log
[22:50:53][INFO][同步项目开发记录] 上传成功: output/sync_meta/sync_meta_4ae831e3-0263-4912-b1f5-379b2263c7ad.json
[22:50:58][INFO][同步项目开发记录] 上传成功: output/log/2026-08-10.log
[22:50:58][INFO][同步项目开发记录] 上传成功: output/sync_meta/sync_meta_4ae831e3-0263-4912-b1f5-379b2263c7ad.json
[22:51:03][INFO][同步项目开发记录] 上传成功: output/log/2026-08-10.log
[22:51:03][INFO][同步项目开发记录] 上传成功: output/sync_meta/sync_meta_4ae831e3-0263-4912-b1f5-379b2263c7ad.json
[22:51:08][INFO][同步项目开发记录] 上传成功: output/log/2026-08-10.log
[22:51:08][INFO][同步项目开发记录] 上传成功: output/sync_meta/sync_meta_4ae831e3-0263-4912-b1f5-379b2263c7ad.json
[22:51:13][INFO][同步项目开发记录] 上传成功: output/log/2026-08-10.log
[22:51:13][INFO][同步项目开发记录] 上传成功: output/sync_meta/sync_meta_4ae831e3-0263-4912-b1f5-379b2263c7ad.json
[22:51:18][INFO][同步项目开发记录] 上传成功: output/log/2026-08-10.log
[22:51:18][INFO][同步项目开发记录] 上传成功: output/sync_meta/sync_meta_4ae831e3-0263-4912-b1f5-379b2263c7ad.json
[22:51:23][INFO][同步项目开发记录] 上传成功: output/log/2026-08-10.log
[22:51:23][INFO][同步项目开发记录] 上传成功: output/sync_meta/sync_meta_4ae831e3-0263-4912-b1f5-379b2263c7ad.json
[22:51:28][INFO][同步项目开发记录] 上传成功: output/log/2026-08-10.log
[22:51:28][INFO][同步项目开发记录] 上传成功: output/sync_meta/sync_meta_4ae831e3-0263-4912-b1f5-379b2263c7ad.json
[22:51:33][INFO][同步项目开发记录] 上传成功: output/log/2026-08-10.log
[22:51:33][INFO][同步项目开发记录] 上传成功: output/sync_meta/sync_meta_4ae831e3-0263-4912-b1f5-379b2263c7ad.json
[22:51:38][INFO][同步项目开发记录] 上传成功: output/log/2026-08-10.log
[22:51:38][INFO][同步项目开发记录] 上传成功: output/sync_meta/sync_meta_4ae831e3-0263-4912-b1f5-379b2263c7ad.json
[22:51:43][INFO][同步项目开发记录] 上传成功: output/log/2026-08-10.log
[22:51:43][INFO][同步项目开发记录] 上传成功: output/sync_meta/sync_meta_4ae831e3-0263-4912-b1f5-379b2263c7ad.json
[22:51:48][INFO][同步项目开发记录] 上传成功: output/log/2026-08-10.log
[22:51:48][INFO][同步项目开发记录] 上传成功: output/sync_meta/sync_meta_4ae831e3-0263-4912-b1f5-379b2263c7ad.json
[22:51:53][INFO][同步项目开发记录] 上传成功: output/log/2026-08-10.log
[22:51:53][INFO][同步项目开发记录] 上传成功: output/sync_meta/sync_meta_4ae831e3-0263-4912-b1f5-379b2263c7ad.json
[22:51:58][INFO][同步项目开发记录] 上传成功: output/log/2026-08-10.log
[22:51:58][INFO][同步项目开发记录] 上传成功: output/sync_meta/sync_meta_4ae831e3-0263-4912-b1f5-379b2263c7ad.json
[22:52:03][INFO][同步项目开发记录] 上传成功: output/log/2026-08-10.log
[22:52:03][INFO][同步项目开发记录] 上传成功: output/sync_meta/sync_meta_4ae831e3-0263-4912-b1f5-379b2263c7ad.json
[22:52:08][INFO][同步项目开发记录] 上传成功: output/log/2026-08-10.log
[22:52:08][INFO][同步项目开发记录] 上传成功: output/sync_meta/sync_meta_4ae831e3-0263-4912-b1f5-379b2263c7ad.json
[22:52:13][INFO][同步项目开发记录] 上传成功: output/log/2026-08-10.log
[22:52:13][INFO][同步项目开发记录] 上传成功: output/sync_meta/sync_meta_4ae831e3-0263-4912-b1f5-379b2263c7ad.json
[22:52:18][INFO][同步项目开发记录] 上传成功: output/log/2026-08-10.log
[22:52:18][INFO][同步项目开发记录] 上传成功: output/sync_meta/sync_meta_4ae831e3-0263-4912-b1f5-379b2263c7ad.json
[22:52:23][INFO][同步项目开发记录] 上传成功: output/log/2026-08-10.log
[22:52:23][INFO][同步项目开发记录] 上传成功: output/sync_meta/sync_meta_4ae831e3-0263-4912-b1f5-379b2263c7ad.json
[22:52:28][INFO][同步项目开发记录] 上传成功: output/log/2026-08-10.log
[22:52:28][INFO][同步项目开发记录] 上传成功: output/sync_meta/sync_meta_4ae831e3-0263-4912-b1f5-379b2263c7ad.json
[22:52:33][INFO][同步项目开发记录] 上传成功: output/log/2026-08-10.log
[22:52:33][INFO][同步项目开发记录] 上传成功: output/sync_meta/sync_meta_4ae831e3-0263-4912-b1f5-379b2263c7ad.json
[22:52:38][INFO][同步项目开发记录] 上传成功: output/log/2026-08-10.log
[22:52:38][INFO][同步项目开发记录] 上传成功: output/sync_meta/sync_meta_4ae831e3-0263-4912-b1f5-379b2263c7ad.json
[22:52:43][INFO][同步项目开发记录] 上传成功: output/log/2026-08-10.log
[22:52:43][INFO][同步项目开发记录] 上传成功: output/sync_meta/sync_meta_4ae831e3-0263-4912-b1f5-379b2263c7ad.json
[22:52:48][INFO][同步项目开发记录] 上传成功: output/log/2026-08-10.log
[22:52:48][INFO][同步项目开发记录] 上传成功: output/sync_meta/sync_meta_4ae831e3-0263-4912-b1f5-379b2263c7ad.json
[22:52:53][INFO][同步项目开发记录] 上传成功: output/log/2026-08-10.log
[22:52:53][INFO][同步项目开发记录] 上传成功: output/sync_meta/sync_meta_4ae831e3-0263-4912-b1f5-379b2263c7ad.json
[22:52:58][INFO][同步项目开发记录] 上传成功: output/log/2026-08-10.log
[22:52:58][INFO][同步项目开发记录] 上传成功: output/sync_meta/sync_meta_4ae831e3-0263-4912-b1f5-379b2263c7ad.json
[22:53:03][INFO][同步项目开发记录] 上传成功: output/log/2026-08-10.log
[22:53:03][INFO][同步项目开发记录] 上传成功: output/sync_meta/sync_meta_4ae831e3-0263-4912-b1f5-379b2263c7ad.json
[22:53:08][INFO][同步项目开发记录] 上传成功: output/log/2026-08-10.log
[22:53:08][INFO][同步项目开发记录] 上传成功: output/sync_meta/sync_meta_4ae831e3-0263-4912-b1f5-379b2263c7ad.json
[22:53:13][INFO][同步项目开发记录] 上传成功: output/log/2026-08-10.log
[22:53:13][INFO][同步项目开发记录] 上传成功: output/sync_meta/sync_meta_4ae831e3-0263-4912-b1f5-379b2263c7ad.json
[22:53:18][INFO][同步项目开发记录] 上传成功: output/log/2026-08-10.log
[22:53:18][INFO][同步项目开发记录] 上传成功: output/sync_meta/sync_meta_4ae831e3-0263-4912-b1f5-379b2263c7ad.json
[22:53:23][INFO][同步项目开发记录] 上传成功: output/log/2026-08-10.log
[22:53:23][INFO][同步项目开发记录] 上传成功: output/sync_meta/sync_meta_4ae831e3-0263-4912-b1f5-379b2263c7ad.json
[22:53:28][INFO][同步项目开发记录] 上传成功: output/log/2026-08-10.log
[22:53:28][INFO][同步项目开发记录] 上传成功: output/sync_meta/sync_meta_4ae831e3-0263-4912-b1f5-379b2263c7ad.json
[22:53:33][INFO][同步项目开发记录] 上传成功: output/log/2026-08-10.log
[22:53:33][INFO][同步项目开发记录] 上传成功: output/sync_meta/sync_meta_4ae831e3-0263-4912-b1f5-379b2263c7ad.json
[22:53:38][INFO][同步项目开发记录] 上传成功: output/log/2026-08-10.log
[22:53:38][INFO][同步项目开发记录] 上传成功: output/sync_meta/sync_meta_4ae831e3-0263-4912-b1f5-379b2263c7ad.json
[22:53:43][INFO][同步项目开发记录] 上传成功: output/log/2026-08-10.log
[22:53:43][INFO][同步项目开发记录] 上传成功: output/sync_meta/sync_meta_4ae831e3-0263-4912-b1f5-379b2263c7ad.json
[22:53:48][INFO][同步项目开发记录] 上传成功: output/log/2026-08-10.log
[22:53:48][INFO][同步项目开发记录] 上传成功: output/sync_meta/sync_meta_4ae831e3-0263-4912-b1f5-379b2263c7ad.json
[22:53:53][INFO][同步项目开发记录] 上传成功: output/log/2026-08-10.log
[22:53:53][INFO][同步项目开发记录] 上传成功: output/sync_meta/sync_meta_4ae831e3-0263-4912-b1f5-379b2263c7ad.json
[22:53:58][INFO][同步项目开发记录] 上传成功: output/log/2026-08-10.log
[22:53:58][INFO][同步项目开发记录] 上传成功: output/sync_meta/sync_meta_4ae831e3-0263-4912-b1f5-379b2263c7ad.json
[22:54:03][INFO][同步项目开发记录] 上传成功: output/log/2026-08-10.log
[22:54:03][INFO][同步项目开发记录] 上传成功: output/sync_meta/sync_meta_4ae831e3-0263-4912-b1f5-379b2263c7ad.json
[22:54:08][INFO][同步项目开发记录] 上传成功: output/log/2026-08-10.log
[22:54:08][INFO][同步项目开发记录] 上传成功: output/sync_meta/sync_meta_4ae831e3-0263-4912-b1f5-379b2263c7ad.json
[22:54:13][INFO][同步项目开发记录] 上传成功: output/log/2026-08-10.log
[22:54:13][INFO][同步项目开发记录] 上传成功: output/sync_meta/sync_meta_4ae831e3-0263-4912-b1f5-379b2263c7ad.json
[22:54:18][INFO][同步项目开发记录] 上传成功: output/log/2026-08-10.log
[22:54:18][INFO][同步项目开发记录] 上传成功: output/sync_meta/sync_meta_4ae831e3-0263-4912-b1f5-379b2263c7ad.json
[22:54:23][INFO][同步项目开发记录] 上传成功: output/log/2026-08-10.log
[22:54:23][INFO][同步项目开发记录] 上传成功: output/sync_meta/sync_meta_4ae831e3-0263-4912-b1f5-379b2263c7ad.json
[22:54:28][INFO][同步项目开发记录] 上传成功: output/log/2026-08-10.log
[22:54:28][INFO][同步项目开发记录] 上传成功: output/sync_meta/sync_meta_4ae831e3-0263-4912-b1f5-379b2263c7ad.json
[22:54:33][INFO][同步项目开发记录] 上传成功: output/log/2026-08-10.log
[22:54:33][INFO][同步项目开发记录] 上传成功: output/sync_meta/sync_meta_4ae831e3-0263-4912-b1f5-379b2263c7ad.json
[22:54:38][INFO][同步项目开发记录] 上传成功: output/log/2026-08-10.log
[22:54:38][INFO][同步项目开发记录] 上传成功: output/sync_meta/sync_meta_4ae831e3-0263-4912-b1f5-379b2263c7ad.json
[22:54:43][INFO][同步项目开发记录] 上传成功: output/log/2026-08-10.log
[22:54:43][INFO][同步项目开发记录] 上传成功: output/sync_meta/sync_meta_4ae831e3-0263-4912-b1f5-379b2263c7ad.json
[22:54:48][INFO][同步项目开发记录] 上传成功: output/log/2026-08-10.log
[22:54:48][INFO][同步项目开发记录] 上传成功: output/sync_meta/sync_meta_4ae831e3-0263-4912-b1f5-379b2263c7ad.json
[22:54:53][INFO][同步项目开发记录] 上传成功: output/log/2026-08-10.log
[22:54:53][INFO][同步项目开发记录] 上传成功: output/sync_meta/sync_meta_4ae831e3-0263-4912-b1f5-379b2263c7ad.json
[22:54:58][INFO][同步项目开发记录] 上传成功: output/log/2026-08-10.log
[22:54:58][INFO][同步项目开发记录] 上传成功: output/sync_meta/sync_meta_4ae831e3-0263-4912-b1f5-379b2263c7ad.json
[22:55:03][INFO][同步项目开发记录] 上传成功: output/log/2026-08-10.log
[22:55:03][INFO][同步项目开发记录] 上传成功: output/sync_meta/sync_meta_4ae831e3-0263-4912-b1f5-379b2263c7ad.json
[22:55:08][INFO][同步项目开发记录] 上传成功: output/log/2026-08-10.log
[22:55:08][INFO][同步项目开发记录] 上传成功: output/sync_meta/sync_meta_4ae831e3-0263-4912-b1f5-379b2263c7ad.json
[22:55:13][INFO][同步项目开发记录] 上传成功: output/log/2026-08-10.log
[22:55:13][INFO][同步项目开发记录] 上传成功: output/sync_meta/sync_meta_4ae831e3-0263-4912-b1f5-379b2263c7ad.json
[22:55:18][INFO][同步项目开发记录] 上传成功: output/log/2026-08-10.log
[22:55:18][INFO][同步项目开发记录] 上传成功: output/sync_meta/sync_meta_4ae831e3-0263-4912-b1f5-379b2263c7ad.json
[22:55:23][INFO][同步项目开发记录] 上传成功: output/log/2026-08-10.log
[22:55:23][INFO][同步项目开发记录] 上传成功: output/sync_meta/sync_meta_4ae831e3-0263-4912-b1f5-379b2263c7ad.json
[22:55:28][INFO][同步项目开发记录] 上传成功: output/log/2026-08-10.log
[22:55:28][INFO][同步项目开发记录] 上传成功: output/sync_meta/sync_meta_4ae831e3-0263-4912-b1f5-379b2263c7ad.json
[22:55:33][INFO][同步项目开发记录] 上传成功: output/log/2026-08-10.log
[22:55:33][INFO][同步项目开发记录] 上传成功: output/sync_meta/sync_meta_4ae831e3-0263-4912-b1f5-379b2263c7ad.json
[22:55:38][INFO][同步项目开发记录] 上传成功: output/log/2026-08-10.log
[22:55:38][INFO][同步项目开发记录] 上传成功: output/sync_meta/sync_meta_4ae831e3-0263-4912-b1f5-379b2263c7ad.json
[22:55:43][INFO][同步项目开发记录] 上传成功: output/log/2026-08-10.log
[22:55:43][INFO][同步项目开发记录] 上传成功: output/sync_meta/sync_meta_4ae831e3-0263-4912-b1f5-379b2263c7ad.json
[22:55:48][INFO][同步项目开发记录] 上传成功: output/log/2026-08-10.log
[22:55:48][INFO][同步项目开发记录] 上传成功: output/sync_meta/sync_meta_4ae831e3-0263-4912-b1f5-379b2263c7ad.json
[22:55:53][INFO][同步项目开发记录] 上传成功: output/log/2026-08-10.log
[22:55:53][INFO][同步项目开发记录] 上传成功: output/sync_meta/sync_meta_4ae831e3-0263-4912-b1f5-379b2263c7ad.json
[22:55:58][INFO][同步项目开发记录] 上传成功: output/log/2026-08-10.log
[22:55:58][INFO][同步项目开发记录] 上传成功: output/sync_meta/sync_meta_4ae831e3-0263-4912-b1f5-379b2263c7ad.json
[22:56:03][INFO][同步项目开发记录] 上传成功: output/log/2026-08-10.log
[22:56:03][INFO][同步项目开发记录] 上传成功: output/sync_meta/sync_meta_4ae831e3-0263-4912-b1f5-379b2263c7ad.json
[22:56:08][INFO][同步项目开发记录] 上传成功: output/log/2026-08-10.log
[22:56:08][INFO][同步项目开发记录] 上传成功: output/sync_meta/sync_meta_4ae831e3-0263-4912-b1f5-379b2263c7ad.json
[22:56:13][INFO][同步项目开发记录] 上传成功: output/log/2026-08-10.log
[22:56:13][INFO][同步项目开发记录] 上传成功: output/sync_meta/sync_meta_4ae831e3-0263-4912-b1f5-379b2263c7ad.json
[22:56:18][INFO][同步项目开发记录] 上传成功: output/log/2026-08-10.log
[22:56:18][INFO][同步项目开发记录] 上传成功: output/sync_meta/sync_meta_4ae831e3-0263-4912-b1f5-379b2263c7ad.json
[22:56:23][INFO][同步项目开发记录] 上传成功: output/log/2026-08-10.log
[22:56:23][INFO][同步项目开发记录] 上传成功: output/sync_meta/sync_meta_4ae831e3-0263-4912-b1f5-379b2263c7ad.json
[22:56:28][INFO][同步项目开发记录] 上传成功: output/log/2026-08-10.log
[22:56:28][INFO][同步项目开发记录] 上传成功: output/sync_meta/sync_meta_4ae831e3-0263-4912-b1f5-379b2263c7ad.json
[22:56:33][INFO][同步项目开发记录] 上传成功: output/log/2026-08-10.log
[22:56:33][INFO][同步项目开发记录] 上传成功: output/sync_meta/sync_meta_4ae831e3-0263-4912-b1f5-379b2263c7ad.json
[22:56:38][INFO][同步项目开发记录] 上传成功: output/log/2026-08-10.log
[22:56:38][INFO][同步项目开发记录] 上传成功: output/sync_meta/sync_meta_4ae831e3-0263-4912-b1f5-379b2263c7ad.json
[22:56:43][INFO][同步项目开发记录] 上传成功: output/log/2026-08-10.log
[22:56:43][INFO][同步项目开发记录] 上传成功: output/sync_meta/sync_meta_4ae831e3-0263-4912-b1f5-379b2263c7ad.json
[22:56:48][INFO][同步项目开发记录] 上传成功: output/log/2026-08-10.log
[22:56:48][INFO][同步项目开发记录] 上传成功: output/sync_meta/sync_meta_4ae831e3-0263-4912-b1f5-379b2263c7ad.json
[22:56:53][INFO][同步项目开发记录] 上传成功: output/log/2026-08-10.log
[22:56:53][INFO][同步项目开发记录] 上传成功: output/sync_meta/sync_meta_4ae831e3-0263-4912-b1f5-379b2263c7ad.json
[22:56:58][INFO][同步项目开发记录] 上传成功: output/log/2026-08-10.log
[22:56:58][INFO][同步项目开发记录] 上传成功: output/sync_meta/sync_meta_4ae831e3-0263-4912-b1f5-379b2263c7ad.json
[22:57:03][INFO][同步项目开发记录] 上传成功: output/log/2026-08-10.log
[22:57:03][INFO][同步项目开发记录] 上传成功: output/sync_meta/sync_meta_4ae831e3-0263-4912-b1f5-379b2263c7ad.json
[22:57:08][INFO][同步项目开发记录] 上传成功: output/log/2026-08-10.log
[22:57:08][INFO][同步项目开发记录] 上传成功: output/sync_meta/sync_meta_4ae831e3-0263-4912-b1f5-379b2263c7ad.json
[22:57:13][INFO][同步项目开发记录] 上传成功: output/log/2026-08-10.log
[22:57:13][INFO][同步项目开发记录] 上传成功: output/sync_meta/sync_meta_4ae831e3-0263-4912-b1f5-379b2263c7ad.json
[22:57:18][INFO][同步项目开发记录] 上传成功: output/log/2026-08-10.log
[22:57:18][INFO][同步项目开发记录] 上传成功: output/sync_meta/sync_meta_4ae831e3-0263-4912-b1f5-379b2263c7ad.json
[22:57:23][INFO][同步项目开发记录] 上传成功: output/log/2026-08-10.log
[22:57:23][INFO][同步项目开发记录] 上传成功: output/sync_meta/sync_meta_4ae831e3-0263-4912-b1f5-379b2263c7ad.json
[22:57:28][INFO][同步项目开发记录] 上传成功: output/log/2026-08-10.log
[22:57:28][INFO][同步项目开发记录] 上传成功: output/sync_meta/sync_meta_4ae831e3-0263-4912-b1f5-379b2263c7ad.json
[22:57:33][INFO][同步项目开发记录] 上传成功: output/log/2026-08-10.log
[22:57:33][INFO][同步项目开发记录] 上传成功: output/sync_meta/sync_meta_4ae831e3-0263-4912-b1f5-379b2263c7ad.json
[22:57:38][INFO][同步项目开发记录] 上传成功: output/log/2026-08-10.log
[22:57:38][INFO][同步项目开发记录] 上传成功: output/sync_meta/sync_meta_4ae831e3-0263-4912-b1f5-379b2263c7ad.json
[22:57:43][INFO][同步项目开发记录] 上传成功: output/log/2026-08-10.log
[22:57:43][INFO][同步项目开发记录] 上传成功: output/sync_meta/sync_meta_4ae831e3-0263-4912-b1f5-379b2263c7ad.json
[22:57:48][INFO][同步项目开发记录] 上传成功: output/log/2026-08-10.log
[22:57:48][INFO][同步项目开发记录] 上传成功: output/sync_meta/sync_meta_4ae831e3-0263-4912-b1f5-379b2263c7ad.json
[22:57:53][INFO][同步项目开发记录] 上传成功: output/log/2026-08-10.log
[22:57:53][INFO][同步项目开发记录] 上传成功: output/sync_meta/sync_meta_4ae831e3-0263-4912-b1f5-379b2263c7ad.json
[22:57:58][INFO][同步项目开发记录] 上传成功: output/log/2026-08-10.log
[22:57:58][INFO][同步项目开发记录] 上传成功: output/sync_meta/sync_meta_4ae831e3-0263-4912-b1f5-379b2263c7ad.json
[22:58:03][INFO][同步项目开发记录] 上传成功: output/log/2026-08-10.log
[22:58:03][INFO][同步项目开发记录] 上传成功: output/sync_meta/sync_meta_4ae831e3-0263-4912-b1f5-379b2263c7ad.json
[22:58:08][INFO][同步项目开发记录] 上传成功: output/log/2026-08-10.log
[22:58:08][INFO][同步项目开发记录] 上传成功: output/sync_meta/sync_meta_4ae831e3-0263-4912-b1f5-379b2263c7ad.json
[22:58:13][INFO][同步项目开发记录] 上传成功: output/log/2026-08-10.log
[22:58:13][INFO][同步项目开发记录] 上传成功: output/sync_meta/sync_meta_4ae831e3-0263-4912-b1f5-379b2263c7ad.json
[22:58:18][INFO][同步项目开发记录] 上传成功: output/log/2026-08-10.log
[22:58:18][INFO][同步项目开发记录] 上传成功: output/sync_meta/sync_meta_4ae831e3-0263-4912-b1f5-379b2263c7ad.json
[22:58:23][INFO][同步项目开发记录] 上传成功: output/log/2026-08-10.log
[22:58:23][INFO][同步项目开发记录] 上传成功: output/sync_meta/sync_meta_4ae831e3-0263-4912-b1f5-379b2263c7ad.json
[22:58:28][INFO][同步项目开发记录] 上传成功: output/log/2026-08-10.log
[22:58:28][INFO][同步项目开发记录] 上传成功: output/sync_meta/sync_meta_4ae831e3-0263-4912-b1f5-379b2263c7ad.json
[22:58:33][INFO][同步项目开发记录] 上传成功: output/log/2026-08-10.log
[22:58:33][INFO][同步项目开发记录] 上传成功: output/sync_meta/sync_meta_4ae831e3-0263-4912-b1f5-379b2263c7ad.json
[22:58:38][INFO][同步项目开发记录] 上传成功: output/log/2026-08-10.log
[22:58:38][INFO][同步项目开发记录] 上传成功: output/sync_meta/sync_meta_4ae831e3-0263-4912-b1f5-379b2263c7ad.json
[22:58:43][INFO][同步项目开发记录] 上传成功: output/log/2026-08-10.log
[22:58:43][INFO][同步项目开发记录] 上传成功: output/sync_meta/sync_meta_4ae831e3-0263-4912-b1f5-379b2263c7ad.json
[22:58:48][INFO][同步项目开发记录] 上传成功: output/log/2026-08-10.log
[22:58:48][INFO][同步项目开发记录] 上传成功: output/sync_meta/sync_meta_4ae831e3-0263-4912-b1f5-379b2263c7ad.json
[22:58:53][INFO][同步项目开发记录] 上传成功: output/log/2026-08-10.log
[22:58:53][INFO][同步项目开发记录] 上传成功: output/sync_meta/sync_meta_4ae831e3-0263-4912-b1f5-379b2263c7ad.json
[22:58:58][INFO][同步项目开发记录] 上传成功: output/log/2026-08-10.log
[22:58:58][INFO][同步项目开发记录] 上传成功: output/sync_meta/sync_meta_4ae831e3-0263-4912-b1f5-379b2263c7ad.json
[22:59:03][INFO][同步项目开发记录] 上传成功: output/log/2026-08-10.log
[22:59:03][INFO][同步项目开发记录] 上传成功: output/sync_meta/sync_meta_4ae831e3-0263-4912-b1f5-379b2263c7ad.json
[22:59:08][INFO][同步项目开发记录] 上传成功: output/log/2026-08-10.log
[22:59:08][INFO][同步项目开发记录] 上传成功: output/sync_meta/sync_meta_4ae831e3-0263-4912-b1f5-379b2263c7ad.json
[22:59:13][INFO][同步项目开发记录] 上传成功: output/log/2026-08-10.log
[22:59:13][INFO][同步项目开发记录] 上传成功: output/sync_meta/sync_meta_4ae831e3-0263-4912-b1f5-379b2263c7ad.json
[22:59:18][INFO][同步项目开发记录] 上传成功: output/log/2026-08-10.log
[22:59:18][INFO][同步项目开发记录] 上传成功: output/sync_meta/sync_meta_4ae831e3-0263-4912-b1f5-379b2263c7ad.json
[22:59:23][INFO][同步项目开发记录] 上传成功: output/log/2026-08-10.log
[22:59:23][INFO][同步项目开发记录] 上传成功: output/sync_meta/sync_meta_4ae831e3-0263-4912-b1f5-379b2263c7ad.json
[22:59:28][INFO][同步项目开发记录] 上传成功: output/log/2026-08-10.log
[22:59:28][INFO][同步项目开发记录] 上传成功: output/sync_meta/sync_meta_4ae831e3-0263-4912-b1f5-379b2263c7ad.json
[22:59:33][INFO][同步项目开发记录] 上传成功: output/log/2026-08-10.log
[22:59:33][INFO][同步项目开发记录] 上传成功: output/sync_meta/sync_meta_4ae831e3-0263-4912-b1f5-379b2263c7ad.json
[22:59:38][INFO][同步项目开发记录] 上传成功: output/log/2026-08-10.log
[22:59:38][INFO][同步项目开发记录] 上传成功: output/sync_meta/sync_meta_4ae831e3-0263-4912-b1f5-379b2263c7ad.json
[22:59:43][INFO][同步项目开发记录] 上传成功: output/log/2026-08-10.log
[22:59:43][INFO][同步项目开发记录] 上传成功: output/sync_meta/sync_meta_4ae831e3-0263-4912-b1f5-379b2263c7ad.json
[22:59:48][INFO][同步项目开发记录] 上传成功: output/log/2026-08-10.log
[22:59:48][INFO][同步项目开发记录] 上传成功: output/sync_meta/sync_meta_4ae831e3-0263-4912-b1f5-379b2263c7ad.json
[22:59:53][INFO][同步项目开发记录] 上传成功: output/log/2026-08-10.log
[22:59:53][INFO][同步项目开发记录] 上传成功: output/sync_meta/sync_meta_4ae831e3-0263-4912-b1f5-379b2263c7ad.json
[22:59:58][INFO][同步项目开发记录] 上传成功: output/log/2026-08-10.log
[22:59:58][INFO][同步项目开发记录] 上传成功: output/sync_meta/sync_meta_4ae831e3-0263-4912-b1f5-379b2263c7ad.json
[23:00:03][INFO][同步项目开发记录] 上传成功: output/log/2026-08-10.log
[23:00:03][INFO][同步项目开发记录] 上传成功: output/sync_meta/sync_meta_4ae831e3-0263-4912-b1f5-379b2263c7ad.json
[23:00:08][INFO][同步项目开发记录] 上传成功: output/log/2026-08-10.log
[23:00:08][INFO][同步项目开发记录] 上传成功: output/sync_meta/sync_meta_4ae831e3-0263-4912-b1f5-379b2263c7ad.json
[23:00:13][INFO][同步项目开发记录] 上传成功: output/log/2026-08-10.log
[23:00:13][INFO][同步项目开发记录] 上传成功: output/sync_meta/sync_meta_4ae831e3-0263-4912-b1f5-379b2263c7ad.json
[23:00:18][INFO][同步项目开发记录] 上传成功: output/log/2026-08-10.log
[23:00:18][INFO][同步项目开发记录] 上传成功: output/sync_meta/sync_meta_4ae831e3-0263-4912-b1f5-379b2263c7ad.json
[23:00:23][INFO][同步项目开发记录] 上传成功: output/log/2026-08-10.log
[23:00:23][INFO][同步项目开发记录] 上传成功: output/sync_meta/sync_meta_4ae831e3-0263-4912-b1f5-379b2263c7ad.json
[23:00:28][INFO][同步项目开发记录] 上传成功: output/log/2026-08-10.log
[23:00:28][INFO][同步项目开发记录] 上传成功: output/sync_meta/sync_meta_4ae831e3-0263-4912-b1f5-379b2263c7ad.json
[23:00:33][INFO][同步项目开发记录] 上传成功: output/log/2026-08-10.log
[23:00:33][INFO][同步项目开发记录] 上传成功: output/sync_meta/sync_meta_4ae831e3-0263-4912-b1f5-379b2263c7ad.json
[23:00:38][INFO][同步项目开发记录] 上传成功: output/log/2026-08-10.log
[23:00:38][INFO][同步项目开发记录] 上传成功: output/sync_meta/sync_meta_4ae831e3-0263-4912-b1f5-379b2263c7ad.json
[23:00:43][INFO][同步项目开发记录] 上传成功: output/log/2026-08-10.log
[23:00:43][INFO][同步项目开发记录] 上传成功: output/sync_meta/sync_meta_4ae831e3-0263-4912-b1f5-379b2263c7ad.json
[23:00:48][INFO][同步项目开发记录] 上传成功: output/log/2026-08-10.log
[23:00:48][INFO][同步项目开发记录] 上传成功: output/sync_meta/sync_meta_4ae831e3-0263-4912-b1f5-379b2263c7ad.json
[23:00:53][INFO][同步项目开发记录] 上传成功: output/log/2026-08-10.log
[23:00:53][INFO][同步项目开发记录] 上传成功: output/sync_meta/sync_meta_4ae831e3-0263-4912-b1f5-379b2263c7ad.json
[23:00:58][INFO][同步项目开发记录] 上传成功: output/log/2026-08-10.log
[23:00:58][INFO][同步项目开发记录] 上传成功: output/sync_meta/sync_meta_4ae831e3-0263-4912-b1f5-379b2263c7ad.json
[23:01:03][INFO][同步项目开发记录] 上传成功: output/log/2026-08-10.log
[23:01:03][INFO][同步项目开发记录] 上传成功: output/sync_meta/sync_meta_4ae831e3-0263-4912-b1f5-379b2263c7ad.json
[23:01:08][INFO][同步项目开发记录] 上传成功: output/log/2026-08-10.log
[23:01:08][INFO][同步项目开发记录] 上传成功: output/sync_meta/sync_meta_4ae831e3-0263-4912-b1f5-379b2263c7ad.json
[23:01:13][INFO][同步项目开发记录] 上传成功: output/log/2026-08-10.log
[23:01:13][INFO][同步项目开发记录] 上传成功: output/sync_meta/sync_meta_4ae831e3-0263-4912-b1f5-379b2263c7ad.json
[23:01:18][INFO][同步项目开发记录] 上传成功: output/log/2026-08-10.log
[23:01:18][INFO][同步项目开发记录] 上传成功: output/sync_meta/sync_meta_4ae831e3-0263-4912-b1f5-379b2263c7ad.json
[23:01:23][INFO][同步项目开发记录] 上传成功: output/log/2026-08-10.log
[23:01:23][INFO][同步项目开发记录] 上传成功: output/sync_meta/sync_meta_4ae831e3-0263-4912-b1f5-379b2263c7ad.json
[23:01:28][INFO][同步项目开发记录] 上传成功: output/log/2026-08-10.log
[23:01:28][INFO][同步项目开发记录] 上传成功: output/sync_meta/sync_meta_4ae831e3-0263-4912-b1f5-379b2263c7ad.json
[23:01:33][INFO][同步项目开发记录] 上传成功: output/log/2026-08-10.log
[23:01:33][INFO][同步项目开发记录] 上传成功: output/sync_meta/sync_meta_4ae831e3-0263-4912-b1f5-379b2263c7ad.json
[23:01:38][INFO][同步项目开发记录] 上传成功: output/log/2026-08-10.log
[23:01:38][INFO][同步项目开发记录] 上传成功: output/sync_meta/sync_meta_4ae831e3-0263-4912-b1f5-379b2263c7ad.json
[23:01:43][INFO][同步项目开发记录] 上传成功: output/log/2026-08-10.log
[23:01:43][INFO][同步项目开发记录] 上传成功: output/sync_meta/sync_meta_4ae831e3-0263-4912-b1f5-379b2263c7ad.json
[23:01:48][INFO][同步项目开发记录] 上传成功: output/log/2026-08-10.log
[23:01:48][INFO][同步项目开发记录] 上传成功: output/sync_meta/sync_meta_4ae831e3-0263-4912-b1f5-379b2263c7ad.json
[23:01:53][INFO][同步项目开发记录] 上传成功: output/log/2026-08-10.log
[23:01:53][INFO][同步项目开发记录] 上传成功: output/sync_meta/sync_meta_4ae831e3-0263-4912-b1f5-379b2263c7ad.json
[23:01:58][INFO][同步项目开发记录] 上传成功: output/log/2026-08-10.log
[23:01:58][INFO][同步项目开发记录] 上传成功: output/sync_meta/sync_meta_4ae831e3-0263-4912-b1f5-379b2263c7ad.json
[23:02:03][INFO][同步项目开发记录] 上传成功: output/log/2026-08-10.log
[23:02:03][INFO][同步项目开发记录] 上传成功: output/sync_meta/sync_meta_4ae831e3-0263-4912-b1f5-379b2263c7ad.json
[23:02:08][INFO][同步项目开发记录] 上传成功: output/log/2026-08-10.log
[23:02:08][INFO][同步项目开发记录] 上传成功: output/sync_meta/sync_meta_4ae831e3-0263-4912-b1f5-379b2263c7ad.json
[23:02:13][INFO][同步项目开发记录] 上传成功: output/log/2026-08-10.log
[23:02:13][INFO][同步项目开发记录] 上传成功: output/sync_meta/sync_meta_4ae831e3-0263-4912-b1f5-379b2263c7ad.json
[23:02:18][INFO][同步项目开发记录] 上传成功: output/log/2026-08-10.log
[23:02:18][INFO][同步项目开发记录] 上传成功: output/sync_meta/sync_meta_4ae831e3-0263-4912-b1f5-379b2263c7ad.json
[23:02:23][INFO][同步项目开发记录] 上传成功: output/log/2026-08-10.log
[23:02:23][INFO][同步项目开发记录] 上传成功: output/sync_meta/sync_meta_4ae831e3-0263-4912-b1f5-379b2263c7ad.json
[23:02:28][INFO][同步项目开发记录] 上传成功: output/log/2026-08-10.log
[23:02:28][INFO][同步项目开发记录] 上传成功: output/sync_meta/sync_meta_4ae831e3-0263-4912-b1f5-379b2263c7ad.json
[23:02:33][INFO][同步项目开发记录] 上传成功: output/log/2026-08-10.log
[23:02:33][INFO][同步项目开发记录] 上传成功: output/sync_meta/sync_meta_4ae831e3-0263-4912-b1f5-379b2263c7ad.json
[23:02:38][INFO][同步项目开发记录] 上传成功: output/log/2026-08-10.log
[23:02:38][INFO][同步项目开发记录] 上传成功: output/sync_meta/sync_meta_4ae831e3-0263-4912-b1f5-379b2263c7ad.json
[23:02:43][INFO][同步项目开发记录] 上传成功: output/log/2026-08-10.log
[23:02:43][INFO][同步项目开发记录] 上传成功: output/sync_meta/sync_meta_4ae831e3-0263-4912-b1f5-379b2263c7ad.json
[23:02:48][INFO][同步项目开发记录] 上传成功: output/log/2026-08-10.log
[23:02:48][INFO][同步项目开发记录] 上传成功: output/sync_meta/sync_meta_4ae831e3-0263-4912-b1f5-379b2263c7ad.json
[23:02:53][INFO][同步项目开发记录] 上传成功: output/log/2026-08-10.log
[23:02:53][INFO][同步项目开发记录] 上传成功: output/sync_meta/sync_meta_4ae831e3-0263-4912-b1f5-379b2263c7ad.json
[23:02:58][INFO][同步项目开发记录] 上传成功: output/log/2026-08-10.log
[23:02:58][INFO][同步项目开发记录] 上传成功: output/sync_meta/sync_meta_4ae831e3-0263-4912-b1f5-379b2263c7ad.json
[23:03:03][INFO][同步项目开发记录] 上传成功: output/log/2026-08-10.log
[23:03:03][INFO][同步项目开发记录] 上传成功: output/sync_meta/sync_meta_4ae831e3-0263-4912-b1f5-379b2263c7ad.json
[23:03:08][INFO][同步项目开发记录] 上传成功: output/log/2026-08-10.log
[23:03:08][INFO][同步项目开发记录] 上传成功: output/sync_meta/sync_meta_4ae831e3-0263-4912-b1f5-379b2263c7ad.json
[23:03:13][INFO][同步项目开发记录] 上传成功: output/log/2026-08-10.log
[23:03:13][INFO][同步项目开发记录] 上传成功: output/sync_meta/sync_meta_4ae831e3-0263-4912-b1f5-379b2263c7ad.json
[23:03:18][INFO][同步项目开发记录] 上传成功: output/log/2026-08-10.log
[23:03:18][INFO][同步项目开发记录] 上传成功: output/sync_meta/sync_meta_4ae831e3-0263-4912-b1f5-379b2263c7ad.json
[23:03:23][INFO][同步项目开发记录] 上传成功: output/log/2026-08-10.log
[23:03:23][INFO][同步项目开发记录] 上传成功: output/sync_meta/sync_meta_4ae831e3-0263-4912-b1f5-379b2263c7ad.json
[23:03:28][INFO][同步项目开发记录] 上传成功: output/log/2026-08-10.log
[23:03:28][INFO][同步项目开发记录] 上传成功: output/sync_meta/sync_meta_4ae831e3-0263-4912-b1f5-379b2263c7ad.json
[23:03:33][INFO][同步项目开发记录] 上传成功: output/log/2026-08-10.log
[23:03:33][INFO][同步项目开发记录] 上传成功: output/sync_meta/sync_meta_4ae831e3-0263-4912-b1f5-379b2263c7ad.json
[23:03:38][INFO][同步项目开发记录] 上传成功: output/log/2026-08-10.log
[23:03:38][INFO][同步项目开发记录] 上传成功: output/sync_meta/sync_meta_4ae831e3-0263-4912-b1f5-379b2263c7ad.json
[23:03:43][INFO][同步项目开发记录] 上传成功: output/log/2026-08-10.log
[23:03:43][INFO][同步项目开发记录] 上传成功: output/sync_meta/sync_meta_4ae831e3-0263-4912-b1f5-379b2263c7ad.json
[23:03:48][INFO][同步项目开发记录] 上传成功: output/log/2026-08-10.log
[23:03:48][INFO][同步项目开发记录] 上传成功: output/sync_meta/sync_meta_4ae831e3-0263-4912-b1f5-379b2263c7ad.json
[23:03:53][INFO][同步项目开发记录] 上传成功: output/log/2026-08-10.log
[23:03:53][INFO][同步项目开发记录] 上传成功: output/sync_meta/sync_meta_4ae831e3-0263-4912-b1f5-379b2263c7ad.json
[23:03:58][INFO][同步项目开发记录] 上传成功: output/log/2026-08-10.log
[23:03:58][INFO][同步项目开发记录] 上传成功: output/sync_meta/sync_meta_4ae831e3-0263-4912-b1f5-379b2263c7ad.json
[23:04:03][INFO][同步项目开发记录] 上传成功: output/log/2026-08-10.log
[23:04:03][INFO][同步项目开发记录] 上传成功: output/sync_meta/sync_meta_4ae831e3-0263-4912-b1f5-379b2263c7ad.json
[23:04:08][INFO][同步项目开发记录] 上传成功: output/log/2026-08-10.log
[23:04:08][INFO][同步项目开发记录] 上传成功: output/sync_meta/sync_meta_4ae831e3-0263-4912-b1f5-379b2263c7ad.json
[23:04:13][INFO][同步项目开发记录] 上传成功: output/log/2026-08-10.log
[23:04:13][INFO][同步项目开发记录] 上传成功: output/sync_meta/sync_meta_4ae831e3-0263-4912-b1f5-379b2263c7ad.json
[23:04:18][INFO][同步项目开发记录] 上传成功: output/log/2026-08-10.log
[23:04:18][INFO][同步项目开发记录] 上传成功: output/sync_meta/sync_meta_4ae831e3-0263-4912-b1f5-379b2263c7ad.json
[23:04:23][INFO][同步项目开发记录] 上传成功: output/log/2026-08-10.log
[23:04:23][INFO][同步项目开发记录] 上传成功: output/sync_meta/sync_meta_4ae831e3-0263-4912-b1f5-379b2263c7ad.json
[23:04:28][INFO][同步项目开发记录] 上传成功: output/log/2026-08-10.log
[23:04:28][INFO][同步项目开发记录] 上传成功: output/sync_meta/sync_meta_4ae831e3-0263-4912-b1f5-379b2263c7ad.json
[23:04:33][INFO][同步项目开发记录] 上传成功: output/log/2026-08-10.log
[23:04:33][INFO][同步项目开发记录] 上传成功: output/sync_meta/sync_meta_4ae831e3-0263-4912-b1f5-379b2263c7ad.json
[23:04:38][INFO][同步项目开发记录] 上传成功: output/log/2026-08-10.log
[23:04:38][INFO][同步项目开发记录] 上传成功: output/sync_meta/sync_meta_4ae831e3-0263-4912-b1f5-379b2263c7ad.json
[23:04:43][INFO][同步项目开发记录] 上传成功: output/log/2026-08-10.log
[23:04:43][INFO][同步项目开发记录] 上传成功: output/sync_meta/sync_meta_4ae831e3-0263-4912-b1f5-379b2263c7ad.json
[23:04:48][INFO][同步项目开发记录] 上传成功: output/log/2026-08-10.log
[23:04:48][INFO][同步项目开发记录] 上传成功: output/sync_meta/sync_meta_4ae831e3-0263-4912-b1f5-379b2263c7ad.json
[23:04:53][INFO][同步项目开发记录] 上传成功: output/log/2026-08-10.log
[23:04:53][INFO][同步项目开发记录] 上传成功: output/sync_meta/sync_meta_4ae831e3-0263-4912-b1f5-379b2263c7ad.json
[23:04:58][INFO][同步项目开发记录] 上传成功: output/log/2026-08-10.log
[23:04:58][INFO][同步项目开发记录] 上传成功: output/sync_meta/sync_meta_4ae831e3-0263-4912-b1f5-379b2263c7ad.json
[23:05:03][INFO][同步项目开发记录] 上传成功: output/log/2026-08-10.log
[23:05:03][INFO][同步项目开发记录] 上传成功: output/sync_meta/sync_meta_4ae831e3-0263-4912-b1f5-379b2263c7ad.json
[23:05:08][INFO][同步项目开发记录] 上传成功: output/log/2026-08-10.log
[23:05:08][INFO][同步项目开发记录] 上传成功: output/sync_meta/sync_meta_4ae831e3-0263-4912-b1f5-379b2263c7ad.json
[23:05:13][INFO][同步项目开发记录] 上传成功: output/log/2026-08-10.log
[23:05:13][INFO][同步项目开发记录] 上传成功: output/sync_meta/sync_meta_4ae831e3-0263-4912-b1f5-379b2263c7ad.json
[23:05:18][INFO][同步项目开发记录] 上传成功: output/log/2026-08-10.log
[23:05:18][INFO][同步项目开发记录] 上传成功: output/sync_meta/sync_meta_4ae831e3-0263-4912-b1f5-379b2263c7ad.json
[23:05:23][INFO][同步项目开发记录] 上传成功: output/log/2026-08-10.log
[23:05:23][INFO][同步项目开发记录] 上传成功: output/sync_meta/sync_meta_4ae831e3-0263-4912-b1f5-379b2263c7ad.json
[23:05:28][INFO][同步项目开发记录] 上传成功: output/log/2026-08-10.log
[23:05:28][INFO][同步项目开发记录] 上传成功: output/sync_meta/sync_meta_4ae831e3-0263-4912-b1f5-379b2263c7ad.json
[23:05:33][INFO][同步项目开发记录] 上传成功: output/log/2026-08-10.log
[23:05:33][INFO][同步项目开发记录] 上传成功: output/sync_meta/sync_meta_4ae831e3-0263-4912-b1f5-379b2263c7ad.json
[23:05:38][INFO][同步项目开发记录] 上传成功: output/log/2026-08-10.log
[23:05:38][INFO][同步项目开发记录] 上传成功: output/sync_meta/sync_meta_4ae831e3-0263-4912-b1f5-379b2263c7ad.json
[23:05:43][INFO][同步项目开发记录] 上传成功: output/log/2026-08-10.log
[23:05:43][INFO][同步项目开发记录] 上传成功: output/sync_meta/sync_meta_4ae831e3-0263-4912-b1f5-379b2263c7ad.json
[23:05:48][INFO][同步项目开发记录] 上传成功: output/log/2026-08-10.log
[23:05:48][INFO][同步项目开发记录] 上传成功: output/sync_meta/sync_meta_4ae831e3-0263-4912-b1f5-379b2263c7ad.json
[23:05:53][INFO][同步项目开发记录] 上传成功: output/log/2026-08-10.log
[23:05:53][INFO][同步项目开发记录] 上传成功: output/sync_meta/sync_meta_4ae831e3-0263-4912-b1f5-379b2263c7ad.json
[23:05:58][INFO][同步项目开发记录] 上传成功: output/log/2026-08-10.log
[23:05:58][INFO][同步项目开发记录] 上传成功: output/sync_meta/sync_meta_4ae831e3-0263-4912-b1f5-379b2263c7ad.json
[23:06:03][INFO][同步项目开发记录] 上传成功: output/log/2026-08-10.log
[23:06:03][INFO][同步项目开发记录] 上传成功: output/sync_meta/sync_meta_4ae831e3-0263-4912-b1f5-379b2263c7ad.json
[23:06:08][INFO][同步项目开发记录] 上传成功: output/log/2026-08-10.log
[23:06:08][INFO][同步项目开发记录] 上传成功: output/sync_meta/sync_meta_4ae831e3-0263-4912-b1f5-379b2263c7ad.json
[23:06:13][INFO][同步项目开发记录] 上传成功: output/log/2026-08-10.log
[23:06:13][INFO][同步项目开发记录] 上传成功: output/sync_meta/sync_meta_4ae831e3-0263-4912-b1f5-379b2263c7ad.json
[23:06:18][INFO][同步项目开发记录] 上传成功: output/log/2026-08-10.log
[23:06:18][INFO][同步项目开发记录] 上传成功: output/sync_meta/sync_meta_4ae831e3-0263-4912-b1f5-379b2263c7ad.json
[23:06:23][INFO][同步项目开发记录] 上传成功: output/log/2026-08-10.log
[23:06:23][INFO][同步项目开发记录] 上传成功: output/sync_meta/sync_meta_4ae831e3-0263-4912-b1f5-379b2263c7ad.json
[23:06:28][INFO][同步项目开发记录] 上传成功: output/log/2026-08-10.log
[23:06:28][INFO][同步项目开发记录] 上传成功: output/sync_meta/sync_meta_4ae831e3-0263-4912-b1f5-379b2263c7ad.json
[23:06:33][INFO][同步项目开发记录] 上传成功: output/log/2026-08-10.log
[23:06:33][INFO][同步项目开发记录] 上传成功: output/sync_meta/sync_meta_4ae831e3-0263-4912-b1f5-379b2263c7ad.json
[23:06:38][INFO][同步项目开发记录] 上传成功: output/log/2026-08-10.log
[23:06:38][INFO][同步项目开发记录] 上传成功: output/sync_meta/sync_meta_4ae831e3-0263-4912-b1f5-379b2263c7ad.json
[23:06:43][INFO][同步项目开发记录] 上传成功: output/log/2026-08-10.log
[23:06:43][INFO][同步项目开发记录] 上传成功: output/sync_meta/sync_meta_4ae831e3-0263-4912-b1f5-379b2263c7ad.json
[23:06:48][INFO][同步项目开发记录] 上传成功: output/log/2026-08-10.log
[23:06:48][INFO][同步项目开发记录] 上传成功: output/sync_meta/sync_meta_4ae831e3-0263-4912-b1f5-379b2263c7ad.json
[23:06:53][INFO][同步项目开发记录] 上传成功: output/log/2026-08-10.log
[23:06:53][INFO][同步项目开发记录] 上传成功: output/sync_meta/sync_meta_4ae831e3-0263-4912-b1f5-379b2263c7ad.json
[23:06:58][INFO][同步项目开发记录] 上传成功: output/log/2026-08-10.log
[23:06:58][INFO][同步项目开发记录] 上传成功: output/sync_meta/sync_meta_4ae831e3-0263-4912-b1f5-379b2263c7ad.json
[23:07:03][INFO][同步项目开发记录] 上传成功: output/log/2026-08-10.log
[23:07:03][INFO][同步项目开发记录] 上传成功: output/sync_meta/sync_meta_4ae831e3-0263-4912-b1f5-379b2263c7ad.json
[23:07:08][INFO][同步项目开发记录] 上传成功: output/log/2026-08-10.log
[23:07:08][INFO][同步项目开发记录] 上传成功: output/sync_meta/sync_meta_4ae831e3-0263-4912-b1f5-379b2263c7ad.json
[23:07:13][INFO][同步项目开发记录] 上传成功: output/log/2026-08-10.log
[23:07:13][INFO][同步项目开发记录] 上传成功: output/sync_meta/sync_meta_4ae831e3-0263-4912-b1f5-379b2263c7ad.json
[23:07:18][INFO][同步项目开发记录] 上传成功: output/log/2026-08-10.log
[23:07:18][INFO][同步项目开发记录] 上传成功: output/sync_meta/sync_meta_4ae831e3-0263-4912-b1f5-379b2263c7ad.json
[23:07:23][INFO][同步项目开发记录] 上传成功: output/log/2026-08-10.log
[23:07:23][INFO][同步项目开发记录] 上传成功: output/sync_meta/sync_meta_4ae831e3-0263-4912-b1f5-379b2263c7ad.json
[23:07:28][INFO][同步项目开发记录] 上传成功: output/log/2026-08-10.log
[23:07:28][INFO][同步项目开发记录] 上传成功: output/sync_meta/sync_meta_4ae831e3-0263-4912-b1f5-379b2263c7ad.json
[23:07:33][INFO][同步项目开发记录] 上传成功: output/log/2026-08-10.log
[23:07:33][INFO][同步项目开发记录] 上传成功: output/sync_meta/sync_meta_4ae831e3-0263-4912-b1f5-379b2263c7ad.json
[23:07:38][INFO][同步项目开发记录] 上传成功: output/log/2026-08-10.log
[23:07:38][INFO][同步项目开发记录] 上传成功: output/sync_meta/sync_meta_4ae831e3-0263-4912-b1f5-379b2263c7ad.json
[23:07:43][INFO][同步项目开发记录] 上传成功: output/log/2026-08-10.log
[23:07:43][INFO][同步项目开发记录] 上传成功: output/sync_meta/sync_meta_4ae831e3-0263-4912-b1f5-379b2263c7ad.json
[23:07:48][INFO][同步项目开发记录] 上传成功: output/log/2026-08-10.log
[23:07:48][INFO][同步项目开发记录] 上传成功: output/sync_meta/sync_meta_4ae831e3-0263-4912-b1f5-379b2263c7ad.json
[23:07:53][INFO][同步项目开发记录] 上传成功: output/log/2026-08-10.log
[23:07:53][INFO][同步项目开发记录] 上传成功: output/sync_meta/sync_meta_4ae831e3-0263-4912-b1f5-379b2263c7ad.json
[23:07:58][INFO][同步项目开发记录] 上传成功: output/log/2026-08-10.log
[23:07:58][INFO][同步项目开发记录] 上传成功: output/sync_meta/sync_meta_4ae831e3-0263-4912-b1f5-379b2263c7ad.json
[23:08:03][INFO][同步项目开发记录] 上传成功: output/log/2026-08-10.log
[23:08:03][INFO][同步项目开发记录] 上传成功: output/sync_meta/sync_meta_4ae831e3-0263-4912-b1f5-379b2263c7ad.json
[23:08:08][INFO][同步项目开发记录] 上传成功: output/log/2026-08-10.log
[23:08:08][INFO][同步项目开发记录] 上传成功: output/sync_meta/sync_meta_4ae831e3-0263-4912-b1f5-379b2263c7ad.json
[23:08:13][INFO][同步项目开发记录] 上传成功: output/log/2026-08-10.log
[23:08:13][INFO][同步项目开发记录] 上传成功: output/sync_meta/sync_meta_4ae831e3-0263-4912-b1f5-379b2263c7ad.json
[23:08:18][INFO][同步项目开发记录] 上传成功: output/log/2026-08-10.log
[23:08:18][INFO][同步项目开发记录] 上传成功: output/sync_meta/sync_meta_4ae831e3-0263-4912-b1f5-379b2263c7ad.json
[23:08:23][INFO][同步项目开发记录] 上传成功: output/log/2026-08-10.log
[23:08:23][INFO][同步项目开发记录] 上传成功: output/sync_meta/sync_meta_4ae831e3-0263-4912-b1f5-379b2263c7ad.json
[23:08:28][INFO][同步项目开发记录] 上传成功: output/log/2026-08-10.log
[23:08:28][INFO][同步项目开发记录] 上传成功: output/sync_meta/sync_meta_4ae831e3-0263-4912-b1f5-379b2263c7ad.json
[23:08:33][INFO][同步项目开发记录] 上传成功: output/log/2026-08-10.log
[23:08:33][INFO][同步项目开发记录] 上传成功: output/sync_meta/sync_meta_4ae831e3-0263-4912-b1f5-379b2263c7ad.json
[23:08:38][INFO][同步项目开发记录] 上传成功: output/log/2026-08-10.log
[23:08:38][INFO][同步项目开发记录] 上传成功: output/sync_meta/sync_meta_4ae831e3-0263-4912-b1f5-379b2263c7ad.json
[23:08:43][INFO][同步项目开发记录] 上传成功: output/log/2026-08-10.log
[23:08:43][INFO][同步项目开发记录] 上传成功: output/sync_meta/sync_meta_4ae831e3-0263-4912-b1f5-379b2263c7ad.json
[23:08:48][INFO][同步项目开发记录] 上传成功: output/log/2026-08-10.log
[23:08:48][INFO][同步项目开发记录] 上传成功: output/sync_meta/sync_meta_4ae831e3-0263-4912-b1f5-379b2263c7ad.json
[23:08:53][INFO][同步项目开发记录] 上传成功: output/log/2026-08-10.log
[23:08:53][INFO][同步项目开发记录] 上传成功: output/sync_meta/sync_meta_4ae831e3-0263-4912-b1f5-379b2263c7ad.json
[23:08:58][INFO][同步项目开发记录] 上传成功: output/log/2026-08-10.log
[23:08:58][INFO][同步项目开发记录] 上传成功: output/sync_meta/sync_meta_4ae831e3-0263-4912-b1f5-379b2263c7ad.json
[23:09:03][INFO][同步项目开发记录] 上传成功: output/log/2026-08-10.log
[23:09:03][INFO][同步项目开发记录] 上传成功: output/sync_meta/sync_meta_4ae831e3-0263-4912-b1f5-379b2263c7ad.json
[23:09:08][INFO][同步项目开发记录] 上传成功: output/log/2026-08-10.log
[23:09:08][INFO][同步项目开发记录] 上传成功: output/sync_meta/sync_meta_4ae831e3-0263-4912-b1f5-379b2263c7ad.json
[23:09:13][INFO][同步项目开发记录] 上传成功: output/log/2026-08-10.log
[23:09:13][INFO][同步项目开发记录] 上传成功: output/sync_meta/sync_meta_4ae831e3-0263-4912-b1f5-379b2263c7ad.json
[23:09:18][INFO][同步项目开发记录] 上传成功: output/log/2026-08-10.log
[23:09:18][INFO][同步项目开发记录] 上传成功: output/sync_meta/sync_meta_4ae831e3-0263-4912-b1f5-379b2263c7ad.json
[23:09:23][INFO][同步项目开发记录] 上传成功: output/log/2026-08-10.log
[23:09:23][INFO][同步项目开发记录] 上传成功: output/sync_meta/sync_meta_4ae831e3-0263-4912-b1f5-379b2263c7ad.json
[23:09:28][INFO][同步项目开发记录] 上传成功: output/log/2026-08-10.log
[23:09:28][INFO][同步项目开发记录] 上传成功: output/sync_meta/sync_meta_4ae831e3-0263-4912-b1f5-379b2263c7ad.json
[23:09:33][INFO][同步项目开发记录] 上传成功: output/log/2026-08-10.log
[23:09:33][INFO][同步项目开发记录] 上传成功: output/sync_meta/sync_meta_4ae831e3-0263-4912-b1f5-379b2263c7ad.json
[23:09:38][INFO][同步项目开发记录] 上传成功: output/log/2026-08-10.log
[23:09:38][INFO][同步项目开发记录] 上传成功: output/sync_meta/sync_meta_4ae831e3-0263-4912-b1f5-379b2263c7ad.json
[23:09:43][INFO][同步项目开发记录] 上传成功: output/log/2026-08-10.log
[23:09:43][INFO][同步项目开发记录] 上传成功: output/sync_meta/sync_meta_4ae831e3-0263-4912-b1f5-379b2263c7ad.json
[23:09:48][INFO][同步项目开发记录] 上传成功: output/log/2026-08-10.log
[23:09:48][INFO][同步项目开发记录] 上传成功: output/sync_meta/sync_meta_4ae831e3-0263-4912-b1f5-379b2263c7ad.json
[23:09:53][INFO][同步项目开发记录] 上传成功: output/log/2026-08-10.log
[23:09:53][INFO][同步项目开发记录] 上传成功: output/sync_meta/sync_meta_4ae831e3-0263-4912-b1f5-379b2263c7ad.json
[23:09:58][INFO][同步项目开发记录] 上传成功: output/log/2026-08-10.log
[23:09:58][INFO][同步项目开发记录] 上传成功: output/sync_meta/sync_meta_4ae831e3-0263-4912-b1f5-379b2263c7ad.json
[23:10:03][INFO][同步项目开发记录] 上传成功: output/log/2026-08-10.log
[23:10:03][INFO][同步项目开发记录] 上传成功: output/sync_meta/sync_meta_4ae831e3-0263-4912-b1f5-379b2263c7ad.json
[23:10:08][INFO][同步项目开发记录] 上传成功: output/log/2026-08-10.log
[23:10:08][INFO][同步项目开发记录] 上传成功: output/sync_meta/sync_meta_4ae831e3-0263-4912-b1f5-379b2263c7ad.json
[23:10:13][INFO][同步项目开发记录] 上传成功: output/log/2026-08-10.log
[23:10:13][INFO][同步项目开发记录] 上传成功: output/sync_meta/sync_meta_4ae831e3-0263-4912-b1f5-379b2263c7ad.json
[23:10:18][INFO][同步项目开发记录] 上传成功: output/log/2026-08-10.log
[23:10:18][INFO][同步项目开发记录] 上传成功: output/sync_meta/sync_meta_4ae831e3-0263-4912-b1f5-379b2263c7ad.json
[23:10:23][INFO][同步项目开发记录] 上传成功: output/log/2026-08-10.log
[23:10:23][INFO][同步项目开发记录] 上传成功: output/sync_meta/sync_meta_4ae831e3-0263-4912-b1f5-379b2263c7ad.json
[23:10:28][INFO][同步项目开发记录] 上传成功: output/log/2026-08-10.log
[23:10:28][INFO][同步项目开发记录] 上传成功: output/sync_meta/sync_meta_4ae831e3-0263-4912-b1f5-379b2263c7ad.json
[23:10:33][INFO][同步项目开发记录] 上传成功: output/log/2026-08-10.log
[23:10:33][INFO][同步项目开发记录] 上传成功: output/sync_meta/sync_meta_4ae831e3-0263-4912-b1f5-379b2263c7ad.json
[23:10:38][INFO][同步项目开发记录] 上传成功: output/log/2026-08-10.log
[23:10:38][INFO][同步项目开发记录] 上传成功: output/sync_meta/sync_meta_4ae831e3-0263-4912-b1f5-379b2263c7ad.json
[23:10:43][INFO][同步项目开发记录] 上传成功: output/log/2026-08-10.log
[23:10:43][INFO][同步项目开发记录] 上传成功: output/sync_meta/sync_meta_4ae831e3-0263-4912-b1f5-379b2263c7ad.json
[23:10:48][INFO][同步项目开发记录] 上传成功: output/log/2026-08-10.log
[23:10:48][INFO][同步项目开发记录] 上传成功: output/sync_meta/sync_meta_4ae831e3-0263-4912-b1f5-379b2263c7ad.json
[23:10:53][INFO][同步项目开发记录] 上传成功: output/log/2026-08-10.log
[23:10:53][INFO][同步项目开发记录] 上传成功: output/sync_meta/sync_meta_4ae831e3-0263-4912-b1f5-379b2263c7ad.json
[23:10:58][INFO][同步项目开发记录] 上传成功: output/log/2026-08-10.log
[23:10:58][INFO][同步项目开发记录] 上传成功: output/sync_meta/sync_meta_4ae831e3-0263-4912-b1f5-379b2263c7ad.json
[23:11:03][INFO][同步项目开发记录] 上传成功: output/log/2026-08-10.log
[23:11:03][INFO][同步项目开发记录] 上传成功: output/sync_meta/sync_meta_4ae831e3-0263-4912-b1f5-379b2263c7ad.json
[23:11:08][INFO][同步项目开发记录] 上传成功: output/log/2026-08-10.log
[23:11:08][INFO][同步项目开发记录] 上传成功: output/sync_meta/sync_meta_4ae831e3-0263-4912-b1f5-379b2263c7ad.json
[23:11:13][INFO][同步项目开发记录] 上传成功: output/log/2026-08-10.log
[23:11:13][INFO][同步项目开发记录] 上传成功: output/sync_meta/sync_meta_4ae831e3-0263-4912-b1f5-379b2263c7ad.json
[23:11:18][INFO][同步项目开发记录] 上传成功: output/log/2026-08-10.log
[23:11:18][INFO][同步项目开发记录] 上传成功: output/sync_meta/sync_meta_4ae831e3-0263-4912-b1f5-379b2263c7ad.json
[23:11:23][INFO][同步项目开发记录] 上传成功: output/log/2026-08-10.log
[23:11:23][INFO][同步项目开发记录] 上传成功: output/sync_meta/sync_meta_4ae831e3-0263-4912-b1f5-379b2263c7ad.json
[23:11:28][INFO][同步项目开发记录] 上传成功: output/log/2026-08-10.log
[23:11:28][INFO][同步项目开发记录] 上传成功: output/sync_meta/sync_meta_4ae831e3-0263-4912-b1f5-379b2263c7ad.json
[23:11:33][INFO][同步项目开发记录] 上传成功: output/log/2026-08-10.log
[23:11:33][INFO][同步项目开发记录] 上传成功: output/sync_meta/sync_meta_4ae831e3-0263-4912-b1f5-379b2263c7ad.json
[23:11:38][INFO][同步项目开发记录] 上传成功: output/log/2026-08-10.log
[23:11:38][INFO][同步项目开发记录] 上传成功: output/sync_meta/sync_meta_4ae831e3-0263-4912-b1f5-379b2263c7ad.json
[23:11:43][INFO][同步项目开发记录] 上传成功: output/log/2026-08-10.log
[23:11:43][INFO][同步项目开发记录] 上传成功: output/sync_meta/sync_meta_4ae831e3-0263-4912-b1f5-379b2263c7ad.json
[23:11:48][INFO][同步项目开发记录] 上传成功: output/log/2026-08-10.log
[23:11:48][INFO][同步项目开发记录] 上传成功: output/sync_meta/sync_meta_4ae831e3-0263-4912-b1f5-379b2263c7ad.json
[23:11:53][INFO][同步项目开发记录] 上传成功: output/log/2026-08-10.log
[23:11:53][INFO][同步项目开发记录] 上传成功: output/sync_meta/sync_meta_4ae831e3-0263-4912-b1f5-379b2263c7ad.json
[23:11:58][INFO][同步项目开发记录] 上传成功: output/log/2026-08-10.log
[23:11:58][INFO][同步项目开发记录] 上传成功: output/sync_meta/sync_meta_4ae831e3-0263-4912-b1f5-379b2263c7ad.json
[23:12:03][INFO][同步项目开发记录] 上传成功: output/log/2026-08-10.log
[23:12:03][INFO][同步项目开发记录] 上传成功: output/sync_meta/sync_meta_4ae831e3-0263-4912-b1f5-379b2263c7ad.json
[23:12:08][INFO][同步项目开发记录] 上传成功: output/log/2026-08-10.log
[23:12:08][INFO][同步项目开发记录] 上传成功: output/sync_meta/sync_meta_4ae831e3-0263-4912-b1f5-379b2263c7ad.json
[23:12:13][INFO][同步项目开发记录] 上传成功: output/log/2026-08-10.log
[23:12:13][INFO][同步项目开发记录] 上传成功: output/sync_meta/sync_meta_4ae831e3-0263-4912-b1f5-379b2263c7ad.json
[23:12:18][INFO][同步项目开发记录] 上传成功: output/log/2026-08-10.log
[23:12:18][INFO][同步项目开发记录] 上传成功: output/sync_meta/sync_meta_4ae831e3-0263-4912-b1f5-379b2263c7ad.json
[23:12:23][INFO][同步项目开发记录] 上传成功: output/log/2026-08-10.log
[23:12:23][INFO][同步项目开发记录] 上传成功: output/sync_meta/sync_meta_4ae831e3-0263-4912-b1f5-379b2263c7ad.json
[23:12:28][INFO][同步项目开发记录] 上传成功: output/log/2026-08-10.log
[23:12:28][INFO][同步项目开发记录] 上传成功: output/sync_meta/sync_meta_4ae831e3-0263-4912-b1f5-379b2263c7ad.json
[23:12:33][INFO][同步项目开发记录] 上传成功: output/log/2026-08-10.log
[23:12:33][INFO][同步项目开发记录] 上传成功: output/sync_meta/sync_meta_4ae831e3-0263-4912-b1f5-379b2263c7ad.json
[23:12:38][INFO][同步项目开发记录] 上传成功: output/log/2026-08-10.log
[23:12:38][INFO][同步项目开发记录] 上传成功: output/sync_meta/sync_meta_4ae831e3-0263-4912-b1f5-379b2263c7ad.json
[23:12:43][INFO][同步项目开发记录] 上传成功: output/log/2026-08-10.log
[23:12:43][INFO][同步项目开发记录] 上传成功: output/sync_meta/sync_meta_4ae831e3-0263-4912-b1f5-379b2263c7ad.json
[23:12:48][INFO][同步项目开发记录] 上传成功: output/log/2026-08-10.log
[23:12:48][INFO][同步项目开发记录] 上传成功: output/sync_meta/sync_meta_4ae831e3-0263-4912-b1f5-379b2263c7ad.json
[23:12:53][INFO][同步项目开发记录] 上传成功: output/log/2026-08-10.log
[23:12:53][INFO][同步项目开发记录] 上传成功: output/sync_meta/sync_meta_4ae831e3-0263-4912-b1f5-379b2263c7ad.json
[23:12:58][INFO][同步项目开发记录] 上传成功: output/log/2026-08-10.log
[23:12:58][INFO][同步项目开发记录] 上传成功: output/sync_meta/sync_meta_4ae831e3-0263-4912-b1f5-379b2263c7ad.json
[23:13:03][INFO][同步项目开发记录] 上传成功: output/log/2026-08-10.log
[23:13:03][INFO][同步项目开发记录] 上传成功: output/sync_meta/sync_meta_4ae831e3-0263-4912-b1f5-379b2263c7ad.json
[23:13:08][INFO][同步项目开发记录] 上传成功: output/log/2026-08-10.log
[23:13:08][INFO][同步项目开发记录] 上传成功: output/sync_meta/sync_meta_4ae831e3-0263-4912-b1f5-379b2263c7ad.json
[23:13:13][INFO][同步项目开发记录] 上传成功: output/log/2026-08-10.log
[23:13:13][INFO][同步项目开发记录] 上传成功: output/sync_meta/sync_meta_4ae831e3-0263-4912-b1f5-379b2263c7ad.json
[23:13:18][INFO][同步项目开发记录] 上传成功: output/log/2026-08-10.log
[23:13:18][INFO][同步项目开发记录] 上传成功: output/sync_meta/sync_meta_4ae831e3-0263-4912-b1f5-379b2263c7ad.json
[23:13:23][INFO][同步项目开发记录] 上传成功: output/log/2026-08-10.log
[23:13:23][INFO][同步项目开发记录] 上传成功: output/sync_meta/sync_meta_4ae831e3-0263-4912-b1f5-379b2263c7ad.json
[23:13:28][INFO][同步项目开发记录] 上传成功: output/log/2026-08-10.log
[23:13:28][INFO][同步项目开发记录] 上传成功: output/sync_meta/sync_meta_4ae831e3-0263-4912-b1f5-379b2263c7ad.json
[23:13:33][INFO][同步项目开发记录] 上传成功: output/log/2026-08-10.log
[23:13:33][INFO][同步项目开发记录] 上传成功: output/sync_meta/sync_meta_4ae831e3-0263-4912-b1f5-379b2263c7ad.json
[23:13:38][INFO][同步项目开发记录] 上传成功: output/log/2026-08-10.log
[23:13:38][INFO][同步项目开发记录] 上传成功: output/sync_meta/sync_meta_4ae831e3-0263-4912-b1f5-379b2263c7ad.json
[23:13:43][INFO][同步项目开发记录] 上传成功: output/log/2026-08-10.log
[23:13:43][INFO][同步项目开发记录] 上传成功: output/sync_meta/sync_meta_4ae831e3-0263-4912-b1f5-379b2263c7ad.json
[23:13:48][INFO][同步项目开发记录] 上传成功: output/log/2026-08-10.log
[23:13:48][INFO][同步项目开发记录] 上传成功: output/sync_meta/sync_meta_4ae831e3-0263-4912-b1f5-379b2263c7ad.json
[23:13:53][INFO][同步项目开发记录] 上传成功: output/log/2026-08-10.log
[23:13:53][INFO][同步项目开发记录] 上传成功: output/sync_meta/sync_meta_4ae831e3-0263-4912-b1f5-379b2263c7ad.json
[23:13:58][INFO][同步项目开发记录] 上传成功: output/log/2026-08-10.log
[23:13:58][INFO][同步项目开发记录] 上传成功: output/sync_meta/sync_meta_4ae831e3-0263-4912-b1f5-379b2263c7ad.json
[23:14:03][INFO][同步项目开发记录] 上传成功: output/log/2026-08-10.log
[23:14:03][INFO][同步项目开发记录] 上传成功: output/sync_meta/sync_meta_4ae831e3-0263-4912-b1f5-379b2263c7ad.json
[23:14:08][INFO][同步项目开发记录] 上传成功: output/log/2026-08-10.log
[23:14:08][INFO][同步项目开发记录] 上传成功: output/sync_meta/sync_meta_4ae831e3-0263-4912-b1f5-379b2263c7ad.json
[23:14:13][INFO][同步项目开发记录] 上传成功: output/log/2026-08-10.log
[23:14:13][INFO][同步项目开发记录] 上传成功: output/sync_meta/sync_meta_4ae831e3-0263-4912-b1f5-379b2263c7ad.json
[23:14:18][INFO][同步项目开发记录] 上传成功: output/log/2026-08-10.log
[23:14:18][INFO][同步项目开发记录] 上传成功: output/sync_meta/sync_meta_4ae831e3-0263-4912-b1f5-379b2263c7ad.json
[23:14:23][INFO][同步项目开发记录] 上传成功: output/log/2026-08-10.log
[23:14:23][INFO][同步项目开发记录] 上传成功: output/sync_meta/sync_meta_4ae831e3-0263-4912-b1f5-379b2263c7ad.json
[23:14:28][INFO][同步项目开发记录] 上传成功: output/log/2026-08-10.log
[23:14:28][INFO][同步项目开发记录] 上传成功: output/sync_meta/sync_meta_4ae831e3-0263-4912-b1f5-379b2263c7ad.json
[23:14:33][INFO][同步项目开发记录] 上传成功: output/log/2026-08-10.log
[23:14:33][INFO][同步项目开发记录] 上传成功: output/sync_meta/sync_meta_4ae831e3-0263-4912-b1f5-379b2263c7ad.json
[23:14:38][INFO][同步项目开发记录] 上传成功: output/log/2026-08-10.log
[23:14:38][INFO][同步项目开发记录] 上传成功: output/sync_meta/sync_meta_4ae831e3-0263-4912-b1f5-379b2263c7ad.json
[23:14:43][INFO][同步项目开发记录] 上传成功: output/log/2026-08-10.log
[23:14:43][INFO][同步项目开发记录] 上传成功: output/sync_meta/sync_meta_4ae831e3-0263-4912-b1f5-379b2263c7ad.json
[23:14:48][INFO][同步项目开发记录] 上传成功: output/log/2026-08-10.log
[23:14:48][INFO][同步项目开发记录] 上传成功: output/sync_meta/sync_meta_4ae831e3-0263-4912-b1f5-379b2263c7ad.json
[23:14:53][INFO][同步项目开发记录] 上传成功: output/log/2026-08-10.log
[23:14:53][INFO][同步项目开发记录] 上传成功: output/sync_meta/sync_meta_4ae831e3-0263-4912-b1f5-379b2263c7ad.json
[23:14:58][INFO][同步项目开发记录] 上传成功: output/log/2026-08-10.log
[23:14:58][INFO][同步项目开发记录] 上传成功: output/sync_meta/sync_meta_4ae831e3-0263-4912-b1f5-379b2263c7ad.json
[23:15:03][INFO][同步项目开发记录] 上传成功: output/log/2026-08-10.log
[23:15:03][INFO][同步项目开发记录] 上传成功: output/sync_meta/sync_meta_4ae831e3-0263-4912-b1f5-379b2263c7ad.json
[23:15:08][INFO][同步项目开发记录] 上传成功: output/log/2026-08-10.log
[23:15:08][INFO][同步项目开发记录] 上传成功: output/sync_meta/sync_meta_4ae831e3-0263-4912-b1f5-379b2263c7ad.json
[23:15:13][INFO][同步项目开发记录] 上传成功: output/log/2026-08-10.log
[23:15:13][INFO][同步项目开发记录] 上传成功: output/sync_meta/sync_meta_4ae831e3-0263-4912-b1f5-379b2263c7ad.json
[23:15:18][INFO][同步项目开发记录] 上传成功: output/log/2026-08-10.log
[23:15:18][INFO][同步项目开发记录] 上传成功: output/sync_meta/sync_meta_4ae831e3-0263-4912-b1f5-379b2263c7ad.json
[23:15:23][INFO][同步项目开发记录] 上传成功: output/log/2026-08-10.log
[23:15:23][INFO][同步项目开发记录] 上传成功: output/sync_meta/sync_meta_4ae831e3-0263-4912-b1f5-379b2263c7ad.json
[23:15:28][INFO][同步项目开发记录] 上传成功: output/log/2026-08-10.log
[23:15:28][INFO][同步项目开发记录] 上传成功: output/sync_meta/sync_meta_4ae831e3-0263-4912-b1f5-379b2263c7ad.json
[23:15:33][INFO][同步项目开发记录] 上传成功: output/log/2026-08-10.log
[23:15:33][INFO][同步项目开发记录] 上传成功: output/sync_meta/sync_meta_4ae831e3-0263-4912-b1f5-379b2263c7ad.json
[23:15:38][INFO][同步项目开发记录] 上传成功: output/log/2026-08-10.log
[23:15:38][INFO][同步项目开发记录] 上传成功: output/sync_meta/sync_meta_4ae831e3-0263-4912-b1f5-379b2263c7ad.json
[23:15:43][INFO][同步项目开发记录] 上传成功: output/log/2026-08-10.log
[23:15:43][INFO][同步项目开发记录] 上传成功: output/sync_meta/sync_meta_4ae831e3-0263-4912-b1f5-379b2263c7ad.json
[23:15:48][INFO][同步项目开发记录] 上传成功: output/log/2026-08-10.log
[23:15:48][INFO][同步项目开发记录] 上传成功: output/sync_meta/sync_meta_4ae831e3-0263-4912-b1f5-379b2263c7ad.json
[23:15:53][INFO][同步项目开发记录] 上传成功: output/log/2026-08-10.log
[23:15:53][INFO][同步项目开发记录] 上传成功: output/sync_meta/sync_meta_4ae831e3-0263-4912-b1f5-379b2263c7ad.json
[23:15:58][INFO][同步项目开发记录] 上传成功: output/log/2026-08-10.log
[23:15:58][INFO][同步项目开发记录] 上传成功: output/sync_meta/sync_meta_4ae831e3-0263-4912-b1f5-379b2263c7ad.json
[23:16:03][INFO][同步项目开发记录] 上传成功: output/log/2026-08-10.log
[23:16:03][INFO][同步项目开发记录] 上传成功: output/sync_meta/sync_meta_4ae831e3-0263-4912-b1f5-379b2263c7ad.json
[23:16:08][INFO][同步项目开发记录] 上传成功: output/log/2026-08-10.log
[23:16:08][INFO][同步项目开发记录] 上传成功: output/sync_meta/sync_meta_4ae831e3-0263-4912-b1f5-379b2263c7ad.json
[23:16:13][INFO][同步项目开发记录] 上传成功: output/log/2026-08-10.log
[23:16:13][INFO][同步项目开发记录] 上传成功: output/sync_meta/sync_meta_4ae831e3-0263-4912-b1f5-379b2263c7ad.json
[23:16:18][INFO][同步项目开发记录] 上传成功: output/log/2026-08-10.log
[23:16:18][INFO][同步项目开发记录] 上传成功: output/sync_meta/sync_meta_4ae831e3-0263-4912-b1f5-379b2263c7ad.json
[23:16:23][INFO][同步项目开发记录] 上传成功: output/log/2026-08-10.log
[23:16:23][INFO][同步项目开发记录] 上传成功: output/sync_meta/sync_meta_4ae831e3-0263-4912-b1f5-379b2263c7ad.json
[23:16:28][INFO][同步项目开发记录] 上传成功: output/log/2026-08-10.log
[23:16:28][INFO][同步项目开发记录] 上传成功: output/sync_meta/sync_meta_4ae831e3-0263-4912-b1f5-379b2263c7ad.json
[23:16:33][INFO][同步项目开发记录] 上传成功: output/log/2026-08-10.log
[23:16:33][INFO][同步项目开发记录] 上传成功: output/sync_meta/sync_meta_4ae831e3-0263-4912-b1f5-379b2263c7ad.json
[23:16:38][INFO][同步项目开发记录] 上传成功: output/log/2026-08-10.log
[23:16:38][INFO][同步项目开发记录] 上传成功: output/sync_meta/sync_meta_4ae831e3-0263-4912-b1f5-379b2263c7ad.json
[23:16:43][INFO][同步项目开发记录] 上传成功: output/log/2026-08-10.log
[23:16:43][INFO][同步项目开发记录] 上传成功: output/sync_meta/sync_meta_4ae831e3-0263-4912-b1f5-379b2263c7ad.json
[23:16:48][INFO][同步项目开发记录] 上传成功: output/log/2026-08-10.log
[23:16:48][INFO][同步项目开发记录] 上传成功: output/sync_meta/sync_meta_4ae831e3-0263-4912-b1f5-379b2263c7ad.json
[23:16:53][INFO][同步项目开发记录] 上传成功: output/log/2026-08-10.log
[23:16:53][INFO][同步项目开发记录] 上传成功: output/sync_meta/sync_meta_4ae831e3-0263-4912-b1f5-379b2263c7ad.json
[23:16:58][INFO][同步项目开发记录] 上传成功: output/log/2026-08-10.log
[23:16:58][INFO][同步项目开发记录] 上传成功: output/sync_meta/sync_meta_4ae831e3-0263-4912-b1f5-379b2263c7ad.json
[23:17:03][INFO][同步项目开发记录] 上传成功: output/log/2026-08-10.log
[23:17:03][INFO][同步项目开发记录] 上传成功: output/sync_meta/sync_meta_4ae831e3-0263-4912-b1f5-379b2263c7ad.json
[23:17:08][INFO][同步项目开发记录] 上传成功: output/log/2026-08-10.log
[23:17:08][INFO][同步项目开发记录] 上传成功: output/sync_meta/sync_meta_4ae831e3-0263-4912-b1f5-379b2263c7ad.json
[23:17:13][INFO][同步项目开发记录] 上传成功: output/log/2026-08-10.log
[23:17:13][INFO][同步项目开发记录] 上传成功: output/sync_meta/sync_meta_4ae831e3-0263-4912-b1f5-379b2263c7ad.json
[23:17:18][INFO][同步项目开发记录] 上传成功: output/log/2026-08-10.log
[23:17:18][INFO][同步项目开发记录] 上传成功: output/sync_meta/sync_meta_4ae831e3-0263-4912-b1f5-379b2263c7ad.json
[23:17:23][INFO][同步项目开发记录] 上传成功: output/log/2026-08-10.log
[23:17:23][INFO][同步项目开发记录] 上传成功: output/sync_meta/sync_meta_4ae831e3-0263-4912-b1f5-379b2263c7ad.json
[23:17:28][INFO][同步项目开发记录] 上传成功: output/log/2026-08-10.log
[23:17:28][INFO][同步项目开发记录] 上传成功: output/sync_meta/sync_meta_4ae831e3-0263-4912-b1f5-379b2263c7ad.json
[23:17:33][INFO][同步项目开发记录] 上传成功: output/log/2026-08-10.log
[23:17:33][INFO][同步项目开发记录] 上传成功: output/sync_meta/sync_meta_4ae831e3-0263-4912-b1f5-379b2263c7ad.json
[23:17:38][INFO][同步项目开发记录] 上传成功: output/log/2026-08-10.log
[23:17:38][INFO][同步项目开发记录] 上传成功: output/sync_meta/sync_meta_4ae831e3-0263-4912-b1f5-379b2263c7ad.json
[23:17:43][INFO][同步项目开发记录] 上传成功: output/log/2026-08-10.log
[23:17:43][INFO][同步项目开发记录] 上传成功: output/sync_meta/sync_meta_4ae831e3-0263-4912-b1f5-379b2263c7ad.json
[23:17:48][INFO][同步项目开发记录] 上传成功: output/log/2026-08-10.log
[23:17:48][INFO][同步项目开发记录] 上传成功: output/sync_meta/sync_meta_4ae831e3-0263-4912-b1f5-379b2263c7ad.json
[23:17:53][INFO][同步项目开发记录] 上传成功: output/log/2026-08-10.log
[23:17:53][INFO][同步项目开发记录] 上传成功: output/sync_meta/sync_meta_4ae831e3-0263-4912-b1f5-379b2263c7ad.json
[23:17:58][INFO][同步项目开发记录] 上传成功: output/log/2026-08-10.log
[23:17:58][INFO][同步项目开发记录] 上传成功: output/sync_meta/sync_meta_4ae831e3-0263-4912-b1f5-379b2263c7ad.json
[23:18:03][INFO][同步项目开发记录] 上传成功: output/log/2026-08-10.log
[23:18:03][INFO][同步项目开发记录] 上传成功: output/sync_meta/sync_meta_4ae831e3-0263-4912-b1f5-379b2263c7ad.json
[23:18:08][INFO][同步项目开发记录] 上传成功: output/log/2026-08-10.log
[23:18:08][INFO][同步项目开发记录] 上传成功: output/sync_meta/sync_meta_4ae831e3-0263-4912-b1f5-379b2263c7ad.json
[23:18:13][INFO][同步项目开发记录] 上传成功: output/log/2026-08-10.log
[23:18:13][INFO][同步项目开发记录] 上传成功: output/sync_meta/sync_meta_4ae831e3-0263-4912-b1f5-379b2263c7ad.json
[23:18:18][INFO][同步项目开发记录] 上传成功: output/log/2026-08-10.log
[23:18:18][INFO][同步项目开发记录] 上传成功: output/sync_meta/sync_meta_4ae831e3-0263-4912-b1f5-379b2263c7ad.json
[23:18:23][INFO][同步项目开发记录] 上传成功: output/log/2026-08-10.log
[23:18:23][INFO][同步项目开发记录] 上传成功: output/sync_meta/sync_meta_4ae831e3-0263-4912-b1f5-379b2263c7ad.json
[23:18:28][INFO][同步项目开发记录] 上传成功: output/log/2026-08-10.log
[23:18:28][INFO][同步项目开发记录] 上传成功: output/sync_meta/sync_meta_4ae831e3-0263-4912-b1f5-379b2263c7ad.json
[23:18:33][INFO][同步项目开发记录] 上传成功: output/log/2026-08-10.log
[23:18:33][INFO][同步项目开发记录] 上传成功: output/sync_meta/sync_meta_4ae831e3-0263-4912-b1f5-379b2263c7ad.json
[23:18:38][INFO][同步项目开发记录] 上传成功: output/log/2026-08-10.log
[23:18:38][INFO][同步项目开发记录] 上传成功: output/sync_meta/sync_meta_4ae831e3-0263-4912-b1f5-379b2263c7ad.json
[23:18:43][INFO][同步项目开发记录] 上传成功: output/log/2026-08-10.log
[23:18:43][INFO][同步项目开发记录] 上传成功: output/sync_meta/sync_meta_4ae831e3-0263-4912-b1f5-379b2263c7ad.json
[23:18:48][INFO][同步项目开发记录] 上传成功: output/log/2026-08-10.log
[23:18:48][INFO][同步项目开发记录] 上传成功: output/sync_meta/sync_meta_4ae831e3-0263-4912-b1f5-379b2263c7ad.json
[23:18:53][INFO][同步项目开发记录] 上传成功: output/log/2026-08-10.log
[23:18:53][INFO][同步项目开发记录] 上传成功: output/sync_meta/sync_meta_4ae831e3-0263-4912-b1f5-379b2263c7ad.json
[23:18:58][INFO][同步项目开发记录] 上传成功: output/log/2026-08-10.log
[23:18:58][INFO][同步项目开发记录] 上传成功: output/sync_meta/sync_meta_4ae831e3-0263-4912-b1f5-379b2263c7ad.json
[23:19:03][INFO][同步项目开发记录] 上传成功: output/log/2026-08-10.log
[23:19:03][INFO][同步项目开发记录] 上传成功: output/sync_meta/sync_meta_4ae831e3-0263-4912-b1f5-379b2263c7ad.json
[23:19:08][INFO][同步项目开发记录] 上传成功: output/log/2026-08-10.log
[23:19:08][INFO][同步项目开发记录] 上传成功: output/sync_meta/sync_meta_4ae831e3-0263-4912-b1f5-379b2263c7ad.json
[23:19:13][INFO][同步项目开发记录] 上传成功: output/log/2026-08-10.log
[23:19:13][INFO][同步项目开发记录] 上传成功: output/sync_meta/sync_meta_4ae831e3-0263-4912-b1f5-379b2263c7ad.json
[23:19:18][INFO][同步项目开发记录] 上传成功: output/log/2026-08-10.log
[23:19:18][INFO][同步项目开发记录] 上传成功: output/sync_meta/sync_meta_4ae831e3-0263-4912-b1f5-379b2263c7ad.json
[23:19:23][INFO][同步项目开发记录] 上传成功: output/log/2026-08-10.log
[23:19:23][INFO][同步项目开发记录] 上传成功: output/sync_meta/sync_meta_4ae831e3-0263-4912-b1f5-379b2263c7ad.json
[23:19:28][INFO][同步项目开发记录] 上传成功: output/log/2026-08-10.log
[23:19:28][INFO][同步项目开发记录] 上传成功: output/sync_meta/sync_meta_4ae831e3-0263-4912-b1f5-379b2263c7ad.json
[23:19:33][INFO][同步项目开发记录] 上传成功: output/log/2026-08-10.log
[23:19:33][INFO][同步项目开发记录] 上传成功: output/sync_meta/sync_meta_4ae831e3-0263-4912-b1f5-379b2263c7ad.json
[23:19:38][INFO][同步项目开发记录] 上传成功: output/log/2026-08-10.log
[23:19:38][INFO][同步项目开发记录] 上传成功: output/sync_meta/sync_meta_4ae831e3-0263-4912-b1f5-379b2263c7ad.json
[23:19:43][INFO][同步项目开发记录] 上传成功: output/log/2026-08-10.log
[23:19:43][INFO][同步项目开发记录] 上传成功: output/sync_meta/sync_meta_4ae831e3-0263-4912-b1f5-379b2263c7ad.json
[23:19:48][INFO][同步项目开发记录] 上传成功: output/log/2026-08-10.log
[23:19:48][INFO][同步项目开发记录] 上传成功: output/sync_meta/sync_meta_4ae831e3-0263-4912-b1f5-379b2263c7ad.json
[23:19:53][INFO][同步项目开发记录] 上传成功: output/log/2026-08-10.log
[23:19:53][INFO][同步项目开发记录] 上传成功: output/sync_meta/sync_meta_4ae831e3-0263-4912-b1f5-379b2263c7ad.json
[23:19:58][INFO][同步项目开发记录] 上传成功: output/log/2026-08-10.log
[23:19:58][INFO][同步项目开发记录] 上传成功: output/sync_meta/sync_meta_4ae831e3-0263-4912-b1f5-379b2263c7ad.json
[23:20:03][INFO][同步项目开发记录] 上传成功: output/log/2026-08-10.log
[23:20:03][INFO][同步项目开发记录] 上传成功: output/sync_meta/sync_meta_4ae831e3-0263-4912-b1f5-379b2263c7ad.json
[23:20:08][INFO][同步项目开发记录] 上传成功: output/log/2026-08-10.log
[23:20:08][INFO][同步项目开发记录] 上传成功: output/sync_meta/sync_meta_4ae831e3-0263-4912-b1f5-379b2263c7ad.json
[23:20:13][INFO][同步项目开发记录] 上传成功: output/log/2026-08-10.log
[23:20:13][INFO][同步项目开发记录] 上传成功: output/sync_meta/sync_meta_4ae831e3-0263-4912-b1f5-379b2263c7ad.json
[23:20:18][INFO][同步项目开发记录] 上传成功: output/log/2026-08-10.log
[23:20:18][INFO][同步项目开发记录] 上传成功: output/sync_meta/sync_meta_4ae831e3-0263-4912-b1f5-379b2263c7ad.json
[23:20:23][INFO][同步项目开发记录] 上传成功: output/log/2026-08-10.log
[23:20:23][INFO][同步项目开发记录] 上传成功: output/sync_meta/sync_meta_4ae831e3-0263-4912-b1f5-379b2263c7ad.json
[23:20:28][INFO][同步项目开发记录] 上传成功: output/log/2026-08-10.log
[23:20:28][INFO][同步项目开发记录] 上传成功: output/sync_meta/sync_meta_4ae831e3-0263-4912-b1f5-379b2263c7ad.json
[23:20:33][INFO][同步项目开发记录] 上传成功: output/log/2026-08-10.log
[23:20:33][INFO][同步项目开发记录] 上传成功: output/sync_meta/sync_meta_4ae831e3-0263-4912-b1f5-379b2263c7ad.json
[23:20:38][INFO][同步项目开发记录] 上传成功: output/log/2026-08-10.log
[23:20:38][INFO][同步项目开发记录] 上传成功: output/sync_meta/sync_meta_4ae831e3-0263-4912-b1f5-379b2263c7ad.json
[23:20:43][INFO][同步项目开发记录] 上传成功: output/log/2026-08-10.log
[23:20:43][INFO][同步项目开发记录] 上传成功: output/sync_meta/sync_meta_4ae831e3-0263-4912-b1f5-379b2263c7ad.json
[23:20:48][INFO][同步项目开发记录] 上传成功: output/log/2026-08-10.log
[23:20:48][INFO][同步项目开发记录] 上传成功: output/sync_meta/sync_meta_4ae831e3-0263-4912-b1f5-379b2263c7ad.json
[23:20:53][INFO][同步项目开发记录] 上传成功: output/log/2026-08-10.log
[23:20:53][INFO][同步项目开发记录] 上传成功: output/sync_meta/sync_meta_4ae831e3-0263-4912-b1f5-379b2263c7ad.json
[23:20:58][INFO][同步项目开发记录] 上传成功: output/log/2026-08-10.log
[23:20:58][INFO][同步项目开发记录] 上传成功: output/sync_meta/sync_meta_4ae831e3-0263-4912-b1f5-379b2263c7ad.json
[23:21:03][INFO][同步项目开发记录] 上传成功: output/log/2026-08-10.log
[23:21:03][INFO][同步项目开发记录] 上传成功: output/sync_meta/sync_meta_4ae831e3-0263-4912-b1f5-379b2263c7ad.json
[23:21:08][INFO][同步项目开发记录] 上传成功: output/log/2026-08-10.log
[23:21:08][INFO][同步项目开发记录] 上传成功: output/sync_meta/sync_meta_4ae831e3-0263-4912-b1f5-379b2263c7ad.json
[23:21:13][INFO][同步项目开发记录] 上传成功: output/log/2026-08-10.log
[23:21:13][INFO][同步项目开发记录] 上传成功: output/sync_meta/sync_meta_4ae831e3-0263-4912-b1f5-379b2263c7ad.json
[23:21:18][INFO][同步项目开发记录] 上传成功: output/log/2026-08-10.log
[23:21:18][INFO][同步项目开发记录] 上传成功: output/sync_meta/sync_meta_4ae831e3-0263-4912-b1f5-379b2263c7ad.json
[23:21:23][INFO][同步项目开发记录] 上传成功: output/log/2026-08-10.log
[23:21:23][INFO][同步项目开发记录] 上传成功: output/sync_meta/sync_meta_4ae831e3-0263-4912-b1f5-379b2263c7ad.json
[23:21:28][INFO][同步项目开发记录] 上传成功: output/log/2026-08-10.log
[23:21:28][INFO][同步项目开发记录] 上传成功: output/sync_meta/sync_meta_4ae831e3-0263-4912-b1f5-379b2263c7ad.json
[23:21:33][INFO][同步项目开发记录] 上传成功: output/log/2026-08-10.log
[23:21:33][INFO][同步项目开发记录] 上传成功: output/sync_meta/sync_meta_4ae831e3-0263-4912-b1f5-379b2263c7ad.json
[23:21:38][INFO][同步项目开发记录] 上传成功: output/log/2026-08-10.log
[23:21:38][INFO][同步项目开发记录] 上传成功: output/sync_meta/sync_meta_4ae831e3-0263-4912-b1f5-379b2263c7ad.json
[23:21:43][INFO][同步项目开发记录] 上传成功: output/log/2026-08-10.log
[23:21:43][INFO][同步项目开发记录] 上传成功: output/sync_meta/sync_meta_4ae831e3-0263-4912-b1f5-379b2263c7ad.json
[23:21:48][INFO][同步项目开发记录] 上传成功: output/log/2026-08-10.log
[23:21:48][INFO][同步项目开发记录] 上传成功: output/sync_meta/sync_meta_4ae831e3-0263-4912-b1f5-379b2263c7ad.json
[23:21:53][INFO][同步项目开发记录] 上传成功: output/log/2026-08-10.log
[23:21:53][INFO][同步项目开发记录] 上传成功: output/sync_meta/sync_meta_4ae831e3-0263-4912-b1f5-379b2263c7ad.json
[23:21:58][INFO][同步项目开发记录] 上传成功: output/log/2026-08-10.log
[23:21:58][INFO][同步项目开发记录] 上传成功: output/sync_meta/sync_meta_4ae831e3-0263-4912-b1f5-379b2263c7ad.json
[23:22:03][INFO][同步项目开发记录] 上传成功: output/log/2026-08-10.log
[23:22:03][INFO][同步项目开发记录] 上传成功: output/sync_meta/sync_meta_4ae831e3-0263-4912-b1f5-379b2263c7ad.json
[23:22:08][INFO][同步项目开发记录] 上传成功: output/log/2026-08-10.log
[23:22:08][INFO][同步项目开发记录] 上传成功: output/sync_meta/sync_meta_4ae831e3-0263-4912-b1f5-379b2263c7ad.json
[23:22:13][INFO][同步项目开发记录] 上传成功: output/log/2026-08-10.log
[23:22:13][INFO][同步项目开发记录] 上传成功: output/sync_meta/sync_meta_4ae831e3-0263-4912-b1f5-379b2263c7ad.json
[23:22:18][INFO][同步项目开发记录] 上传成功: output/log/2026-08-10.log
[23:22:18][INFO][同步项目开发记录] 上传成功: output/sync_meta/sync_meta_4ae831e3-0263-4912-b1f5-379b2263c7ad.json
[23:22:23][INFO][同步项目开发记录] 上传成功: output/log/2026-08-10.log
[23:22:23][INFO][同步项目开发记录] 上传成功: output/sync_meta/sync_meta_4ae831e3-0263-4912-b1f5-379b2263c7ad.json
[23:22:28][INFO][同步项目开发记录] 上传成功: output/log/2026-08-10.log
[23:22:28][INFO][同步项目开发记录] 上传成功: output/sync_meta/sync_meta_4ae831e3-0263-4912-b1f5-379b2263c7ad.json
[23:22:33][INFO][同步项目开发记录] 上传成功: output/log/2026-08-10.log
[23:22:33][INFO][同步项目开发记录] 上传成功: output/sync_meta/sync_meta_4ae831e3-0263-4912-b1f5-379b2263c7ad.json
[23:22:38][INFO][同步项目开发记录] 上传成功: output/log/2026-08-10.log
[23:22:38][INFO][同步项目开发记录] 上传成功: output/sync_meta/sync_meta_4ae831e3-0263-4912-b1f5-379b2263c7ad.json
[23:22:43][INFO][同步项目开发记录] 上传成功: output/log/2026-08-10.log
[23:22:43][INFO][同步项目开发记录] 上传成功: output/sync_meta/sync_meta_4ae831e3-0263-4912-b1f5-379b2263c7ad.json
[23:22:48][INFO][同步项目开发记录] 上传成功: output/log/2026-08-10.log
[23:22:48][INFO][同步项目开发记录] 上传成功: output/sync_meta/sync_meta_4ae831e3-0263-4912-b1f5-379b2263c7ad.json
[23:22:53][INFO][同步项目开发记录] 上传成功: output/log/2026-08-10.log
[23:22:53][INFO][同步项目开发记录] 上传成功: output/sync_meta/sync_meta_4ae831e3-0263-4912-b1f5-379b2263c7ad.json
[23:22:58][INFO][同步项目开发记录] 上传成功: output/log/2026-08-10.log
[23:22:58][INFO][同步项目开发记录] 上传成功: output/sync_meta/sync_meta_4ae831e3-0263-4912-b1f5-379b2263c7ad.json
[23:23:03][INFO][同步项目开发记录] 上传成功: output/log/2026-08-10.log
[23:23:03][INFO][同步项目开发记录] 上传成功: output/sync_meta/sync_meta_4ae831e3-0263-4912-b1f5-379b2263c7ad.json
[23:23:08][INFO][同步项目开发记录] 上传成功: output/log/2026-08-10.log
[23:23:08][INFO][同步项目开发记录] 上传成功: output/sync_meta/sync_meta_4ae831e3-0263-4912-b1f5-379b2263c7ad.json
[23:23:13][INFO][同步项目开发记录] 上传成功: output/log/2026-08-10.log
[23:23:13][INFO][同步项目开发记录] 上传成功: output/sync_meta/sync_meta_4ae831e3-0263-4912-b1f5-379b2263c7ad.json
[23:23:18][INFO][同步项目开发记录] 上传成功: output/log/2026-08-10.log
[23:23:18][INFO][同步项目开发记录] 上传成功: output/sync_meta/sync_meta_4ae831e3-0263-4912-b1f5-379b2263c7ad.json
[23:23:23][INFO][同步项目开发记录] 上传成功: output/log/2026-08-10.log
[23:23:23][INFO][同步项目开发记录] 上传成功: output/sync_meta/sync_meta_4ae831e3-0263-4912-b1f5-379b2263c7ad.json
[23:23:28][INFO][同步项目开发记录] 上传成功: output/log/2026-08-10.log
[23:23:28][INFO][同步项目开发记录] 上传成功: output/sync_meta/sync_meta_4ae831e3-0263-4912-b1f5-379b2263c7ad.json
[23:23:33][INFO][同步项目开发记录] 上传成功: output/log/2026-08-10.log
[23:23:33][INFO][同步项目开发记录] 上传成功: output/sync_meta/sync_meta_4ae831e3-0263-4912-b1f5-379b2263c7ad.json
[23:23:38][INFO][同步项目开发记录] 上传成功: output/log/2026-08-10.log
[23:23:38][INFO][同步项目开发记录] 上传成功: output/sync_meta/sync_meta_4ae831e3-0263-4912-b1f5-379b2263c7ad.json
[23:23:43][INFO][同步项目开发记录] 上传成功: output/log/2026-08-10.log
[23:23:43][INFO][同步项目开发记录] 上传成功: output/sync_meta/sync_meta_4ae831e3-0263-4912-b1f5-379b2263c7ad.json
[23:23:48][INFO][同步项目开发记录] 上传成功: output/log/2026-08-10.log
[23:23:48][INFO][同步项目开发记录] 上传成功: output/sync_meta/sync_meta_4ae831e3-0263-4912-b1f5-379b2263c7ad.json
[23:23:53][INFO][同步项目开发记录] 上传成功: output/log/2026-08-10.log
[23:23:53][INFO][同步项目开发记录] 上传成功: output/sync_meta/sync_meta_4ae831e3-0263-4912-b1f5-379b2263c7ad.json
[23:23:58][INFO][同步项目开发记录] 上传成功: output/log/2026-08-10.log
[23:23:58][INFO][同步项目开发记录] 上传成功: output/sync_meta/sync_meta_4ae831e3-0263-4912-b1f5-379b2263c7ad.json
[23:24:03][INFO][同步项目开发记录] 上传成功: output/log/2026-08-10.log
[23:24:03][INFO][同步项目开发记录] 上传成功: output/sync_meta/sync_meta_4ae831e3-0263-4912-b1f5-379b2263c7ad.json
[23:24:08][INFO][同步项目开发记录] 上传成功: output/log/2026-08-10.log
[23:24:08][INFO][同步项目开发记录] 上传成功: output/sync_meta/sync_meta_4ae831e3-0263-4912-b1f5-379b2263c7ad.json
[23:24:13][INFO][同步项目开发记录] 上传成功: output/log/2026-08-10.log
[23:24:13][INFO][同步项目开发记录] 上传成功: output/sync_meta/sync_meta_4ae831e3-0263-4912-b1f5-379b2263c7ad.json
[23:24:18][INFO][同步项目开发记录] 上传成功: output/log/2026-08-10.log
[23:24:18][INFO][同步项目开发记录] 上传成功: output/sync_meta/sync_meta_4ae831e3-0263-4912-b1f5-379b2263c7ad.json
[23:24:23][INFO][同步项目开发记录] 上传成功: output/log/2026-08-10.log
[23:24:23][INFO][同步项目开发记录] 上传成功: output/sync_meta/sync_meta_4ae831e3-0263-4912-b1f5-379b2263c7ad.json
[23:24:28][INFO][同步项目开发记录] 上传成功: output/log/2026-08-10.log
[23:24:28][INFO][同步项目开发记录] 上传成功: output/sync_meta/sync_meta_4ae831e3-0263-4912-b1f5-379b2263c7ad.json
[23:24:33][INFO][同步项目开发记录] 上传成功: output/log/2026-08-10.log
[23:24:33][INFO][同步项目开发记录] 上传成功: output/sync_meta/sync_meta_4ae831e3-0263-4912-b1f5-379b2263c7ad.json
[23:24:38][INFO][同步项目开发记录] 上传成功: output/log/2026-08-10.log
[23:24:38][INFO][同步项目开发记录] 上传成功: output/sync_meta/sync_meta_4ae831e3-0263-4912-b1f5-379b2263c7ad.json
[23:24:43][INFO][同步项目开发记录] 上传成功: output/log/2026-08-10.log
[23:24:43][INFO][同步项目开发记录] 上传成功: output/sync_meta/sync_meta_4ae831e3-0263-4912-b1f5-379b2263c7ad.json
[23:24:48][INFO][同步项目开发记录] 上传成功: output/log/2026-08-10.log
[23:24:48][INFO][同步项目开发记录] 上传成功: output/sync_meta/sync_meta_4ae831e3-0263-4912-b1f5-379b2263c7ad.json
[23:24:53][INFO][同步项目开发记录] 上传成功: output/log/2026-08-10.log
[23:24:53][INFO][同步项目开发记录] 上传成功: output/sync_meta/sync_meta_4ae831e3-0263-4912-b1f5-379b2263c7ad.json
[23:24:58][INFO][同步项目开发记录] 上传成功: output/log/2026-08-10.log
[23:24:58][INFO][同步项目开发记录] 上传成功: output/sync_meta/sync_meta_4ae831e3-0263-4912-b1f5-379b2263c7ad.json
[23:25:03][INFO][同步项目开发记录] 上传成功: output/log/2026-08-10.log
[23:25:03][INFO][同步项目开发记录] 上传成功: output/sync_meta/sync_meta_4ae831e3-0263-4912-b1f5-379b2263c7ad.json
[23:25:08][INFO][同步项目开发记录] 上传成功: output/log/2026-08-10.log
[23:25:08][INFO][同步项目开发记录] 上传成功: output/sync_meta/sync_meta_4ae831e3-0263-4912-b1f5-379b2263c7ad.json
[23:25:13][INFO][同步项目开发记录] 上传成功: output/log/2026-08-10.log
[23:25:13][INFO][同步项目开发记录] 上传成功: output/sync_meta/sync_meta_4ae831e3-0263-4912-b1f5-379b2263c7ad.json
[23:25:18][INFO][同步项目开发记录] 上传成功: output/log/2026-08-10.log
[23:25:18][INFO][同步项目开发记录] 上传成功: output/sync_meta/sync_meta_4ae831e3-0263-4912-b1f5-379b2263c7ad.json
[23:25:23][INFO][同步项目开发记录] 上传成功: output/log/2026-08-10.log
[23:25:23][INFO][同步项目开发记录] 上传成功: output/sync_meta/sync_meta_4ae831e3-0263-4912-b1f5-379b2263c7ad.json
[23:25:28][INFO][同步项目开发记录] 上传成功: output/log/2026-08-10.log
[23:25:28][INFO][同步项目开发记录] 上传成功: output/sync_meta/sync_meta_4ae831e3-0263-4912-b1f5-379b2263c7ad.json
[23:25:33][INFO][同步项目开发记录] 上传成功: output/log/2026-08-10.log
[23:25:33][INFO][同步项目开发记录] 上传成功: output/sync_meta/sync_meta_4ae831e3-0263-4912-b1f5-379b2263c7ad.json
[23:25:38][INFO][同步项目开发记录] 上传成功: output/log/2026-08-10.log
[23:25:38][INFO][同步项目开发记录] 上传成功: output/sync_meta/sync_meta_4ae831e3-0263-4912-b1f5-379b2263c7ad.json
[23:25:43][INFO][同步项目开发记录] 上传成功: output/log/2026-08-10.log
[23:25:43][INFO][同步项目开发记录] 上传成功: output/sync_meta/sync_meta_4ae831e3-0263-4912-b1f5-379b2263c7ad.json
[23:25:48][INFO][同步项目开发记录] 上传成功: output/log/2026-08-10.log
[23:25:48][INFO][同步项目开发记录] 上传成功: output/sync_meta/sync_meta_4ae831e3-0263-4912-b1f5-379b2263c7ad.json
[23:25:53][INFO][同步项目开发记录] 上传成功: output/log/2026-08-10.log
[23:25:53][INFO][同步项目开发记录] 上传成功: output/sync_meta/sync_meta_4ae831e3-0263-4912-b1f5-379b2263c7ad.json
[23:25:58][INFO][同步项目开发记录] 上传成功: output/log/2026-08-10.log
[23:25:58][INFO][同步项目开发记录] 上传成功: output/sync_meta/sync_meta_4ae831e3-0263-4912-b1f5-379b2263c7ad.json
[23:26:03][INFO][同步项目开发记录] 上传成功: output/log/2026-08-10.log
[23:26:03][INFO][同步项目开发记录] 上传成功: output/sync_meta/sync_meta_4ae831e3-0263-4912-b1f5-379b2263c7ad.json
[23:26:08][INFO][同步项目开发记录] 上传成功: output/log/2026-08-10.log
[23:26:08][INFO][同步项目开发记录] 上传成功: output/sync_meta/sync_meta_4ae831e3-0263-4912-b1f5-379b2263c7ad.json
[23:26:13][INFO][同步项目开发记录] 上传成功: output/log/2026-08-10.log
[23:26:13][INFO][同步项目开发记录] 上传成功: output/sync_meta/sync_meta_4ae831e3-0263-4912-b1f5-379b2263c7ad.json
[23:26:18][INFO][同步项目开发记录] 上传成功: output/log/2026-08-10.log
[23:26:18][INFO][同步项目开发记录] 上传成功: output/sync_meta/sync_meta_4ae831e3-0263-4912-b1f5-379b2263c7ad.json
[23:26:23][INFO][同步项目开发记录] 上传成功: output/log/2026-08-10.log
[23:26:23][INFO][同步项目开发记录] 上传成功: output/sync_meta/sync_meta_4ae831e3-0263-4912-b1f5-379b2263c7ad.json
[23:26:28][INFO][同步项目开发记录] 上传成功: output/log/2026-08-10.log
[23:26:28][INFO][同步项目开发记录] 上传成功: output/sync_meta/sync_meta_4ae831e3-0263-4912-b1f5-379b2263c7ad.json
[23:26:33][INFO][同步项目开发记录] 上传成功: output/log/2026-08-10.log
[23:26:33][INFO][同步项目开发记录] 上传成功: output/sync_meta/sync_meta_4ae831e3-0263-4912-b1f5-379b2263c7ad.json
[23:26:38][INFO][同步项目开发记录] 上传成功: output/log/2026-08-10.log
[23:26:38][INFO][同步项目开发记录] 上传成功: output/sync_meta/sync_meta_4ae831e3-0263-4912-b1f5-379b2263c7ad.json
[23:26:43][INFO][同步项目开发记录] 上传成功: output/log/2026-08-10.log
[23:26:43][INFO][同步项目开发记录] 上传成功: output/sync_meta/sync_meta_4ae831e3-0263-4912-b1f5-379b2263c7ad.json
[23:26:48][INFO][同步项目开发记录] 上传成功: output/log/2026-08-10.log
[23:26:48][INFO][同步项目开发记录] 上传成功: output/sync_meta/sync_meta_4ae831e3-0263-4912-b1f5-379b2263c7ad.json
[23:26:53][INFO][同步项目开发记录] 上传成功: output/log/2026-08-10.log
[23:26:53][INFO][同步项目开发记录] 上传成功: output/sync_meta/sync_meta_4ae831e3-0263-4912-b1f5-379b2263c7ad.json
[23:26:58][INFO][同步项目开发记录] 上传成功: output/log/2026-08-10.log
[23:26:58][INFO][同步项目开发记录] 上传成功: output/sync_meta/sync_meta_4ae831e3-0263-4912-b1f5-379b2263c7ad.json
[23:27:03][INFO][同步项目开发记录] 上传成功: output/log/2026-08-10.log
[23:27:03][INFO][同步项目开发记录] 上传成功: output/sync_meta/sync_meta_4ae831e3-0263-4912-b1f5-379b2263c7ad.json
[23:27:08][INFO][同步项目开发记录] 上传成功: output/log/2026-08-10.log
[23:27:08][INFO][同步项目开发记录] 上传成功: output/sync_meta/sync_meta_4ae831e3-0263-4912-b1f5-379b2263c7ad.json
[23:27:13][INFO][同步项目开发记录] 上传成功: output/log/2026-08-10.log
[23:27:13][INFO][同步项目开发记录] 上传成功: output/sync_meta/sync_meta_4ae831e3-0263-4912-b1f5-379b2263c7ad.json
[23:27:18][INFO][同步项目开发记录] 上传成功: output/log/2026-08-10.log
[23:27:18][INFO][同步项目开发记录] 上传成功: output/sync_meta/sync_meta_4ae831e3-0263-4912-b1f5-379b2263c7ad.json
[23:27:23][INFO][同步项目开发记录] 上传成功: output/log/2026-08-10.log
[23:27:23][INFO][同步项目开发记录] 上传成功: output/sync_meta/sync_meta_4ae831e3-0263-4912-b1f5-379b2263c7ad.json
[23:27:28][INFO][同步项目开发记录] 上传成功: output/log/2026-08-10.log
[23:27:28][INFO][同步项目开发记录] 上传成功: output/sync_meta/sync_meta_4ae831e3-0263-4912-b1f5-379b2263c7ad.json
[23:27:33][INFO][同步项目开发记录] 上传成功: output/log/2026-08-10.log
[23:27:33][INFO][同步项目开发记录] 上传成功: output/sync_meta/sync_meta_4ae831e3-0263-4912-b1f5-379b2263c7ad.json
[23:27:38][INFO][同步项目开发记录] 上传成功: output/log/2026-08-10.log
[23:27:38][INFO][同步项目开发记录] 上传成功: output/sync_meta/sync_meta_4ae831e3-0263-4912-b1f5-379b2263c7ad.json
[23:27:43][INFO][同步项目开发记录] 上传成功: output/log/2026-08-10.log
[23:27:43][INFO][同步项目开发记录] 上传成功: output/sync_meta/sync_meta_4ae831e3-0263-4912-b1f5-379b2263c7ad.json
[23:27:48][INFO][同步项目开发记录] 上传成功: output/log/2026-08-10.log
[23:27:48][INFO][同步项目开发记录] 上传成功: output/sync_meta/sync_meta_4ae831e3-0263-4912-b1f5-379b2263c7ad.json
[23:27:53][INFO][同步项目开发记录] 上传成功: output/log/2026-08-10.log
[23:27:53][INFO][同步项目开发记录] 上传成功: output/sync_meta/sync_meta_4ae831e3-0263-4912-b1f5-379b2263c7ad.json
[23:27:58][INFO][同步项目开发记录] 上传成功: output/log/2026-08-10.log
[23:27:58][INFO][同步项目开发记录] 上传成功: output/sync_meta/sync_meta_4ae831e3-0263-4912-b1f5-379b2263c7ad.json
[23:28:03][INFO][同步项目开发记录] 上传成功: output/log/2026-08-10.log
[23:28:03][INFO][同步项目开发记录] 上传成功: output/sync_meta/sync_meta_4ae831e3-0263-4912-b1f5-379b2263c7ad.json
[23:28:08][INFO][同步项目开发记录] 上传成功: output/log/2026-08-10.log
[23:28:08][INFO][同步项目开发记录] 上传成功: output/sync_meta/sync_meta_4ae831e3-0263-4912-b1f5-379b2263c7ad.json
[23:28:13][INFO][同步项目开发记录] 上传成功: output/log/2026-08-10.log
[23:28:13][INFO][同步项目开发记录] 上传成功: output/sync_meta/sync_meta_4ae831e3-0263-4912-b1f5-379b2263c7ad.json
[23:28:18][INFO][同步项目开发记录] 上传成功: output/log/2026-08-10.log
[23:28:18][INFO][同步项目开发记录] 上传成功: output/sync_meta/sync_meta_4ae831e3-0263-4912-b1f5-379b2263c7ad.json
[23:28:23][INFO][同步项目开发记录] 上传成功: output/log/2026-08-10.log
[23:28:23][INFO][同步项目开发记录] 上传成功: output/sync_meta/sync_meta_4ae831e3-0263-4912-b1f5-379b2263c7ad.json
[23:28:28][INFO][同步项目开发记录] 上传成功: output/log/2026-08-10.log
[23:28:28][INFO][同步项目开发记录] 上传成功: output/sync_meta/sync_meta_4ae831e3-0263-4912-b1f5-379b2263c7ad.json
[23:28:33][INFO][同步项目开发记录] 上传成功: output/log/2026-08-10.log
[23:28:33][INFO][同步项目开发记录] 上传成功: output/sync_meta/sync_meta_4ae831e3-0263-4912-b1f5-379b2263c7ad.json
[23:28:38][INFO][同步项目开发记录] 上传成功: output/log/2026-08-10.log
[23:28:38][INFO][同步项目开发记录] 上传成功: output/sync_meta/sync_meta_4ae831e3-0263-4912-b1f5-379b2263c7ad.json
[23:28:43][INFO][同步项目开发记录] 上传成功: output/log/2026-08-10.log
[23:28:43][INFO][同步项目开发记录] 上传成功: output/sync_meta/sync_meta_4ae831e3-0263-4912-b1f5-379b2263c7ad.json
[23:28:48][INFO][同步项目开发记录] 上传成功: output/log/2026-08-10.log
[23:28:48][INFO][同步项目开发记录] 上传成功: output/sync_meta/sync_meta_4ae831e3-0263-4912-b1f5-379b2263c7ad.json
[23:28:53][INFO][同步项目开发记录] 上传成功: output/log/2026-08-10.log
[23:28:53][INFO][同步项目开发记录] 上传成功: output/sync_meta/sync_meta_4ae831e3-0263-4912-b1f5-379b2263c7ad.json
[23:28:58][INFO][同步项目开发记录] 上传成功: output/log/2026-08-10.log
[23:28:58][INFO][同步项目开发记录] 上传成功: output/sync_meta/sync_meta_4ae831e3-0263-4912-b1f5-379b2263c7ad.json
[23:29:03][INFO][同步项目开发记录] 上传成功: output/log/2026-08-10.log
[23:29:03][INFO][同步项目开发记录] 上传成功: output/sync_meta/sync_meta_4ae831e3-0263-4912-b1f5-379b2263c7ad.json
[23:29:08][INFO][同步项目开发记录] 上传成功: output/log/2026-08-10.log
[23:29:08][INFO][同步项目开发记录] 上传成功: output/sync_meta/sync_meta_4ae831e3-0263-4912-b1f5-379b2263c7ad.json
[23:29:13][INFO][同步项目开发记录] 上传成功: output/log/2026-08-10.log
[23:29:13][INFO][同步项目开发记录] 上传成功: output/sync_meta/sync_meta_4ae831e3-0263-4912-b1f5-379b2263c7ad.json
[23:29:18][INFO][同步项目开发记录] 上传成功: output/log/2026-08-10.log
[23:29:18][INFO][同步项目开发记录] 上传成功: output/sync_meta/sync_meta_4ae831e3-0263-4912-b1f5-379b2263c7ad.json
[23:29:23][INFO][同步项目开发记录] 上传成功: output/log/2026-08-10.log
[23:29:23][INFO][同步项目开发记录] 上传成功: output/sync_meta/sync_meta_4ae831e3-0263-4912-b1f5-379b2263c7ad.json
[23:29:28][INFO][同步项目开发记录] 上传成功: output/log/2026-08-10.log
[23:29:28][INFO][同步项目开发记录] 上传成功: output/sync_meta/sync_meta_4ae831e3-0263-4912-b1f5-379b2263c7ad.json
[23:29:33][INFO][同步项目开发记录] 上传成功: output/log/2026-08-10.log
[23:29:33][INFO][同步项目开发记录] 上传成功: output/sync_meta/sync_meta_4ae831e3-0263-4912-b1f5-379b2263c7ad.json
[23:29:38][INFO][同步项目开发记录] 上传成功: output/log/2026-08-10.log
[23:29:38][INFO][同步项目开发记录] 上传成功: output/sync_meta/sync_meta_4ae831e3-0263-4912-b1f5-379b2263c7ad.json
[23:29:43][INFO][同步项目开发记录] 上传成功: output/log/2026-08-10.log
[23:29:43][INFO][同步项目开发记录] 上传成功: output/sync_meta/sync_meta_4ae831e3-0263-4912-b1f5-379b2263c7ad.json
[23:29:48][INFO][同步项目开发记录] 上传成功: output/log/2026-08-10.log
[23:29:48][INFO][同步项目开发记录] 上传成功: output/sync_meta/sync_meta_4ae831e3-0263-4912-b1f5-379b2263c7ad.json
[23:29:53][INFO][同步项目开发记录] 上传成功: output/log/2026-08-10.log
[23:29:53][INFO][同步项目开发记录] 上传成功: output/sync_meta/sync_meta_4ae831e3-0263-4912-b1f5-379b2263c7ad.json
[23:29:58][INFO][同步项目开发记录] 上传成功: output/log/2026-08-10.log
[23:29:58][INFO][同步项目开发记录] 上传成功: output/sync_meta/sync_meta_4ae831e3-0263-4912-b1f5-379b2263c7ad.json
[23:30:03][INFO][同步项目开发记录] 上传成功: output/log/2026-08-10.log
[23:30:03][INFO][同步项目开发记录] 上传成功: output/sync_meta/sync_meta_4ae831e3-0263-4912-b1f5-379b2263c7ad.json
[23:30:08][INFO][同步项目开发记录] 上传成功: output/log/2026-08-10.log
[23:30:08][INFO][同步项目开发记录] 上传成功: output/sync_meta/sync_meta_4ae831e3-0263-4912-b1f5-379b2263c7ad.json
[23:30:13][INFO][同步项目开发记录] 上传成功: output/log/2026-08-10.log
[23:30:13][INFO][同步项目开发记录] 上传成功: output/sync_meta/sync_meta_4ae831e3-0263-4912-b1f5-379b2263c7ad.json
[23:30:18][INFO][同步项目开发记录] 上传成功: output/log/2026-08-10.log
[23:30:18][INFO][同步项目开发记录] 上传成功: output/sync_meta/sync_meta_4ae831e3-0263-4912-b1f5-379b2263c7ad.json
[23:30:23][INFO][同步项目开发记录] 上传成功: output/log/2026-08-10.log
[23:30:23][INFO][同步项目开发记录] 上传成功: output/sync_meta/sync_meta_4ae831e3-0263-4912-b1f5-379b2263c7ad.json
[23:30:28][INFO][同步项目开发记录] 上传成功: output/log/2026-08-10.log
[23:30:28][INFO][同步项目开发记录] 上传成功: output/sync_meta/sync_meta_4ae831e3-0263-4912-b1f5-379b2263c7ad.json
[23:30:33][INFO][同步项目开发记录] 上传成功: output/log/2026-08-10.log
[23:30:33][INFO][同步项目开发记录] 上传成功: output/sync_meta/sync_meta_4ae831e3-0263-4912-b1f5-379b2263c7ad.json
[23:30:38][INFO][同步项目开发记录] 上传成功: output/log/2026-08-10.log
[23:30:38][INFO][同步项目开发记录] 上传成功: output/sync_meta/sync_meta_4ae831e3-0263-4912-b1f5-379b2263c7ad.json
[23:30:43][INFO][同步项目开发记录] 上传成功: output/log/2026-08-10.log
[23:30:43][INFO][同步项目开发记录] 上传成功: output/sync_meta/sync_meta_4ae831e3-0263-4912-b1f5-379b2263c7ad.json
[23:30:48][INFO][同步项目开发记录] 上传成功: output/log/2026-08-10.log
[23:30:48][INFO][同步项目开发记录] 上传成功: output/sync_meta/sync_meta_4ae831e3-0263-4912-b1f5-379b2263c7ad.json
[23:30:53][INFO][同步项目开发记录] 上传成功: output/log/2026-08-10.log
[23:30:53][INFO][同步项目开发记录] 上传成功: output/sync_meta/sync_meta_4ae831e3-0263-4912-b1f5-379b2263c7ad.json
[23:30:58][INFO][同步项目开发记录] 上传成功: output/log/2026-08-10.log
[23:30:58][INFO][同步项目开发记录] 上传成功: output/sync_meta/sync_meta_4ae831e3-0263-4912-b1f5-379b2263c7ad.json
[23:31:03][INFO][同步项目开发记录] 上传成功: output/log/2026-08-10.log
[23:31:03][INFO][同步项目开发记录] 上传成功: output/sync_meta/sync_meta_4ae831e3-0263-4912-b1f5-379b2263c7ad.json
[23:31:08][INFO][同步项目开发记录] 上传成功: output/log/2026-08-10.log
[23:31:08][INFO][同步项目开发记录] 上传成功: output/sync_meta/sync_meta_4ae831e3-0263-4912-b1f5-379b2263c7ad.json
[23:31:13][INFO][同步项目开发记录] 上传成功: output/log/2026-08-10.log
[23:31:13][INFO][同步项目开发记录] 上传成功: output/sync_meta/sync_meta_4ae831e3-0263-4912-b1f5-379b2263c7ad.json
[23:31:18][INFO][同步项目开发记录] 上传成功: output/log/2026-08-10.log
[23:31:18][INFO][同步项目开发记录] 上传成功: output/sync_meta/sync_meta_4ae831e3-0263-4912-b1f5-379b2263c7ad.json
[23:31:23][INFO][同步项目开发记录] 上传成功: output/log/2026-08-10.log
[23:31:23][INFO][同步项目开发记录] 上传成功: output/sync_meta/sync_meta_4ae831e3-0263-4912-b1f5-379b2263c7ad.json
[23:31:28][INFO][同步项目开发记录] 上传成功: output/log/2026-08-10.log
[23:31:28][INFO][同步项目开发记录] 上传成功: output/sync_meta/sync_meta_4ae831e3-0263-4912-b1f5-379b2263c7ad.json
[23:31:33][INFO][同步项目开发记录] 上传成功: output/log/2026-08-10.log
[23:31:33][INFO][同步项目开发记录] 上传成功: output/sync_meta/sync_meta_4ae831e3-0263-4912-b1f5-379b2263c7ad.json
[23:31:38][INFO][同步项目开发记录] 上传成功: output/log/2026-08-10.log
[23:31:38][INFO][同步项目开发记录] 上传成功: output/sync_meta/sync_meta_4ae831e3-0263-4912-b1f5-379b2263c7ad.json
[23:31:43][INFO][同步项目开发记录] 上传成功: output/log/2026-08-10.log
[23:31:43][INFO][同步项目开发记录] 上传成功: output/sync_meta/sync_meta_4ae831e3-0263-4912-b1f5-379b2263c7ad.json
[23:31:48][INFO][同步项目开发记录] 上传成功: output/log/2026-08-10.log
[23:31:48][INFO][同步项目开发记录] 上传成功: output/sync_meta/sync_meta_4ae831e3-0263-4912-b1f5-379b2263c7ad.json
[23:31:53][INFO][同步项目开发记录] 上传成功: output/log/2026-08-10.log
[23:31:53][INFO][同步项目开发记录] 上传成功: output/sync_meta/sync_meta_4ae831e3-0263-4912-b1f5-379b2263c7ad.json
[23:31:58][INFO][同步项目开发记录] 上传成功: output/log/2026-08-10.log
[23:31:58][INFO][同步项目开发记录] 上传成功: output/sync_meta/sync_meta_4ae831e3-0263-4912-b1f5-379b2263c7ad.json
[23:32:03][INFO][同步项目开发记录] 上传成功: output/log/2026-08-10.log
[23:32:03][INFO][同步项目开发记录] 上传成功: output/sync_meta/sync_meta_4ae831e3-0263-4912-b1f5-379b2263c7ad.json
[23:32:08][INFO][同步项目开发记录] 上传成功: output/log/2026-08-10.log
[23:32:08][INFO][同步项目开发记录] 上传成功: output/sync_meta/sync_meta_4ae831e3-0263-4912-b1f5-379b2263c7ad.json
[23:32:13][INFO][同步项目开发记录] 上传成功: output/log/2026-08-10.log
[23:32:13][INFO][同步项目开发记录] 上传成功: output/sync_meta/sync_meta_4ae831e3-0263-4912-b1f5-379b2263c7ad.json
[23:32:18][INFO][同步项目开发记录] 上传成功: output/log/2026-08-10.log
[23:32:18][INFO][同步项目开发记录] 上传成功: output/sync_meta/sync_meta_4ae831e3-0263-4912-b1f5-379b2263c7ad.json
[23:32:23][INFO][同步项目开发记录] 上传成功: output/log/2026-08-10.log
[23:32:23][INFO][同步项目开发记录] 上传成功: output/sync_meta/sync_meta_4ae831e3-0263-4912-b1f5-379b2263c7ad.json
[23:32:28][INFO][同步项目开发记录] 上传成功: output/log/2026-08-10.log
[23:32:28][INFO][同步项目开发记录] 上传成功: output/sync_meta/sync_meta_4ae831e3-0263-4912-b1f5-379b2263c7ad.json
[23:32:33][INFO][同步项目开发记录] 上传成功: output/log/2026-08-10.log
[23:32:33][INFO][同步项目开发记录] 上传成功: output/sync_meta/sync_meta_4ae831e3-0263-4912-b1f5-379b2263c7ad.json
[23:32:38][INFO][同步项目开发记录] 上传成功: output/log/2026-08-10.log
[23:32:38][INFO][同步项目开发记录] 上传成功: output/sync_meta/sync_meta_4ae831e3-0263-4912-b1f5-379b2263c7ad.json
[23:32:43][INFO][同步项目开发记录] 上传成功: output/log/2026-08-10.log
[23:32:43][INFO][同步项目开发记录] 上传成功: output/sync_meta/sync_meta_4ae831e3-0263-4912-b1f5-379b2263c7ad.json
[23:32:48][INFO][同步项目开发记录] 上传成功: output/log/2026-08-10.log
[23:32:48][INFO][同步项目开发记录] 上传成功: output/sync_meta/sync_meta_4ae831e3-0263-4912-b1f5-379b2263c7ad.json
[23:32:53][INFO][同步项目开发记录] 上传成功: output/log/2026-08-10.log
[23:32:53][INFO][同步项目开发记录] 上传成功: output/sync_meta/sync_meta_4ae831e3-0263-4912-b1f5-379b2263c7ad.json
[23:32:58][INFO][同步项目开发记录] 上传成功: output/log/2026-08-10.log
[23:32:58][INFO][同步项目开发记录] 上传成功: output/sync_meta/sync_meta_4ae831e3-0263-4912-b1f5-379b2263c7ad.json
[23:33:03][INFO][同步项目开发记录] 上传成功: output/log/2026-08-10.log
[23:33:03][INFO][同步项目开发记录] 上传成功: output/sync_meta/sync_meta_4ae831e3-0263-4912-b1f5-379b2263c7ad.json
[23:33:08][INFO][同步项目开发记录] 上传成功: output/log/2026-08-10.log
[23:33:08][INFO][同步项目开发记录] 上传成功: output/sync_meta/sync_meta_4ae831e3-0263-4912-b1f5-379b2263c7ad.json
[23:33:13][INFO][同步项目开发记录] 上传成功: output/log/2026-08-10.log
[23:33:13][INFO][同步项目开发记录] 上传成功: output/sync_meta/sync_meta_4ae831e3-0263-4912-b1f5-379b2263c7ad.json
[23:33:18][INFO][同步项目开发记录] 上传成功: output/log/2026-08-10.log
[23:33:18][INFO][同步项目开发记录] 上传成功: output/sync_meta/sync_meta_4ae831e3-0263-4912-b1f5-379b2263c7ad.json
[23:33:23][INFO][同步项目开发记录] 上传成功: output/log/2026-08-10.log
[23:33:23][INFO][同步项目开发记录] 上传成功: output/sync_meta/sync_meta_4ae831e3-0263-4912-b1f5-379b2263c7ad.json
[23:33:28][INFO][同步项目开发记录] 上传成功: output/log/2026-08-10.log
[23:33:28][INFO][同步项目开发记录] 上传成功: output/sync_meta/sync_meta_4ae831e3-0263-4912-b1f5-379b2263c7ad.json
[23:33:33][INFO][同步项目开发记录] 上传成功: output/log/2026-08-10.log
[23:33:33][INFO][同步项目开发记录] 上传成功: output/sync_meta/sync_meta_4ae831e3-0263-4912-b1f5-379b2263c7ad.json
[23:33:38][INFO][同步项目开发记录] 上传成功: output/log/2026-08-10.log
[23:33:38][INFO][同步项目开发记录] 上传成功: output/sync_meta/sync_meta_4ae831e3-0263-4912-b1f5-379b2263c7ad.json
[23:33:43][INFO][同步项目开发记录] 上传成功: output/log/2026-08-10.log
[23:33:43][INFO][同步项目开发记录] 上传成功: output/sync_meta/sync_meta_4ae831e3-0263-4912-b1f5-379b2263c7ad.json
[23:33:48][INFO][同步项目开发记录] 上传成功: output/log/2026-08-10.log
[23:33:48][INFO][同步项目开发记录] 上传成功: output/sync_meta/sync_meta_4ae831e3-0263-4912-b1f5-379b2263c7ad.json
[23:33:53][INFO][同步项目开发记录] 上传成功: output/log/2026-08-10.log
[23:33:53][INFO][同步项目开发记录] 上传成功: output/sync_meta/sync_meta_4ae831e3-0263-4912-b1f5-379b2263c7ad.json
[23:33:58][INFO][同步项目开发记录] 上传成功: output/log/2026-08-10.log
[23:33:58][INFO][同步项目开发记录] 上传成功: output/sync_meta/sync_meta_4ae831e3-0263-4912-b1f5-379b2263c7ad.json
[23:34:03][INFO][同步项目开发记录] 上传成功: output/log/2026-08-10.log
[23:34:03][INFO][同步项目开发记录] 上传成功: output/sync_meta/sync_meta_4ae831e3-0263-4912-b1f5-379b2263c7ad.json
[23:34:08][INFO][同步项目开发记录] 上传成功: output/log/2026-08-10.log
[23:34:08][INFO][同步项目开发记录] 上传成功: output/sync_meta/sync_meta_4ae831e3-0263-4912-b1f5-379b2263c7ad.json
[23:34:13][INFO][同步项目开发记录] 上传成功: output/log/2026-08-10.log
[23:34:13][INFO][同步项目开发记录] 上传成功: output/sync_meta/sync_meta_4ae831e3-0263-4912-b1f5-379b2263c7ad.json
[23:34:18][INFO][同步项目开发记录] 上传成功: output/log/2026-08-10.log
[23:34:18][INFO][同步项目开发记录] 上传成功: output/sync_meta/sync_meta_4ae831e3-0263-4912-b1f5-379b2263c7ad.json
[23:34:23][INFO][同步项目开发记录] 上传成功: output/log/2026-08-10.log
[23:34:23][INFO][同步项目开发记录] 上传成功: output/sync_meta/sync_meta_4ae831e3-0263-4912-b1f5-379b2263c7ad.json
[23:34:28][INFO][同步项目开发记录] 上传成功: output/log/2026-08-10.log
[23:34:28][INFO][同步项目开发记录] 上传成功: output/sync_meta/sync_meta_4ae831e3-0263-4912-b1f5-379b2263c7ad.json
[23:34:33][INFO][同步项目开发记录] 上传成功: output/log/2026-08-10.log
[23:34:33][INFO][同步项目开发记录] 上传成功: output/sync_meta/sync_meta_4ae831e3-0263-4912-b1f5-379b2263c7ad.json
[23:34:38][INFO][同步项目开发记录] 上传成功: output/log/2026-08-10.log
[23:34:38][INFO][同步项目开发记录] 上传成功: output/sync_meta/sync_meta_4ae831e3-0263-4912-b1f5-379b2263c7ad.json
[23:34:43][INFO][同步项目开发记录] 上传成功: output/log/2026-08-10.log
[23:34:43][INFO][同步项目开发记录] 上传成功: output/sync_meta/sync_meta_4ae831e3-0263-4912-b1f5-379b2263c7ad.json
[23:34:48][INFO][同步项目开发记录] 上传成功: output/log/2026-08-10.log
[23:34:48][INFO][同步项目开发记录] 上传成功: output/sync_meta/sync_meta_4ae831e3-0263-4912-b1f5-379b2263c7ad.json
[23:34:53][INFO][同步项目开发记录] 上传成功: output/log/2026-08-10.log
[23:34:53][INFO][同步项目开发记录] 上传成功: output/sync_meta/sync_meta_4ae831e3-0263-4912-b1f5-379b2263c7ad.json
[23:34:58][INFO][同步项目开发记录] 上传成功: output/log/2026-08-10.log
[23:34:58][INFO][同步项目开发记录] 上传成功: output/sync_meta/sync_meta_4ae831e3-0263-4912-b1f5-379b2263c7ad.json
[23:35:03][INFO][同步项目开发记录] 上传成功: output/log/2026-08-10.log
[23:35:03][INFO][同步项目开发记录] 上传成功: output/sync_meta/sync_meta_4ae831e3-0263-4912-b1f5-379b2263c7ad.json
[23:35:08][INFO][同步项目开发记录] 上传成功: output/log/2026-08-10.log
[23:35:08][INFO][同步项目开发记录] 上传成功: output/sync_meta/sync_meta_4ae831e3-0263-4912-b1f5-379b2263c7ad.json
[23:35:13][INFO][同步项目开发记录] 上传成功: output/log/2026-08-10.log
[23:35:13][INFO][同步项目开发记录] 上传成功: output/sync_meta/sync_meta_4ae831e3-0263-4912-b1f5-379b2263c7ad.json
[23:35:18][INFO][同步项目开发记录] 上传成功: output/log/2026-08-10.log
[23:35:18][INFO][同步项目开发记录] 上传成功: output/sync_meta/sync_meta_4ae831e3-0263-4912-b1f5-379b2263c7ad.json
[23:35:23][INFO][同步项目开发记录] 上传成功: output/log/2026-08-10.log
[23:35:23][INFO][同步项目开发记录] 上传成功: output/sync_meta/sync_meta_4ae831e3-0263-4912-b1f5-379b2263c7ad.json
[23:35:28][INFO][同步项目开发记录] 上传成功: output/log/2026-08-10.log
[23:35:28][INFO][同步项目开发记录] 上传成功: output/sync_meta/sync_meta_4ae831e3-0263-4912-b1f5-379b2263c7ad.json
[23:35:33][INFO][同步项目开发记录] 上传成功: output/log/2026-08-10.log
[23:35:33][INFO][同步项目开发记录] 上传成功: output/sync_meta/sync_meta_4ae831e3-0263-4912-b1f5-379b2263c7ad.json
[23:35:38][INFO][同步项目开发记录] 上传成功: output/log/2026-08-10.log
[23:35:38][INFO][同步项目开发记录] 上传成功: output/sync_meta/sync_meta_4ae831e3-0263-4912-b1f5-379b2263c7ad.json
[23:35:43][INFO][同步项目开发记录] 上传成功: output/log/2026-08-10.log
[23:35:43][INFO][同步项目开发记录] 上传成功: output/sync_meta/sync_meta_4ae831e3-0263-4912-b1f5-379b2263c7ad.json
[23:35:48][INFO][同步项目开发记录] 上传成功: output/log/2026-08-10.log
[23:35:48][INFO][同步项目开发记录] 上传成功: output/sync_meta/sync_meta_4ae831e3-0263-4912-b1f5-379b2263c7ad.json
[23:35:53][INFO][同步项目开发记录] 上传成功: output/log/2026-08-10.log
[23:35:53][INFO][同步项目开发记录] 上传成功: output/sync_meta/sync_meta_4ae831e3-0263-4912-b1f5-379b2263c7ad.json
[23:35:58][INFO][同步项目开发记录] 上传成功: output/log/2026-08-10.log
[23:35:58][INFO][同步项目开发记录] 上传成功: output/sync_meta/sync_meta_4ae831e3-0263-4912-b1f5-379b2263c7ad.json
[23:36:03][INFO][同步项目开发记录] 上传成功: output/log/2026-08-10.log
[23:36:03][INFO][同步项目开发记录] 上传成功: output/sync_meta/sync_meta_4ae831e3-0263-4912-b1f5-379b2263c7ad.json
[23:36:08][INFO][同步项目开发记录] 上传成功: output/log/2026-08-10.log
[23:36:08][INFO][同步项目开发记录] 上传成功: output/sync_meta/sync_meta_4ae831e3-0263-4912-b1f5-379b2263c7ad.json
[23:36:13][INFO][同步项目开发记录] 上传成功: output/log/2026-08-10.log
[23:36:13][INFO][同步项目开发记录] 上传成功: output/sync_meta/sync_meta_4ae831e3-0263-4912-b1f5-379b2263c7ad.json
[23:36:18][INFO][同步项目开发记录] 上传成功: output/log/2026-08-10.log
[23:36:18][INFO][同步项目开发记录] 上传成功: output/sync_meta/sync_meta_4ae831e3-0263-4912-b1f5-379b2263c7ad.json
[23:36:23][INFO][同步项目开发记录] 上传成功: output/log/2026-08-10.log
[23:36:23][INFO][同步项目开发记录] 上传成功: output/sync_meta/sync_meta_4ae831e3-0263-4912-b1f5-379b2263c7ad.json
[23:36:28][INFO][同步项目开发记录] 上传成功: output/log/2026-08-10.log
[23:36:28][INFO][同步项目开发记录] 上传成功: output/sync_meta/sync_meta_4ae831e3-0263-4912-b1f5-379b2263c7ad.json
[23:36:33][INFO][同步项目开发记录] 上传成功: output/log/2026-08-10.log
[23:36:33][INFO][同步项目开发记录] 上传成功: output/sync_meta/sync_meta_4ae831e3-0263-4912-b1f5-379b2263c7ad.json
[23:36:38][INFO][同步项目开发记录] 上传成功: output/log/2026-08-10.log
[23:36:38][INFO][同步项目开发记录] 上传成功: output/sync_meta/sync_meta_4ae831e3-0263-4912-b1f5-379b2263c7ad.json
[23:36:43][INFO][同步项目开发记录] 上传成功: output/log/2026-08-10.log
[23:36:43][INFO][同步项目开发记录] 上传成功: output/sync_meta/sync_meta_4ae831e3-0263-4912-b1f5-379b2263c7ad.json
[23:36:48][INFO][同步项目开发记录] 上传成功: output/log/2026-08-10.log
[23:36:48][INFO][同步项目开发记录] 上传成功: output/sync_meta/sync_meta_4ae831e3-0263-4912-b1f5-379b2263c7ad.json
[23:36:53][INFO][同步项目开发记录] 上传成功: output/log/2026-08-10.log
[23:36:53][INFO][同步项目开发记录] 上传成功: output/sync_meta/sync_meta_4ae831e3-0263-4912-b1f5-379b2263c7ad.json
[23:36:58][INFO][同步项目开发记录] 上传成功: output/log/2026-08-10.log
[23:36:58][INFO][同步项目开发记录] 上传成功: output/sync_meta/sync_meta_4ae831e3-0263-4912-b1f5-379b2263c7ad.json
[23:37:03][INFO][同步项目开发记录] 上传成功: output/log/2026-08-10.log
[23:37:03][INFO][同步项目开发记录] 上传成功: output/sync_meta/sync_meta_4ae831e3-0263-4912-b1f5-379b2263c7ad.json
[23:37:08][INFO][同步项目开发记录] 上传成功: output/log/2026-08-10.log
[23:37:08][INFO][同步项目开发记录] 上传成功: output/sync_meta/sync_meta_4ae831e3-0263-4912-b1f5-379b2263c7ad.json
[23:37:13][INFO][同步项目开发记录] 上传成功: output/log/2026-08-10.log
[23:37:13][INFO][同步项目开发记录] 上传成功: output/sync_meta/sync_meta_4ae831e3-0263-4912-b1f5-379b2263c7ad.json
[23:37:18][INFO][同步项目开发记录] 上传成功: output/log/2026-08-10.log
[23:37:18][INFO][同步项目开发记录] 上传成功: output/sync_meta/sync_meta_4ae831e3-0263-4912-b1f5-379b2263c7ad.json
[23:37:23][INFO][同步项目开发记录] 上传成功: output/log/2026-08-10.log
[23:37:23][INFO][同步项目开发记录] 上传成功: output/sync_meta/sync_meta_4ae831e3-0263-4912-b1f5-379b2263c7ad.json
[23:37:28][INFO][同步项目开发记录] 上传成功: output/log/2026-08-10.log
[23:37:28][INFO][同步项目开发记录] 上传成功: output/sync_meta/sync_meta_4ae831e3-0263-4912-b1f5-379b2263c7ad.json
[23:37:33][INFO][同步项目开发记录] 上传成功: output/log/2026-08-10.log
[23:37:33][INFO][同步项目开发记录] 上传成功: output/sync_meta/sync_meta_4ae831e3-0263-4912-b1f5-379b2263c7ad.json
[23:37:38][INFO][同步项目开发记录] 上传成功: output/log/2026-08-10.log
[23:37:38][INFO][同步项目开发记录] 上传成功: output/sync_meta/sync_meta_4ae831e3-0263-4912-b1f5-379b2263c7ad.json
[23:37:43][INFO][同步项目开发记录] 上传成功: output/log/2026-08-10.log
[23:37:43][INFO][同步项目开发记录] 上传成功: output/sync_meta/sync_meta_4ae831e3-0263-4912-b1f5-379b2263c7ad.json
[23:37:48][INFO][同步项目开发记录] 上传成功: output/log/2026-08-10.log
[23:37:48][INFO][同步项目开发记录] 上传成功: output/sync_meta/sync_meta_4ae831e3-0263-4912-b1f5-379b2263c7ad.json
[23:37:53][INFO][同步项目开发记录] 上传成功: output/log/2026-08-10.log
[23:37:53][INFO][同步项目开发记录] 上传成功: output/sync_meta/sync_meta_4ae831e3-0263-4912-b1f5-379b2263c7ad.json
[23:37:58][INFO][同步项目开发记录] 上传成功: output/log/2026-08-10.log
[23:37:58][INFO][同步项目开发记录] 上传成功: output/sync_meta/sync_meta_4ae831e3-0263-4912-b1f5-379b2263c7ad.json
[23:38:03][INFO][同步项目开发记录] 上传成功: output/log/2026-08-10.log
[23:38:03][INFO][同步项目开发记录] 上传成功: output/sync_meta/sync_meta_4ae831e3-0263-4912-b1f5-379b2263c7ad.json
[23:38:08][INFO][同步项目开发记录] 上传成功: output/log/2026-08-10.log
[23:38:08][INFO][同步项目开发记录] 上传成功: output/sync_meta/sync_meta_4ae831e3-0263-4912-b1f5-379b2263c7ad.json
[23:38:13][INFO][同步项目开发记录] 上传成功: output/log/2026-08-10.log
[23:38:13][INFO][同步项目开发记录] 上传成功: output/sync_meta/sync_meta_4ae831e3-0263-4912-b1f5-379b2263c7ad.json
[23:38:18][INFO][同步项目开发记录] 上传成功: output/log/2026-08-10.log
[23:38:18][INFO][同步项目开发记录] 上传成功: output/sync_meta/sync_meta_4ae831e3-0263-4912-b1f5-379b2263c7ad.json
[23:38:23][INFO][同步项目开发记录] 上传成功: output/log/2026-08-10.log
[23:38:23][INFO][同步项目开发记录] 上传成功: output/sync_meta/sync_meta_4ae831e3-0263-4912-b1f5-379b2263c7ad.json
[23:38:28][INFO][同步项目开发记录] 上传成功: output/log/2026-08-10.log
[23:38:28][INFO][同步项目开发记录] 上传成功: output/sync_meta/sync_meta_4ae831e3-0263-4912-b1f5-379b2263c7ad.json
[23:38:33][INFO][同步项目开发记录] 上传成功: output/log/2026-08-10.log
[23:38:33][INFO][同步项目开发记录] 上传成功: output/sync_meta/sync_meta_4ae831e3-0263-4912-b1f5-379b2263c7ad.json
[23:38:38][INFO][同步项目开发记录] 上传成功: output/log/2026-08-10.log
[23:38:38][INFO][同步项目开发记录] 上传成功: output/sync_meta/sync_meta_4ae831e3-0263-4912-b1f5-379b2263c7ad.json
[23:38:43][INFO][同步项目开发记录] 上传成功: output/log/2026-08-10.log
[23:38:43][INFO][同步项目开发记录] 上传成功: output/sync_meta/sync_meta_4ae831e3-0263-4912-b1f5-379b2263c7ad.json
[23:38:48][INFO][同步项目开发记录] 上传成功: output/log/2026-08-10.log
[23:38:48][INFO][同步项目开发记录] 上传成功: output/sync_meta/sync_meta_4ae831e3-0263-4912-b1f5-379b2263c7ad.json
[23:38:53][INFO][同步项目开发记录] 上传成功: output/log/2026-08-10.log
[23:38:53][INFO][同步项目开发记录] 上传成功: output/sync_meta/sync_meta_4ae831e3-0263-4912-b1f5-379b2263c7ad.json
[23:38:58][INFO][同步项目开发记录] 上传成功: output/log/2026-08-10.log
[23:38:58][INFO][同步项目开发记录] 上传成功: output/sync_meta/sync_meta_4ae831e3-0263-4912-b1f5-379b2263c7ad.json
[23:39:03][INFO][同步项目开发记录] 上传成功: output/log/2026-08-10.log
[23:39:03][INFO][同步项目开发记录] 上传成功: output/sync_meta/sync_meta_4ae831e3-0263-4912-b1f5-379b2263c7ad.json
[23:39:08][INFO][同步项目开发记录] 上传成功: output/log/2026-08-10.log
[23:39:08][INFO][同步项目开发记录] 上传成功: output/sync_meta/sync_meta_4ae831e3-0263-4912-b1f5-379b2263c7ad.json
[23:39:13][INFO][同步项目开发记录] 上传成功: output/log/2026-08-10.log
[23:39:13][INFO][同步项目开发记录] 上传成功: output/sync_meta/sync_meta_4ae831e3-0263-4912-b1f5-379b2263c7ad.json
[23:39:18][INFO][同步项目开发记录] 上传成功: output/log/2026-08-10.log
[23:39:18][INFO][同步项目开发记录] 上传成功: output/sync_meta/sync_meta_4ae831e3-0263-4912-b1f5-379b2263c7ad.json
[23:39:23][INFO][同步项目开发记录] 上传成功: output/log/2026-08-10.log
[23:39:23][INFO][同步项目开发记录] 上传成功: output/sync_meta/sync_meta_4ae831e3-0263-4912-b1f5-379b2263c7ad.json
[23:39:28][INFO][同步项目开发记录] 上传成功: output/log/2026-08-10.log
[23:39:28][INFO][同步项目开发记录] 上传成功: output/sync_meta/sync_meta_4ae831e3-0263-4912-b1f5-379b2263c7ad.json
[23:39:33][INFO][同步项目开发记录] 上传成功: output/log/2026-08-10.log
[23:39:33][INFO][同步项目开发记录] 上传成功: output/sync_meta/sync_meta_4ae831e3-0263-4912-b1f5-379b2263c7ad.json
[23:39:38][INFO][同步项目开发记录] 上传成功: output/log/2026-08-10.log
[23:39:38][INFO][同步项目开发记录] 上传成功: output/sync_meta/sync_meta_4ae831e3-0263-4912-b1f5-379b2263c7ad.json
[23:39:43][INFO][同步项目开发记录] 上传成功: output/log/2026-08-10.log
[23:39:43][INFO][同步项目开发记录] 上传成功: output/sync_meta/sync_meta_4ae831e3-0263-4912-b1f5-379b2263c7ad.json
[23:39:48][INFO][同步项目开发记录] 上传成功: output/log/2026-08-10.log
[23:39:48][INFO][同步项目开发记录] 上传成功: output/sync_meta/sync_meta_4ae831e3-0263-4912-b1f5-379b2263c7ad.json
[23:39:53][INFO][同步项目开发记录] 上传成功: output/log/2026-08-10.log
[23:39:53][INFO][同步项目开发记录] 上传成功: output/sync_meta/sync_meta_4ae831e3-0263-4912-b1f5-379b2263c7ad.json
[23:39:58][INFO][同步项目开发记录] 上传成功: output/log/2026-08-10.log
[23:39:58][INFO][同步项目开发记录] 上传成功: output/sync_meta/sync_meta_4ae831e3-0263-4912-b1f5-379b2263c7ad.json
[23:40:03][INFO][同步项目开发记录] 上传成功: output/log/2026-08-10.log
[23:40:03][INFO][同步项目开发记录] 上传成功: output/sync_meta/sync_meta_4ae831e3-0263-4912-b1f5-379b2263c7ad.json
[23:40:08][INFO][同步项目开发记录] 上传成功: output/log/2026-08-10.log
[23:40:08][INFO][同步项目开发记录] 上传成功: output/sync_meta/sync_meta_4ae831e3-0263-4912-b1f5-379b2263c7ad.json
[23:40:13][INFO][同步项目开发记录] 上传成功: output/log/2026-08-10.log
[23:40:13][INFO][同步项目开发记录] 上传成功: output/sync_meta/sync_meta_4ae831e3-0263-4912-b1f5-379b2263c7ad.json
[23:40:18][INFO][同步项目开发记录] 上传成功: output/log/2026-08-10.log
[23:40:18][INFO][同步项目开发记录] 上传成功: output/sync_meta/sync_meta_4ae831e3-0263-4912-b1f5-379b2263c7ad.json
[23:40:23][INFO][同步项目开发记录] 上传成功: output/log/2026-08-10.log
[23:40:23][INFO][同步项目开发记录] 上传成功: output/sync_meta/sync_meta_4ae831e3-0263-4912-b1f5-379b2263c7ad.json
[23:40:28][INFO][同步项目开发记录] 上传成功: output/log/2026-08-10.log
[23:40:28][INFO][同步项目开发记录] 上传成功: output/sync_meta/sync_meta_4ae831e3-0263-4912-b1f5-379b2263c7ad.json
[23:40:33][INFO][同步项目开发记录] 上传成功: output/log/2026-08-10.log
[23:40:33][INFO][同步项目开发记录] 上传成功: output/sync_meta/sync_meta_4ae831e3-0263-4912-b1f5-379b2263c7ad.json
[23:40:38][INFO][同步项目开发记录] 上传成功: output/log/2026-08-10.log
[23:40:38][INFO][同步项目开发记录] 上传成功: output/sync_meta/sync_meta_4ae831e3-0263-4912-b1f5-379b2263c7ad.json
[23:40:43][INFO][同步项目开发记录] 上传成功: output/log/2026-08-10.log
[23:40:43][INFO][同步项目开发记录] 上传成功: output/sync_meta/sync_meta_4ae831e3-0263-4912-b1f5-379b2263c7ad.json
[23:40:48][INFO][同步项目开发记录] 上传成功: output/log/2026-08-10.log
[23:40:48][INFO][同步项目开发记录] 上传成功: output/sync_meta/sync_meta_4ae831e3-0263-4912-b1f5-379b2263c7ad.json
[23:40:53][INFO][同步项目开发记录] 上传成功: output/log/2026-08-10.log
[23:40:53][INFO][同步项目开发记录] 上传成功: output/sync_meta/sync_meta_4ae831e3-0263-4912-b1f5-379b2263c7ad.json
[23:40:58][INFO][同步项目开发记录] 上传成功: output/log/2026-08-10.log
[23:40:58][INFO][同步项目开发记录] 上传成功: output/sync_meta/sync_meta_4ae831e3-0263-4912-b1f5-379b2263c7ad.json
[23:41:03][INFO][同步项目开发记录] 上传成功: output/log/2026-08-10.log
[23:41:03][INFO][同步项目开发记录] 上传成功: output/sync_meta/sync_meta_4ae831e3-0263-4912-b1f5-379b2263c7ad.json
[23:41:08][INFO][同步项目开发记录] 上传成功: output/log/2026-08-10.log
[23:41:08][INFO][同步项目开发记录] 上传成功: output/sync_meta/sync_meta_4ae831e3-0263-4912-b1f5-379b2263c7ad.json
[23:41:13][INFO][同步项目开发记录] 上传成功: output/log/2026-08-10.log
[23:41:13][INFO][同步项目开发记录] 上传成功: output/sync_meta/sync_meta_4ae831e3-0263-4912-b1f5-379b2263c7ad.json
[23:41:18][INFO][同步项目开发记录] 上传成功: output/log/2026-08-10.log
[23:41:18][INFO][同步项目开发记录] 上传成功: output/sync_meta/sync_meta_4ae831e3-0263-4912-b1f5-379b2263c7ad.json
[23:41:23][INFO][同步项目开发记录] 上传成功: output/log/2026-08-10.log
[23:41:23][INFO][同步项目开发记录] 上传成功: output/sync_meta/sync_meta_4ae831e3-0263-4912-b1f5-379b2263c7ad.json
[23:41:28][INFO][同步项目开发记录] 上传成功: output/log/2026-08-10.log
[23:41:28][INFO][同步项目开发记录] 上传成功: output/sync_meta/sync_meta_4ae831e3-0263-4912-b1f5-379b2263c7ad.json
[23:41:33][INFO][同步项目开发记录] 上传成功: output/log/2026-08-10.log
[23:41:33][INFO][同步项目开发记录] 上传成功: output/sync_meta/sync_meta_4ae831e3-0263-4912-b1f5-379b2263c7ad.json
[23:41:38][INFO][同步项目开发记录] 上传成功: output/log/2026-08-10.log
[23:41:38][INFO][同步项目开发记录] 上传成功: output/sync_meta/sync_meta_4ae831e3-0263-4912-b1f5-379b2263c7ad.json
[23:41:43][INFO][同步项目开发记录] 上传成功: output/log/2026-08-10.log
[23:41:43][INFO][同步项目开发记录] 上传成功: output/sync_meta/sync_meta_4ae831e3-0263-4912-b1f5-379b2263c7ad.json
[23:41:48][INFO][同步项目开发记录] 上传成功: output/log/2026-08-10.log
[23:41:48][INFO][同步项目开发记录] 上传成功: output/sync_meta/sync_meta_4ae831e3-0263-4912-b1f5-379b2263c7ad.json
[23:41:53][INFO][同步项目开发记录] 上传成功: output/log/2026-08-10.log
[23:41:53][INFO][同步项目开发记录] 上传成功: output/sync_meta/sync_meta_4ae831e3-0263-4912-b1f5-379b2263c7ad.json
[23:41:58][INFO][同步项目开发记录] 上传成功: output/log/2026-08-10.log
[23:41:58][INFO][同步项目开发记录] 上传成功: output/sync_meta/sync_meta_4ae831e3-0263-4912-b1f5-379b2263c7ad.json
[23:42:03][INFO][同步项目开发记录] 上传成功: output/log/2026-08-10.log
[23:42:03][INFO][同步项目开发记录] 上传成功: output/sync_meta/sync_meta_4ae831e3-0263-4912-b1f5-379b2263c7ad.json
[23:42:08][INFO][同步项目开发记录] 上传成功: output/log/2026-08-10.log
[23:42:08][INFO][同步项目开发记录] 上传成功: output/sync_meta/sync_meta_4ae831e3-0263-4912-b1f5-379b2263c7ad.json
[23:42:13][INFO][同步项目开发记录] 上传成功: output/log/2026-08-10.log
[23:42:13][INFO][同步项目开发记录] 上传成功: output/sync_meta/sync_meta_4ae831e3-0263-4912-b1f5-379b2263c7ad.json
[23:42:18][INFO][同步项目开发记录] 上传成功: output/log/2026-08-10.log
[23:42:18][INFO][同步项目开发记录] 上传成功: output/sync_meta/sync_meta_4ae831e3-0263-4912-b1f5-379b2263c7ad.json
[23:42:23][INFO][同步项目开发记录] 上传成功: output/log/2026-08-10.log
[23:42:23][INFO][同步项目开发记录] 上传成功: output/sync_meta/sync_meta_4ae831e3-0263-4912-b1f5-379b2263c7ad.json
[23:42:28][INFO][同步项目开发记录] 上传成功: output/log/2026-08-10.log
[23:42:28][INFO][同步项目开发记录] 上传成功: output/sync_meta/sync_meta_4ae831e3-0263-4912-b1f5-379b2263c7ad.json
[23:42:33][INFO][同步项目开发记录] 上传成功: output/log/2026-08-10.log
[23:42:33][INFO][同步项目开发记录] 上传成功: output/sync_meta/sync_meta_4ae831e3-0263-4912-b1f5-379b2263c7ad.json
[23:42:38][INFO][同步项目开发记录] 上传成功: output/log/2026-08-10.log
[23:42:38][INFO][同步项目开发记录] 上传成功: output/sync_meta/sync_meta_4ae831e3-0263-4912-b1f5-379b2263c7ad.json
[23:42:43][INFO][同步项目开发记录] 上传成功: output/log/2026-08-10.log
[23:42:43][INFO][同步项目开发记录] 上传成功: output/sync_meta/sync_meta_4ae831e3-0263-4912-b1f5-379b2263c7ad.json
[23:42:48][INFO][同步项目开发记录] 上传成功: output/log/2026-08-10.log
[23:42:48][INFO][同步项目开发记录] 上传成功: output/sync_meta/sync_meta_4ae831e3-0263-4912-b1f5-379b2263c7ad.json
[23:42:53][INFO][同步项目开发记录] 上传成功: output/log/2026-08-10.log
[23:42:53][INFO][同步项目开发记录] 上传成功: output/sync_meta/sync_meta_4ae831e3-0263-4912-b1f5-379b2263c7ad.json
[23:42:58][INFO][同步项目开发记录] 上传成功: output/log/2026-08-10.log
[23:42:58][INFO][同步项目开发记录] 上传成功: output/sync_meta/sync_meta_4ae831e3-0263-4912-b1f5-379b2263c7ad.json
[23:43:03][INFO][同步项目开发记录] 上传成功: output/log/2026-08-10.log
[23:43:03][INFO][同步项目开发记录] 上传成功: output/sync_meta/sync_meta_4ae831e3-0263-4912-b1f5-379b2263c7ad.json
[23:43:08][INFO][同步项目开发记录] 上传成功: output/log/2026-08-10.log
[23:43:08][INFO][同步项目开发记录] 上传成功: output/sync_meta/sync_meta_4ae831e3-0263-4912-b1f5-379b2263c7ad.json
[23:43:13][INFO][同步项目开发记录] 上传成功: output/log/2026-08-10.log
[23:43:13][INFO][同步项目开发记录] 上传成功: output/sync_meta/sync_meta_4ae831e3-0263-4912-b1f5-379b2263c7ad.json
[23:43:18][INFO][同步项目开发记录] 上传成功: output/log/2026-08-10.log
[23:43:18][INFO][同步项目开发记录] 上传成功: output/sync_meta/sync_meta_4ae831e3-0263-4912-b1f5-379b2263c7ad.json
[23:43:23][INFO][同步项目开发记录] 上传成功: output/log/2026-08-10.log
[23:43:23][INFO][同步项目开发记录] 上传成功: output/sync_meta/sync_meta_4ae831e3-0263-4912-b1f5-379b2263c7ad.json
[23:43:28][INFO][同步项目开发记录] 上传成功: output/log/2026-08-10.log
[23:43:28][INFO][同步项目开发记录] 上传成功: output/sync_meta/sync_meta_4ae831e3-0263-4912-b1f5-379b2263c7ad.json
[23:43:33][INFO][同步项目开发记录] 上传成功: output/log/2026-08-10.log
[23:43:33][INFO][同步项目开发记录] 上传成功: output/sync_meta/sync_meta_4ae831e3-0263-4912-b1f5-379b2263c7ad.json
[23:43:38][INFO][同步项目开发记录] 上传成功: output/log/2026-08-10.log
[23:43:38][INFO][同步项目开发记录] 上传成功: output/sync_meta/sync_meta_4ae831e3-0263-4912-b1f5-379b2263c7ad.json
[23:43:43][INFO][同步项目开发记录] 上传成功: output/log/2026-08-10.log
[23:43:43][INFO][同步项目开发记录] 上传成功: output/sync_meta/sync_meta_4ae831e3-0263-4912-b1f5-379b2263c7ad.json
[23:43:48][INFO][同步项目开发记录] 上传成功: output/log/2026-08-10.log
[23:43:48][INFO][同步项目开发记录] 上传成功: output/sync_meta/sync_meta_4ae831e3-0263-4912-b1f5-379b2263c7ad.json
[23:43:53][INFO][同步项目开发记录] 上传成功: output/log/2026-08-10.log
[23:43:53][INFO][同步项目开发记录] 上传成功: output/sync_meta/sync_meta_4ae831e3-0263-4912-b1f5-379b2263c7ad.json
[23:43:58][INFO][同步项目开发记录] 上传成功: output/log/2026-08-10.log
[23:43:58][INFO][同步项目开发记录] 上传成功: output/sync_meta/sync_meta_4ae831e3-0263-4912-b1f5-379b2263c7ad.json
[23:44:03][INFO][同步项目开发记录] 上传成功: output/log/2026-08-10.log
[23:44:03][INFO][同步项目开发记录] 上传成功: output/sync_meta/sync_meta_4ae831e3-0263-4912-b1f5-379b2263c7ad.json
[23:44:08][INFO][同步项目开发记录] 上传成功: output/log/2026-08-10.log
[23:44:08][INFO][同步项目开发记录] 上传成功: output/sync_meta/sync_meta_4ae831e3-0263-4912-b1f5-379b2263c7ad.json
[23:44:13][INFO][同步项目开发记录] 上传成功: output/log/2026-08-10.log
[23:44:13][INFO][同步项目开发记录] 上传成功: output/sync_meta/sync_meta_4ae831e3-0263-4912-b1f5-379b2263c7ad.json
[23:44:18][INFO][同步项目开发记录] 上传成功: output/log/2026-08-10.log
[23:44:18][INFO][同步项目开发记录] 上传成功: output/sync_meta/sync_meta_4ae831e3-0263-4912-b1f5-379b2263c7ad.json
[23:44:23][INFO][同步项目开发记录] 上传成功: output/log/2026-08-10.log
[23:44:23][INFO][同步项目开发记录] 上传成功: output/sync_meta/sync_meta_4ae831e3-0263-4912-b1f5-379b2263c7ad.json
[23:44:28][INFO][同步项目开发记录] 上传成功: output/log/2026-08-10.log
[23:44:28][INFO][同步项目开发记录] 上传成功: output/sync_meta/sync_meta_4ae831e3-0263-4912-b1f5-379b2263c7ad.json
[23:44:33][INFO][同步项目开发记录] 上传成功: output/log/2026-08-10.log
[23:44:33][INFO][同步项目开发记录] 上传成功: output/sync_meta/sync_meta_4ae831e3-0263-4912-b1f5-379b2263c7ad.json
[23:44:38][INFO][同步项目开发记录] 上传成功: output/log/2026-08-10.log
[23:44:38][INFO][同步项目开发记录] 上传成功: output/sync_meta/sync_meta_4ae831e3-0263-4912-b1f5-379b2263c7ad.json
[23:44:43][INFO][同步项目开发记录] 上传成功: output/log/2026-08-10.log
[23:44:43][INFO][同步项目开发记录] 上传成功: output/sync_meta/sync_meta_4ae831e3-0263-4912-b1f5-379b2263c7ad.json
[23:44:48][INFO][同步项目开发记录] 上传成功: output/log/2026-08-10.log
[23:44:48][INFO][同步项目开发记录] 上传成功: output/sync_meta/sync_meta_4ae831e3-0263-4912-b1f5-379b2263c7ad.json
[23:44:53][INFO][同步项目开发记录] 上传成功: output/log/2026-08-10.log
[23:44:53][INFO][同步项目开发记录] 上传成功: output/sync_meta/sync_meta_4ae831e3-0263-4912-b1f5-379b2263c7ad.json
[23:44:58][INFO][同步项目开发记录] 上传成功: output/log/2026-08-10.log
[23:44:58][INFO][同步项目开发记录] 上传成功: output/sync_meta/sync_meta_4ae831e3-0263-4912-b1f5-379b2263c7ad.json
[23:45:03][INFO][同步项目开发记录] 上传成功: output/log/2026-08-10.log
[23:45:03][INFO][同步项目开发记录] 上传成功: output/sync_meta/sync_meta_4ae831e3-0263-4912-b1f5-379b2263c7ad.json
[23:45:08][INFO][同步项目开发记录] 上传成功: output/log/2026-08-10.log
[23:45:08][INFO][同步项目开发记录] 上传成功: output/sync_meta/sync_meta_4ae831e3-0263-4912-b1f5-379b2263c7ad.json
[23:45:13][INFO][同步项目开发记录] 上传成功: output/log/2026-08-10.log
[23:45:13][INFO][同步项目开发记录] 上传成功: output/sync_meta/sync_meta_4ae831e3-0263-4912-b1f5-379b2263c7ad.json
[23:45:18][INFO][同步项目开发记录] 上传成功: output/log/2026-08-10.log
[23:45:18][INFO][同步项目开发记录] 上传成功: output/sync_meta/sync_meta_4ae831e3-0263-4912-b1f5-379b2263c7ad.json
[23:45:23][INFO][同步项目开发记录] 上传成功: output/log/2026-08-10.log
[23:45:23][INFO][同步项目开发记录] 上传成功: output/sync_meta/sync_meta_4ae831e3-0263-4912-b1f5-379b2263c7ad.json
[23:45:28][INFO][同步项目开发记录] 上传成功: output/log/2026-08-10.log
[23:45:28][INFO][同步项目开发记录] 上传成功: output/sync_meta/sync_meta_4ae831e3-0263-4912-b1f5-379b2263c7ad.json
[23:45:33][INFO][同步项目开发记录] 上传成功: output/log/2026-08-10.log
[23:45:33][INFO][同步项目开发记录] 上传成功: output/sync_meta/sync_meta_4ae831e3-0263-4912-b1f5-379b2263c7ad.json
[23:45:38][INFO][同步项目开发记录] 上传成功: output/log/2026-08-10.log
[23:45:38][INFO][同步项目开发记录] 上传成功: output/sync_meta/sync_meta_4ae831e3-0263-4912-b1f5-379b2263c7ad.json
[23:45:43][INFO][同步项目开发记录] 上传成功: output/log/2026-08-10.log
[23:45:43][INFO][同步项目开发记录] 上传成功: output/sync_meta/sync_meta_4ae831e3-0263-4912-b1f5-379b2263c7ad.json
[23:45:48][INFO][同步项目开发记录] 上传成功: output/log/2026-08-10.log
[23:45:48][INFO][同步项目开发记录] 上传成功: output/sync_meta/sync_meta_4ae831e3-0263-4912-b1f5-379b2263c7ad.json
[23:45:53][INFO][同步项目开发记录] 上传成功: output/log/2026-08-10.log
[23:45:53][INFO][同步项目开发记录] 上传成功: output/sync_meta/sync_meta_4ae831e3-0263-4912-b1f5-379b2263c7ad.json
[23:45:58][INFO][同步项目开发记录] 上传成功: output/log/2026-08-10.log
[23:45:58][INFO][同步项目开发记录] 上传成功: output/sync_meta/sync_meta_4ae831e3-0263-4912-b1f5-379b2263c7ad.json
[23:46:03][INFO][同步项目开发记录] 上传成功: output/log/2026-08-10.log
[23:46:03][INFO][同步项目开发记录] 上传成功: output/sync_meta/sync_meta_4ae831e3-0263-4912-b1f5-379b2263c7ad.json
[23:46:08][INFO][同步项目开发记录] 上传成功: output/log/2026-08-10.log
[23:46:08][INFO][同步项目开发记录] 上传成功: output/sync_meta/sync_meta_4ae831e3-0263-4912-b1f5-379b2263c7ad.json
[23:46:13][INFO][同步项目开发记录] 上传成功: output/log/2026-08-10.log
[23:46:13][INFO][同步项目开发记录] 上传成功: output/sync_meta/sync_meta_4ae831e3-0263-4912-b1f5-379b2263c7ad.json
[23:46:18][INFO][同步项目开发记录] 上传成功: output/log/2026-08-10.log
[23:46:18][INFO][同步项目开发记录] 上传成功: output/sync_meta/sync_meta_4ae831e3-0263-4912-b1f5-379b2263c7ad.json
[23:46:23][INFO][同步项目开发记录] 上传成功: output/log/2026-08-10.log
[23:46:23][INFO][同步项目开发记录] 上传成功: output/sync_meta/sync_meta_4ae831e3-0263-4912-b1f5-379b2263c7ad.json
[23:46:28][INFO][同步项目开发记录] 上传成功: output/log/2026-08-10.log
[23:46:28][INFO][同步项目开发记录] 上传成功: output/sync_meta/sync_meta_4ae831e3-0263-4912-b1f5-379b2263c7ad.json
[23:46:33][INFO][同步项目开发记录] 上传成功: output/log/2026-08-10.log
[23:46:33][INFO][同步项目开发记录] 上传成功: output/sync_meta/sync_meta_4ae831e3-0263-4912-b1f5-379b2263c7ad.json
[23:46:38][INFO][同步项目开发记录] 上传成功: output/log/2026-08-10.log
[23:46:38][INFO][同步项目开发记录] 上传成功: output/sync_meta/sync_meta_4ae831e3-0263-4912-b1f5-379b2263c7ad.json
[23:46:43][INFO][同步项目开发记录] 上传成功: output/log/2026-08-10.log
[23:46:43][INFO][同步项目开发记录] 上传成功: output/sync_meta/sync_meta_4ae831e3-0263-4912-b1f5-379b2263c7ad.json
[23:46:48][INFO][同步项目开发记录] 上传成功: output/log/2026-08-10.log
[23:46:48][INFO][同步项目开发记录] 上传成功: output/sync_meta/sync_meta_4ae831e3-0263-4912-b1f5-379b2263c7ad.json
[23:46:53][INFO][同步项目开发记录] 上传成功: output/log/2026-08-10.log
[23:46:53][INFO][同步项目开发记录] 上传成功: output/sync_meta/sync_meta_4ae831e3-0263-4912-b1f5-379b2263c7ad.json
[23:46:58][INFO][同步项目开发记录] 上传成功: output/log/2026-08-10.log
[23:46:58][INFO][同步项目开发记录] 上传成功: output/sync_meta/sync_meta_4ae831e3-0263-4912-b1f5-379b2263c7ad.json
[23:47:03][INFO][同步项目开发记录] 上传成功: output/log/2026-08-10.log
[23:47:03][INFO][同步项目开发记录] 上传成功: output/sync_meta/sync_meta_4ae831e3-0263-4912-b1f5-379b2263c7ad.json
[23:47:08][INFO][同步项目开发记录] 上传成功: output/log/2026-08-10.log
[23:47:08][INFO][同步项目开发记录] 上传成功: output/sync_meta/sync_meta_4ae831e3-0263-4912-b1f5-379b2263c7ad.json
[23:47:13][INFO][同步项目开发记录] 上传成功: output/log/2026-08-10.log
[23:47:13][INFO][同步项目开发记录] 上传成功: output/sync_meta/sync_meta_4ae831e3-0263-4912-b1f5-379b2263c7ad.json
[23:47:18][INFO][同步项目开发记录] 上传成功: output/log/2026-08-10.log
[23:47:18][INFO][同步项目开发记录] 上传成功: output/sync_meta/sync_meta_4ae831e3-0263-4912-b1f5-379b2263c7ad.json
[23:47:23][INFO][同步项目开发记录] 上传成功: output/log/2026-08-10.log
[23:47:23][INFO][同步项目开发记录] 上传成功: output/sync_meta/sync_meta_4ae831e3-0263-4912-b1f5-379b2263c7ad.json
[23:47:28][INFO][同步项目开发记录] 上传成功: output/log/2026-08-10.log
[23:47:28][INFO][同步项目开发记录] 上传成功: output/sync_meta/sync_meta_4ae831e3-0263-4912-b1f5-379b2263c7ad.json
[23:47:33][INFO][同步项目开发记录] 上传成功: output/log/2026-08-10.log
[23:47:33][INFO][同步项目开发记录] 上传成功: output/sync_meta/sync_meta_4ae831e3-0263-4912-b1f5-379b2263c7ad.json
[23:47:38][INFO][同步项目开发记录] 上传成功: output/log/2026-08-10.log
[23:47:38][INFO][同步项目开发记录] 上传成功: output/sync_meta/sync_meta_4ae831e3-0263-4912-b1f5-379b2263c7ad.json
[23:47:43][INFO][同步项目开发记录] 上传成功: output/log/2026-08-10.log
[23:47:43][INFO][同步项目开发记录] 上传成功: output/sync_meta/sync_meta_4ae831e3-0263-4912-b1f5-379b2263c7ad.json
[23:47:48][INFO][同步项目开发记录] 上传成功: output/log/2026-08-10.log
[23:47:48][INFO][同步项目开发记录] 上传成功: output/sync_meta/sync_meta_4ae831e3-0263-4912-b1f5-379b2263c7ad.json
[23:47:53][INFO][同步项目开发记录] 上传成功: output/log/2026-08-10.log
[23:47:53][INFO][同步项目开发记录] 上传成功: output/sync_meta/sync_meta_4ae831e3-0263-4912-b1f5-379b2263c7ad.json
[23:47:58][INFO][同步项目开发记录] 上传成功: output/log/2026-08-10.log
[23:47:58][INFO][同步项目开发记录] 上传成功: output/sync_meta/sync_meta_4ae831e3-0263-4912-b1f5-379b2263c7ad.json
[23:48:03][INFO][同步项目开发记录] 上传成功: output/log/2026-08-10.log
[23:48:03][INFO][同步项目开发记录] 上传成功: output/sync_meta/sync_meta_4ae831e3-0263-4912-b1f5-379b2263c7ad.json
[23:48:08][INFO][同步项目开发记录] 上传成功: output/log/2026-08-10.log
[23:48:08][INFO][同步项目开发记录] 上传成功: output/sync_meta/sync_meta_4ae831e3-0263-4912-b1f5-379b2263c7ad.json
[23:48:13][INFO][同步项目开发记录] 上传成功: output/log/2026-08-10.log
[23:48:13][INFO][同步项目开发记录] 上传成功: output/sync_meta/sync_meta_4ae831e3-0263-4912-b1f5-379b2263c7ad.json
[23:48:18][INFO][同步项目开发记录] 上传成功: output/log/2026-08-10.log
[23:48:18][INFO][同步项目开发记录] 上传成功: output/sync_meta/sync_meta_4ae831e3-0263-4912-b1f5-379b2263c7ad.json
[23:48:23][INFO][同步项目开发记录] 上传成功: output/log/2026-08-10.log
[23:48:23][INFO][同步项目开发记录] 上传成功: output/sync_meta/sync_meta_4ae831e3-0263-4912-b1f5-379b2263c7ad.json
[23:48:28][INFO][同步项目开发记录] 上传成功: output/log/2026-08-10.log
[23:48:28][INFO][同步项目开发记录] 上传成功: output/sync_meta/sync_meta_4ae831e3-0263-4912-b1f5-379b2263c7ad.json
[23:48:33][INFO][同步项目开发记录] 上传成功: output/log/2026-08-10.log
[23:48:33][INFO][同步项目开发记录] 上传成功: output/sync_meta/sync_meta_4ae831e3-0263-4912-b1f5-379b2263c7ad.json
[23:48:38][INFO][同步项目开发记录] 上传成功: output/log/2026-08-10.log
[23:48:38][INFO][同步项目开发记录] 上传成功: output/sync_meta/sync_meta_4ae831e3-0263-4912-b1f5-379b2263c7ad.json
[23:48:43][INFO][同步项目开发记录] 上传成功: output/log/2026-08-10.log
[23:48:43][INFO][同步项目开发记录] 上传成功: output/sync_meta/sync_meta_4ae831e3-0263-4912-b1f5-379b2263c7ad.json
[23:48:48][INFO][同步项目开发记录] 上传成功: output/log/2026-08-10.log
[23:48:48][INFO][同步项目开发记录] 上传成功: output/sync_meta/sync_meta_4ae831e3-0263-4912-b1f5-379b2263c7ad.json
[23:48:53][INFO][同步项目开发记录] 上传成功: output/log/2026-08-10.log
[23:48:53][INFO][同步项目开发记录] 上传成功: output/sync_meta/sync_meta_4ae831e3-0263-4912-b1f5-379b2263c7ad.json
[23:48:58][INFO][同步项目开发记录] 上传成功: output/log/2026-08-10.log
[23:48:58][INFO][同步项目开发记录] 上传成功: output/sync_meta/sync_meta_4ae831e3-0263-4912-b1f5-379b2263c7ad.json
[23:49:03][INFO][同步项目开发记录] 上传成功: output/log/2026-08-10.log
[23:49:03][INFO][同步项目开发记录] 上传成功: output/sync_meta/sync_meta_4ae831e3-0263-4912-b1f5-379b2263c7ad.json
[23:49:08][INFO][同步项目开发记录] 上传成功: output/log/2026-08-10.log
[23:49:08][INFO][同步项目开发记录] 上传成功: output/sync_meta/sync_meta_4ae831e3-0263-4912-b1f5-379b2263c7ad.json
[23:49:13][INFO][同步项目开发记录] 上传成功: output/log/2026-08-10.log
[23:49:13][INFO][同步项目开发记录] 上传成功: output/sync_meta/sync_meta_4ae831e3-0263-4912-b1f5-379b2263c7ad.json
[23:49:18][INFO][同步项目开发记录] 上传成功: output/log/2026-08-10.log
[23:49:18][INFO][同步项目开发记录] 上传成功: output/sync_meta/sync_meta_4ae831e3-0263-4912-b1f5-379b2263c7ad.json
[23:49:23][INFO][同步项目开发记录] 上传成功: output/log/2026-08-10.log
[23:49:23][INFO][同步项目开发记录] 上传成功: output/sync_meta/sync_meta_4ae831e3-0263-4912-b1f5-379b2263c7ad.json
[23:49:28][INFO][同步项目开发记录] 上传成功: output/log/2026-08-10.log
[23:49:28][INFO][同步项目开发记录] 上传成功: output/sync_meta/sync_meta_4ae831e3-0263-4912-b1f5-379b2263c7ad.json
[23:49:33][INFO][同步项目开发记录] 上传成功: output/log/2026-08-10.log
[23:49:33][INFO][同步项目开发记录] 上传成功: output/sync_meta/sync_meta_4ae831e3-0263-4912-b1f5-379b2263c7ad.json
[23:49:38][INFO][同步项目开发记录] 上传成功: output/log/2026-08-10.log
[23:49:38][INFO][同步项目开发记录] 上传成功: output/sync_meta/sync_meta_4ae831e3-0263-4912-b1f5-379b2263c7ad.json
[23:49:43][INFO][同步项目开发记录] 上传成功: output/log/2026-08-10.log
[23:49:43][INFO][同步项目开发记录] 上传成功: output/sync_meta/sync_meta_4ae831e3-0263-4912-b1f5-379b2263c7ad.json
[23:49:48][INFO][同步项目开发记录] 上传成功: output/log/2026-08-10.log
[23:49:48][INFO][同步项目开发记录] 上传成功: output/sync_meta/sync_meta_4ae831e3-0263-4912-b1f5-379b2263c7ad.json
[23:49:53][INFO][同步项目开发记录] 上传成功: output/log/2026-08-10.log
[23:49:53][INFO][同步项目开发记录] 上传成功: output/sync_meta/sync_meta_4ae831e3-0263-4912-b1f5-379b2263c7ad.json
[23:49:58][INFO][同步项目开发记录] 上传成功: output/log/2026-08-10.log
[23:49:58][INFO][同步项目开发记录] 上传成功: output/sync_meta/sync_meta_4ae831e3-0263-4912-b1f5-379b2263c7ad.json
[23:50:03][INFO][同步项目开发记录] 上传成功: output/log/2026-08-10.log
[23:50:03][INFO][同步项目开发记录] 上传成功: output/sync_meta/sync_meta_4ae831e3-0263-4912-b1f5-379b2263c7ad.json
[23:50:08][INFO][同步项目开发记录] 上传成功: output/log/2026-08-10.log
[23:50:08][INFO][同步项目开发记录] 上传成功: output/sync_meta/sync_meta_4ae831e3-0263-4912-b1f5-379b2263c7ad.json
[23:50:13][INFO][同步项目开发记录] 上传成功: output/log/2026-08-10.log
[23:50:13][INFO][同步项目开发记录] 上传成功: output/sync_meta/sync_meta_4ae831e3-0263-4912-b1f5-379b2263c7ad.json
[23:50:18][INFO][同步项目开发记录] 上传成功: output/log/2026-08-10.log
[23:50:18][INFO][同步项目开发记录] 上传成功: output/sync_meta/sync_meta_4ae831e3-0263-4912-b1f5-379b2263c7ad.json
[23:50:23][INFO][同步项目开发记录] 上传成功: output/log/2026-08-10.log
[23:50:23][INFO][同步项目开发记录] 上传成功: output/sync_meta/sync_meta_4ae831e3-0263-4912-b1f5-379b2263c7ad.json
[23:50:28][INFO][同步项目开发记录] 上传成功: output/log/2026-08-10.log
[23:50:28][INFO][同步项目开发记录] 上传成功: output/sync_meta/sync_meta_4ae831e3-0263-4912-b1f5-379b2263c7ad.json
[23:50:33][INFO][同步项目开发记录] 上传成功: output/log/2026-08-10.log
[23:50:33][INFO][同步项目开发记录] 上传成功: output/sync_meta/sync_meta_4ae831e3-0263-4912-b1f5-379b2263c7ad.json
[23:50:38][INFO][同步项目开发记录] 上传成功: output/log/2026-08-10.log
[23:50:38][INFO][同步项目开发记录] 上传成功: output/sync_meta/sync_meta_4ae831e3-0263-4912-b1f5-379b2263c7ad.json
[23:50:43][INFO][同步项目开发记录] 上传成功: output/log/2026-08-10.log
[23:50:43][INFO][同步项目开发记录] 上传成功: output/sync_meta/sync_meta_4ae831e3-0263-4912-b1f5-379b2263c7ad.json
[23:50:48][INFO][同步项目开发记录] 上传成功: output/log/2026-08-10.log
[23:50:48][INFO][同步项目开发记录] 上传成功: output/sync_meta/sync_meta_4ae831e3-0263-4912-b1f5-379b2263c7ad.json
[23:50:53][INFO][同步项目开发记录] 上传成功: output/log/2026-08-10.log
[23:50:53][INFO][同步项目开发记录] 上传成功: output/sync_meta/sync_meta_4ae831e3-0263-4912-b1f5-379b2263c7ad.json
[23:50:58][INFO][同步项目开发记录] 上传成功: output/log/2026-08-10.log
[23:50:58][INFO][同步项目开发记录] 上传成功: output/sync_meta/sync_meta_4ae831e3-0263-4912-b1f5-379b2263c7ad.json
[23:51:03][INFO][同步项目开发记录] 上传成功: output/log/2026-08-10.log
[23:51:03][INFO][同步项目开发记录] 上传成功: output/sync_meta/sync_meta_4ae831e3-0263-4912-b1f5-379b2263c7ad.json
[23:51:08][INFO][同步项目开发记录] 上传成功: output/log/2026-08-10.log
[23:51:08][INFO][同步项目开发记录] 上传成功: output/sync_meta/sync_meta_4ae831e3-0263-4912-b1f5-379b2263c7ad.json
[23:51:13][INFO][同步项目开发记录] 上传成功: output/log/2026-08-10.log
[23:51:13][INFO][同步项目开发记录] 上传成功: output/sync_meta/sync_meta_4ae831e3-0263-4912-b1f5-379b2263c7ad.json
[23:51:18][INFO][同步项目开发记录] 上传成功: output/log/2026-08-10.log
[23:51:18][INFO][同步项目开发记录] 上传成功: output/sync_meta/sync_meta_4ae831e3-0263-4912-b1f5-379b2263c7ad.json
[23:51:23][INFO][同步项目开发记录] 上传成功: output/log/2026-08-10.log
[23:51:23][INFO][同步项目开发记录] 上传成功: output/sync_meta/sync_meta_4ae831e3-0263-4912-b1f5-379b2263c7ad.json
[23:51:28][INFO][同步项目开发记录] 上传成功: output/log/2026-08-10.log
[23:51:28][INFO][同步项目开发记录] 上传成功: output/sync_meta/sync_meta_4ae831e3-0263-4912-b1f5-379b2263c7ad.json
[23:51:33][INFO][同步项目开发记录] 上传成功: output/log/2026-08-10.log
[23:51:33][INFO][同步项目开发记录] 上传成功: output/sync_meta/sync_meta_4ae831e3-0263-4912-b1f5-379b2263c7ad.json
[23:51:38][INFO][同步项目开发记录] 上传成功: output/log/2026-08-10.log
[23:51:38][INFO][同步项目开发记录] 上传成功: output/sync_meta/sync_meta_4ae831e3-0263-4912-b1f5-379b2263c7ad.json
[23:51:43][INFO][同步项目开发记录] 上传成功: output/log/2026-08-10.log
[23:51:43][INFO][同步项目开发记录] 上传成功: output/sync_meta/sync_meta_4ae831e3-0263-4912-b1f5-379b2263c7ad.json
[23:51:48][INFO][同步项目开发记录] 上传成功: output/log/2026-08-10.log
[23:51:48][INFO][同步项目开发记录] 上传成功: output/sync_meta/sync_meta_4ae831e3-0263-4912-b1f5-379b2263c7ad.json
[23:51:53][INFO][同步项目开发记录] 上传成功: output/log/2026-08-10.log
[23:51:53][INFO][同步项目开发记录] 上传成功: output/sync_meta/sync_meta_4ae831e3-0263-4912-b1f5-379b2263c7ad.json
[23:51:58][INFO][同步项目开发记录] 上传成功: output/log/2026-08-10.log
[23:51:58][INFO][同步项目开发记录] 上传成功: output/sync_meta/sync_meta_4ae831e3-0263-4912-b1f5-379b2263c7ad.json
[23:52:03][INFO][同步项目开发记录] 上传成功: output/log/2026-08-10.log
[23:52:03][INFO][同步项目开发记录] 上传成功: output/sync_meta/sync_meta_4ae831e3-0263-4912-b1f5-379b2263c7ad.json
[23:52:08][INFO][同步项目开发记录] 上传成功: output/log/2026-08-10.log
[23:52:08][INFO][同步项目开发记录] 上传成功: output/sync_meta/sync_meta_4ae831e3-0263-4912-b1f5-379b2263c7ad.json
[23:52:13][INFO][同步项目开发记录] 上传成功: output/log/2026-08-10.log
[23:52:13][INFO][同步项目开发记录] 上传成功: output/sync_meta/sync_meta_4ae831e3-0263-4912-b1f5-379b2263c7ad.json
[23:52:18][INFO][同步项目开发记录] 上传成功: output/log/2026-08-10.log
[23:52:18][INFO][同步项目开发记录] 上传成功: output/sync_meta/sync_meta_4ae831e3-0263-4912-b1f5-379b2263c7ad.json
[23:52:23][INFO][同步项目开发记录] 上传成功: output/log/2026-08-10.log
[23:52:23][INFO][同步项目开发记录] 上传成功: output/sync_meta/sync_meta_4ae831e3-0263-4912-b1f5-379b2263c7ad.json
[23:52:28][INFO][同步项目开发记录] 上传成功: output/log/2026-08-10.log
[23:52:28][INFO][同步项目开发记录] 上传成功: output/sync_meta/sync_meta_4ae831e3-0263-4912-b1f5-379b2263c7ad.json
[23:52:33][INFO][同步项目开发记录] 上传成功: output/log/2026-08-10.log
[23:52:33][INFO][同步项目开发记录] 上传成功: output/sync_meta/sync_meta_4ae831e3-0263-4912-b1f5-379b2263c7ad.json
[23:52:38][INFO][同步项目开发记录] 上传成功: output/log/2026-08-10.log
[23:52:38][INFO][同步项目开发记录] 上传成功: output/sync_meta/sync_meta_4ae831e3-0263-4912-b1f5-379b2263c7ad.json
[23:52:43][INFO][同步项目开发记录] 上传成功: output/log/2026-08-10.log
[23:52:43][INFO][同步项目开发记录] 上传成功: output/sync_meta/sync_meta_4ae831e3-0263-4912-b1f5-379b2263c7ad.json
[23:52:48][INFO][同步项目开发记录] 上传成功: output/log/2026-08-10.log
[23:52:48][INFO][同步项目开发记录] 上传成功: output/sync_meta/sync_meta_4ae831e3-0263-4912-b1f5-379b2263c7ad.json
[23:52:53][INFO][同步项目开发记录] 上传成功: output/log/2026-08-10.log
[23:52:53][INFO][同步项目开发记录] 上传成功: output/sync_meta/sync_meta_4ae831e3-0263-4912-b1f5-379b2263c7ad.json
[23:52:58][INFO][同步项目开发记录] 上传成功: output/log/2026-08-10.log
[23:52:58][INFO][同步项目开发记录] 上传成功: output/sync_meta/sync_meta_4ae831e3-0263-4912-b1f5-379b2263c7ad.json
[23:53:03][INFO][同步项目开发记录] 上传成功: output/log/2026-08-10.log
[23:53:03][INFO][同步项目开发记录] 上传成功: output/sync_meta/sync_meta_4ae831e3-0263-4912-b1f5-379b2263c7ad.json
[23:53:08][INFO][同步项目开发记录] 上传成功: output/log/2026-08-10.log
[23:53:08][INFO][同步项目开发记录] 上传成功: output/sync_meta/sync_meta_4ae831e3-0263-4912-b1f5-379b2263c7ad.json
[23:53:13][INFO][同步项目开发记录] 上传成功: output/log/2026-08-10.log
[23:53:13][INFO][同步项目开发记录] 上传成功: output/sync_meta/sync_meta_4ae831e3-0263-4912-b1f5-379b2263c7ad.json
[23:53:18][INFO][同步项目开发记录] 上传成功: output/log/2026-08-10.log
[23:53:18][INFO][同步项目开发记录] 上传成功: output/sync_meta/sync_meta_4ae831e3-0263-4912-b1f5-379b2263c7ad.json
[23:53:23][INFO][同步项目开发记录] 上传成功: output/log/2026-08-10.log
[23:53:23][INFO][同步项目开发记录] 上传成功: output/sync_meta/sync_meta_4ae831e3-0263-4912-b1f5-379b2263c7ad.json
[23:53:28][INFO][同步项目开发记录] 上传成功: output/log/2026-08-10.log
[23:53:28][INFO][同步项目开发记录] 上传成功: output/sync_meta/sync_meta_4ae831e3-0263-4912-b1f5-379b2263c7ad.json
[23:53:33][INFO][同步项目开发记录] 上传成功: output/log/2026-08-10.log
[23:53:33][INFO][同步项目开发记录] 上传成功: output/sync_meta/sync_meta_4ae831e3-0263-4912-b1f5-379b2263c7ad.json
[23:53:38][INFO][同步项目开发记录] 上传成功: output/log/2026-08-10.log
[23:53:38][INFO][同步项目开发记录] 上传成功: output/sync_meta/sync_meta_4ae831e3-0263-4912-b1f5-379b2263c7ad.json
[23:53:43][INFO][同步项目开发记录] 上传成功: output/log/2026-08-10.log
[23:53:43][INFO][同步项目开发记录] 上传成功: output/sync_meta/sync_meta_4ae831e3-0263-4912-b1f5-379b2263c7ad.json
[23:53:48][INFO][同步项目开发记录] 上传成功: output/log/2026-08-10.log
[23:53:48][INFO][同步项目开发记录] 上传成功: output/sync_meta/sync_meta_4ae831e3-0263-4912-b1f5-379b2263c7ad.json
[23:53:53][INFO][同步项目开发记录] 上传成功: output/log/2026-08-10.log
[23:53:53][INFO][同步项目开发记录] 上传成功: output/sync_meta/sync_meta_4ae831e3-0263-4912-b1f5-379b2263c7ad.json
[23:53:58][INFO][同步项目开发记录] 上传成功: output/log/2026-08-10.log
[23:53:58][INFO][同步项目开发记录] 上传成功: output/sync_meta/sync_meta_4ae831e3-0263-4912-b1f5-379b2263c7ad.json
[23:54:03][INFO][同步项目开发记录] 上传成功: output/log/2026-08-10.log
[23:54:03][INFO][同步项目开发记录] 上传成功: output/sync_meta/sync_meta_4ae831e3-0263-4912-b1f5-379b2263c7ad.json
[23:54:08][INFO][同步项目开发记录] 上传成功: output/log/2026-08-10.log
[23:54:08][INFO][同步项目开发记录] 上传成功: output/sync_meta/sync_meta_4ae831e3-0263-4912-b1f5-379b2263c7ad.json
[23:54:13][INFO][同步项目开发记录] 上传成功: output/log/2026-08-10.log
[23:54:13][INFO][同步项目开发记录] 上传成功: output/sync_meta/sync_meta_4ae831e3-0263-4912-b1f5-379b2263c7ad.json
[23:54:18][INFO][同步项目开发记录] 上传成功: output/log/2026-08-10.log
[23:54:18][INFO][同步项目开发记录] 上传成功: output/sync_meta/sync_meta_4ae831e3-0263-4912-b1f5-379b2263c7ad.json
[23:54:23][INFO][同步项目开发记录] 上传成功: output/log/2026-08-10.log
[23:54:23][INFO][同步项目开发记录] 上传成功: output/sync_meta/sync_meta_4ae831e3-0263-4912-b1f5-379b2263c7ad.json
[23:54:28][INFO][同步项目开发记录] 上传成功: output/log/2026-08-10.log
[23:54:28][INFO][同步项目开发记录] 上传成功: output/sync_meta/sync_meta_4ae831e3-0263-4912-b1f5-379b2263c7ad.json
[23:54:33][INFO][同步项目开发记录] 上传成功: output/log/2026-08-10.log
[23:54:33][INFO][同步项目开发记录] 上传成功: output/sync_meta/sync_meta_4ae831e3-0263-4912-b1f5-379b2263c7ad.json
[23:54:38][INFO][同步项目开发记录] 上传成功: output/log/2026-08-10.log
[23:54:38][INFO][同步项目开发记录] 上传成功: output/sync_meta/sync_meta_4ae831e3-0263-4912-b1f5-379b2263c7ad.json
[23:54:43][INFO][同步项目开发记录] 上传成功: output/log/2026-08-10.log
[23:54:43][INFO][同步项目开发记录] 上传成功: output/sync_meta/sync_meta_4ae831e3-0263-4912-b1f5-379b2263c7ad.json
[23:54:48][INFO][同步项目开发记录] 上传成功: output/log/2026-08-10.log
[23:54:48][INFO][同步项目开发记录] 上传成功: output/sync_meta/sync_meta_4ae831e3-0263-4912-b1f5-379b2263c7ad.json
[23:54:53][INFO][同步项目开发记录] 上传成功: output/log/2026-08-10.log
[23:54:53][INFO][同步项目开发记录] 上传成功: output/sync_meta/sync_meta_4ae831e3-0263-4912-b1f5-379b2263c7ad.json
[23:54:58][INFO][同步项目开发记录] 上传成功: output/log/2026-08-10.log
[23:54:58][INFO][同步项目开发记录] 上传成功: output/sync_meta/sync_meta_4ae831e3-0263-4912-b1f5-379b2263c7ad.json
[23:55:03][INFO][同步项目开发记录] 上传成功: output/log/2026-08-10.log
[23:55:03][INFO][同步项目开发记录] 上传成功: output/sync_meta/sync_meta_4ae831e3-0263-4912-b1f5-379b2263c7ad.json
[23:55:08][INFO][同步项目开发记录] 上传成功: output/log/2026-08-10.log
[23:55:08][INFO][同步项目开发记录] 上传成功: output/sync_meta/sync_meta_4ae831e3-0263-4912-b1f5-379b2263c7ad.json
[23:55:13][INFO][同步项目开发记录] 上传成功: output/log/2026-08-10.log
[23:55:13][INFO][同步项目开发记录] 上传成功: output/sync_meta/sync_meta_4ae831e3-0263-4912-b1f5-379b2263c7ad.json
[23:55:18][INFO][同步项目开发记录] 上传成功: output/log/2026-08-10.log
[23:55:18][INFO][同步项目开发记录] 上传成功: output/sync_meta/sync_meta_4ae831e3-0263-4912-b1f5-379b2263c7ad.json
[23:55:23][INFO][同步项目开发记录] 上传成功: output/log/2026-08-10.log
[23:55:23][INFO][同步项目开发记录] 上传成功: output/sync_meta/sync_meta_4ae831e3-0263-4912-b1f5-379b2263c7ad.json
[23:55:28][INFO][同步项目开发记录] 上传成功: output/log/2026-08-10.log
[23:55:28][INFO][同步项目开发记录] 上传成功: output/sync_meta/sync_meta_4ae831e3-0263-4912-b1f5-379b2263c7ad.json
[23:55:33][INFO][同步项目开发记录] 上传成功: output/log/2026-08-10.log
[23:55:33][INFO][同步项目开发记录] 上传成功: output/sync_meta/sync_meta_4ae831e3-0263-4912-b1f5-379b2263c7ad.json
[23:55:38][INFO][同步项目开发记录] 上传成功: output/log/2026-08-10.log
[23:55:38][INFO][同步项目开发记录] 上传成功: output/sync_meta/sync_meta_4ae831e3-0263-4912-b1f5-379b2263c7ad.json
[23:55:43][INFO][同步项目开发记录] 上传成功: output/log/2026-08-10.log
[23:55:43][INFO][同步项目开发记录] 上传成功: output/sync_meta/sync_meta_4ae831e3-0263-4912-b1f5-379b2263c7ad.json
[23:55:48][INFO][同步项目开发记录] 上传成功: output/log/2026-08-10.log
[23:55:48][INFO][同步项目开发记录] 上传成功: output/sync_meta/sync_meta_4ae831e3-0263-4912-b1f5-379b2263c7ad.json
[23:55:53][INFO][同步项目开发记录] 上传成功: output/log/2026-08-10.log
[23:55:53][INFO][同步项目开发记录] 上传成功: output/sync_meta/sync_meta_4ae831e3-0263-4912-b1f5-379b2263c7ad.json
[23:55:58][INFO][同步项目开发记录] 上传成功: output/log/2026-08-10.log
[23:55:58][INFO][同步项目开发记录] 上传成功: output/sync_meta/sync_meta_4ae831e3-0263-4912-b1f5-379b2263c7ad.json
[23:56:03][INFO][同步项目开发记录] 上传成功: output/log/2026-08-10.log
[23:56:03][INFO][同步项目开发记录] 上传成功: output/sync_meta/sync_meta_4ae831e3-0263-4912-b1f5-379b2263c7ad.json
[23:56:08][INFO][同步项目开发记录] 上传成功: output/log/2026-08-10.log
[23:56:08][INFO][同步项目开发记录] 上传成功: output/sync_meta/sync_meta_4ae831e3-0263-4912-b1f5-379b2263c7ad.json
[23:56:13][INFO][同步项目开发记录] 上传成功: output/log/2026-08-10.log
[23:56:13][INFO][同步项目开发记录] 上传成功: output/sync_meta/sync_meta_4ae831e3-0263-4912-b1f5-379b2263c7ad.json
[23:56:18][INFO][同步项目开发记录] 上传成功: output/log/2026-08-10.log
[23:56:18][INFO][同步项目开发记录] 上传成功: output/sync_meta/sync_meta_4ae831e3-0263-4912-b1f5-379b2263c7ad.json
[23:56:23][INFO][同步项目开发记录] 上传成功: output/log/2026-08-10.log
[23:56:23][INFO][同步项目开发记录] 上传成功: output/sync_meta/sync_meta_4ae831e3-0263-4912-b1f5-379b2263c7ad.json
[23:56:28][INFO][同步项目开发记录] 上传成功: output/log/2026-08-10.log
[23:56:28][INFO][同步项目开发记录] 上传成功: output/sync_meta/sync_meta_4ae831e3-0263-4912-b1f5-379b2263c7ad.json
[23:56:33][INFO][同步项目开发记录] 上传成功: output/log/2026-08-10.log
[23:56:33][INFO][同步项目开发记录] 上传成功: output/sync_meta/sync_meta_4ae831e3-0263-4912-b1f5-379b2263c7ad.json
[23:56:38][INFO][同步项目开发记录] 上传成功: output/log/2026-08-10.log
[23:56:38][INFO][同步项目开发记录] 上传成功: output/sync_meta/sync_meta_4ae831e3-0263-4912-b1f5-379b2263c7ad.json
[23:56:43][INFO][同步项目开发记录] 上传成功: output/log/2026-08-10.log
[23:56:43][INFO][同步项目开发记录] 上传成功: output/sync_meta/sync_meta_4ae831e3-0263-4912-b1f5-379b2263c7ad.json
[23:56:48][INFO][同步项目开发记录] 上传成功: output/log/2026-08-10.log
[23:56:48][INFO][同步项目开发记录] 上传成功: output/sync_meta/sync_meta_4ae831e3-0263-4912-b1f5-379b2263c7ad.json
[23:56:53][INFO][同步项目开发记录] 上传成功: output/log/2026-08-10.log
[23:56:53][INFO][同步项目开发记录] 上传成功: output/sync_meta/sync_meta_4ae831e3-0263-4912-b1f5-379b2263c7ad.json
[23:56:58][INFO][同步项目开发记录] 上传成功: output/log/2026-08-10.log
[23:56:58][INFO][同步项目开发记录] 上传成功: output/sync_meta/sync_meta_4ae831e3-0263-4912-b1f5-379b2263c7ad.json
[23:57:03][INFO][同步项目开发记录] 上传成功: output/log/2026-08-10.log
[23:57:03][INFO][同步项目开发记录] 上传成功: output/sync_meta/sync_meta_4ae831e3-0263-4912-b1f5-379b2263c7ad.json
[23:57:08][INFO][同步项目开发记录] 上传成功: output/log/2026-08-10.log
[23:57:08][INFO][同步项目开发记录] 上传成功: output/sync_meta/sync_meta_4ae831e3-0263-4912-b1f5-379b2263c7ad.json
[23:57:13][INFO][同步项目开发记录] 上传成功: output/log/2026-08-10.log
[23:57:13][INFO][同步项目开发记录] 上传成功: output/sync_meta/sync_meta_4ae831e3-0263-4912-b1f5-379b2263c7ad.json
[23:57:18][INFO][同步项目开发记录] 上传成功: output/log/2026-08-10.log
[23:57:18][INFO][同步项目开发记录] 上传成功: output/sync_meta/sync_meta_4ae831e3-0263-4912-b1f5-379b2263c7ad.json
[23:57:23][INFO][同步项目开发记录] 上传成功: output/log/2026-08-10.log
[23:57:23][INFO][同步项目开发记录] 上传成功: output/sync_meta/sync_meta_4ae831e3-0263-4912-b1f5-379b2263c7ad.json
[23:57:28][INFO][同步项目开发记录] 上传成功: output/log/2026-08-10.log
[23:57:28][INFO][同步项目开发记录] 上传成功: output/sync_meta/sync_meta_4ae831e3-0263-4912-b1f5-379b2263c7ad.json
[23:57:33][INFO][同步项目开发记录] 上传成功: output/log/2026-08-10.log
[23:57:33][INFO][同步项目开发记录] 上传成功: output/sync_meta/sync_meta_4ae831e3-0263-4912-b1f5-379b2263c7ad.json
[23:57:38][INFO][同步项目开发记录] 上传成功: output/log/2026-08-10.log
[23:57:38][INFO][同步项目开发记录] 上传成功: output/sync_meta/sync_meta_4ae831e3-0263-4912-b1f5-379b2263c7ad.json
[23:57:43][INFO][同步项目开发记录] 上传成功: output/log/2026-08-10.log
[23:57:43][INFO][同步项目开发记录] 上传成功: output/sync_meta/sync_meta_4ae831e3-0263-4912-b1f5-379b2263c7ad.json
[23:57:48][INFO][同步项目开发记录] 上传成功: output/log/2026-08-10.log
[23:57:48][INFO][同步项目开发记录] 上传成功: output/sync_meta/sync_meta_4ae831e3-0263-4912-b1f5-379b2263c7ad.json
[23:57:53][INFO][同步项目开发记录] 上传成功: output/log/2026-08-10.log
[23:57:53][INFO][同步项目开发记录] 上传成功: output/sync_meta/sync_meta_4ae831e3-0263-4912-b1f5-379b2263c7ad.json
[23:57:58][INFO][同步项目开发记录] 上传成功: output/log/2026-08-10.log
[23:57:58][INFO][同步项目开发记录] 上传成功: output/sync_meta/sync_meta_4ae831e3-0263-4912-b1f5-379b2263c7ad.json
[23:58:03][INFO][同步项目开发记录] 上传成功: output/log/2026-08-10.log
[23:58:03][INFO][同步项目开发记录] 上传成功: output/sync_meta/sync_meta_4ae831e3-0263-4912-b1f5-379b2263c7ad.json
[23:58:08][INFO][同步项目开发记录] 上传成功: output/log/2026-08-10.log
[23:58:08][INFO][同步项目开发记录] 上传成功: output/sync_meta/sync_meta_4ae831e3-0263-4912-b1f5-379b2263c7ad.json
[23:58:13][INFO][同步项目开发记录] 上传成功: output/log/2026-08-10.log
[23:58:13][INFO][同步项目开发记录] 上传成功: output/sync_meta/sync_meta_4ae831e3-0263-4912-b1f5-379b2263c7ad.json
[23:58:18][INFO][同步项目开发记录] 上传成功: output/log/2026-08-10.log
[23:58:18][INFO][同步项目开发记录] 上传成功: output/sync_meta/sync_meta_4ae831e3-0263-4912-b1f5-379b2263c7ad.json
[23:58:23][INFO][同步项目开发记录] 上传成功: output/log/2026-08-10.log
[23:58:23][INFO][同步项目开发记录] 上传成功: output/sync_meta/sync_meta_4ae831e3-0263-4912-b1f5-379b2263c7ad.json
[23:58:28][INFO][同步项目开发记录] 上传成功: output/log/2026-08-10.log
[23:58:28][INFO][同步项目开发记录] 上传成功: output/sync_meta/sync_meta_4ae831e3-0263-4912-b1f5-379b2263c7ad.json
[23:58:33][INFO][同步项目开发记录] 上传成功: output/log/2026-08-10.log
[23:58:33][INFO][同步项目开发记录] 上传成功: output/sync_meta/sync_meta_4ae831e3-0263-4912-b1f5-379b2263c7ad.json
[23:58:38][INFO][同步项目开发记录] 上传成功: output/log/2026-08-10.log
[23:58:38][INFO][同步项目开发记录] 上传成功: output/sync_meta/sync_meta_4ae831e3-0263-4912-b1f5-379b2263c7ad.json
[23:58:43][INFO][同步项目开发记录] 上传成功: output/log/2026-08-10.log
[23:58:43][INFO][同步项目开发记录] 上传成功: output/sync_meta/sync_meta_4ae831e3-0263-4912-b1f5-379b2263c7ad.json
[23:58:48][INFO][同步项目开发记录] 上传成功: output/log/2026-08-10.log
[23:58:48][INFO][同步项目开发记录] 上传成功: output/sync_meta/sync_meta_4ae831e3-0263-4912-b1f5-379b2263c7ad.json
[23:58:53][INFO][同步项目开发记录] 上传成功: output/log/2026-08-10.log
[23:58:53][INFO][同步项目开发记录] 上传成功: output/sync_meta/sync_meta_4ae831e3-0263-4912-b1f5-379b2263c7ad.json
[23:58:58][INFO][同步项目开发记录] 上传成功: output/log/2026-08-10.log
[23:58:58][INFO][同步项目开发记录] 上传成功: output/sync_meta/sync_meta_4ae831e3-0263-4912-b1f5-379b2263c7ad.json
[23:59:03][INFO][同步项目开发记录] 上传成功: output/log/2026-08-10.log
[23:59:03][INFO][同步项目开发记录] 上传成功: output/sync_meta/sync_meta_4ae831e3-0263-4912-b1f5-379b2263c7ad.json
[23:59:08][INFO][同步项目开发记录] 上传成功: output/log/2026-08-10.log
[23:59:08][INFO][同步项目开发记录] 上传成功: output/sync_meta/sync_meta_4ae831e3-0263-4912-b1f5-379b2263c7ad.json
[23:59:13][INFO][同步项目开发记录] 上传成功: output/log/2026-08-10.log
[23:59:13][INFO][同步项目开发记录] 上传成功: output/sync_meta/sync_meta_4ae831e3-0263-4912-b1f5-379b2263c7ad.json
[23:59:18][INFO][同步项目开发记录] 上传成功: output/log/2026-08-10.log
[23:59:18][INFO][同步项目开发记录] 上传成功: output/sync_meta/sync_meta_4ae831e3-0263-4912-b1f5-379b2263c7ad.json
[23:59:23][INFO][同步项目开发记录] 上传成功: output/log/2026-08-10.log
[23:59:23][INFO][同步项目开发记录] 上传成功: output/sync_meta/sync_meta_4ae831e3-0263-4912-b1f5-379b2263c7ad.json
[23:59:28][INFO][同步项目开发记录] 上传成功: output/log/2026-08-10.log
[23:59:28][INFO][同步项目开发记录] 上传成功: output/sync_meta/sync_meta_4ae831e3-0263-4912-b1f5-379b2263c7ad.json
[23:59:33][INFO][同步项目开发记录] 上传成功: output/log/2026-08-10.log
[23:59:33][INFO][同步项目开发记录] 上传成功: output/sync_meta/sync_meta_4ae831e3-0263-4912-b1f5-379b2263c7ad.json
[23:59:38][INFO][同步项目开发记录] 上传成功: output/log/2026-08-10.log
[23:59:38][INFO][同步项目开发记录] 上传成功: output/sync_meta/sync_meta_4ae831e3-0263-4912-b1f5-379b2263c7ad.json
[23:59:43][INFO][同步项目开发记录] 上传成功: output/log/2026-08-10.log
[23:59:43][INFO][同步项目开发记录] 上传成功: output/sync_meta/sync_meta_4ae831e3-0263-4912-b1f5-379b2263c7ad.json
[23:59:48][INFO][同步项目开发记录] 上传成功: output/log/2026-08-10.log
[23:59:48][INFO][同步项目开发记录] 上传成功: output/sync_meta/sync_meta_4ae831e3-0263-4912-b1f5-379b2263c7ad.json
[23:59:53][INFO][同步项目开发记录] 上传成功: output/log/2026-08-10.log
[23:59:53][INFO][同步项目开发记录] 上传成功: output/sync_meta/sync_meta_4ae831e3-0263-4912-b1f5-379b2263c7ad.json
[23:59:58][INFO][同步项目开发记录] 上传成功: output/log/2026-08-10.log
[23:59:58][INFO][同步项目开发记录] 上传成功: output/sync_meta/sync_meta_4ae831e3-0263-4912-b1f5-379b2263c7ad.json
